dataset,dim,random_state,simulation_num,method,metric1,metric2,replications,samples_per_replication,final_samples_per_replication,fidelity_weight,smoothing_mu,configured_epochs,epochs_ran,batch_size,steps_ran,optimizer,initial_checkpoint_sha256,ipa_gradient_variance_trace,ipa_gradient_variance_mean_per_parameter,ipa_gradient_std_norm,ipa_gradient_mean_norm,ipa_gradient_relative_variance,ipa_gradient_loss_mean,ipa_gradient_loss_variance,gradient_variance_repeats,gradient_variance_batch_size,gradient_variance_replications,gradient_variance_samples_per_replication,gradient_variance_seed,gradient_parameter_count,weighted_ipa_gradient_variance_trace,ipa_gradient_weight,ipa_batched_gradient_variance,weighted_ipa_batched_gradient_variance
van_havre,4,82,1,rseto_ipa_R1,256.6493225097656,188.0511932373047,1.0,128.0,137.0,0.5,0.05,50,50,64,9050,projected_sgd,9eb1cafe779333f55638d519c721a0fe9fb4960a6a326bbfe427447f6ea2be39,0.4744620323181152,1.574193811393343e-05,0.6888120174407959,1.4395530223846436,0.2289528995752334,4.047998607158661,0.0001024433666795,8.0,16.0,1.0,137.0,30082.0,30140.0,0.1186155080795288,0.5,0.4744620323181152,0.1186155080795288
van_havre,4,82,4,rseto_ipa_R4,256.6332702636719,189.98898315429688,4.0,128.0,137.0,0.5,0.05,50,50,64,9050,projected_sgd,9eb1cafe779333f55638d519c721a0fe9fb4960a6a326bbfe427447f6ea2be39,0.0772458910942077,2.562902864156058e-06,0.2779314517974853,1.4140888452529907,0.03862976282835,4.047027349472046,3.876367541774276e-05,8.0,16.0,4.0,137.0,30082.0,30140.0,0.0193114727735519,0.5,0.0772458910942077,0.0193114727735519
van_havre,4,82,16,rseto_ipa_R16,256.6460876464844,188.3716735839844,16.0,128.0,137.0,0.5,0.05,50,50,64,9050,projected_sgd,9eb1cafe779333f55638d519c721a0fe9fb4960a6a326bbfe427447f6ea2be39,0.0080902129411697,2.68421132432195e-07,0.0899456143379211,1.385690450668335,0.0042133498936891,4.049321889877319,2.5993012319044543e-06,8.0,16.0,16.0,137.0,30082.0,30140.0,0.0020225532352924,0.5,0.0080902129411697,0.0020225532352924
van_havre,4,82,64,rseto_ipa_R64,256.6585693359375,188.546142578125,64.0,128.0,137.0,0.5,0.05,50,50,64,9050,projected_sgd,9eb1cafe779333f55638d519c721a0fe9fb4960a6a326bbfe427447f6ea2be39,0.0021397189702838,7.099266952081963e-08,0.046257097274065,1.4535716772079468,0.0010127071291208,4.048471808433533,5.626200325942981e-07,8.0,16.0,64.0,137.0,30082.0,30140.0,0.0005349297425709,0.5,0.0021397189702838,0.0005349297425709
van_havre,4,82,256,rseto_ipa_R256,256.6413269042969,188.6280212402344,256.0,128.0,137.0,0.5,0.05,50,50,64,9050,projected_sgd,9eb1cafe779333f55638d519c721a0fe9fb4960a6a326bbfe427447f6ea2be39,0.0010802332544699,3.584051810889832e-08,0.0328669026494026,1.3718199729919434,0.0005740150809288,4.050535976886749,1.8177160703609326e-07,8.0,16.0,256.0,137.0,30082.0,30140.0,0.0002700583136174,0.5,0.0010802332544699,0.0002700583136174
van_havre,4,15,1,rseto_ipa_R1,305.3258056640625,167.09376525878906,1.0,128.0,137.0,0.5,0.05,50,50,64,9050,projected_sgd,9aad1c62a5ad56d1fc62858bdd0480fc0cf1d9b3a7c5bd53759903a2c5d0d835,0.3099365830421448,1.028323094942607e-05,0.5567194819450378,2.1669888496398926,0.0660023689270019,3.8941245675086975,0.0003232079166853,8.0,16.0,1.0,137.0,30015.0,30140.0,0.0774841457605362,0.5,0.3099365830421448,0.0774841457605362
van_havre,4,15,4,rseto_ipa_R4,305.86248779296875,169.35305786132812,4.0,128.0,137.0,0.5,0.05,50,50,64,9050,projected_sgd,9aad1c62a5ad56d1fc62858bdd0480fc0cf1d9b3a7c5bd53759903a2c5d0d835,0.0094917966052889,3.149235681121354e-07,0.0974258482456207,1.9190109968185425,0.0025774692185223,3.892868101596832,7.530248762626408e-05,8.0,16.0,4.0,137.0,30015.0,30140.0,0.0023729491513222,0.5,0.0094917966052889,0.0023729491513222
van_havre,4,15,16,rseto_ipa_R16,306.39996337890625,168.57797241210938,16.0,128.0,137.0,0.5,0.05,50,50,64,9050,projected_sgd,9aad1c62a5ad56d1fc62858bdd0480fc0cf1d9b3a7c5bd53759903a2c5d0d835,0.0043852445669472,1.454958322710809e-07,0.0662211775779724,1.9828096628189087,0.0011154029052704,3.8848492205142975,1.2625493711076225e-05,8.0,16.0,16.0,137.0,30015.0,30140.0,0.0010963111417368,0.5,0.0043852445669472,0.0010963111417368
van_havre,4,15,64,rseto_ipa_R64,306.1499328613281,169.65866088867188,64.0,128.0,137.0,0.5,0.05,50,50,64,9050,projected_sgd,9aad1c62a5ad56d1fc62858bdd0480fc0cf1d9b3a7c5bd53759903a2c5d0d835,0.0045395791530609,1.506164295506096e-07,0.067376397550106,1.9650640487670896,0.0011756069725379,3.889689654111862,6.145501782636334e-06,8.0,16.0,64.0,137.0,30015.0,30140.0,0.0011348947882652,0.5,0.0045395791530609,0.0011348947882652
van_havre,4,15,256,rseto_ipa_R256,305.8952331542969,169.04229736328125,256.0,128.0,137.0,0.5,0.05,50,50,64,9050,projected_sgd,9aad1c62a5ad56d1fc62858bdd0480fc0cf1d9b3a7c5bd53759903a2c5d0d835,0.0009366033482365,3.1075096273980314e-08,0.030603976920247,1.9165376424789429,0.0002549887285567,3.893275797367096,2.0115528635804888e-06,8.0,16.0,256.0,137.0,30015.0,30140.0,0.0002341508370591,0.5,0.0009366033482365,0.0002341508370591
van_havre,4,4,1,rseto_ipa_R1,319.8372802734375,153.89913940429688,1.0,128.0,137.0,0.5,0.05,50,50,64,9050,projected_sgd,7b7e2caf73a71b7a385c83240c2e3d033132807aea291515c4fa2f2eacef18df,5.28572940826416,0.0001753725809976,2.2990713119506836,3.7301745414733887,0.3798801898956299,3.4389424920082092,0.0011600004613967,8.0,16.0,1.0,137.0,30004.0,30140.0,1.32143235206604,0.5,5.28572940826416,1.32143235206604
van_havre,4,4,4,rseto_ipa_R4,320.5777587890625,154.35317993164062,4.0,128.0,137.0,0.5,0.05,50,50,64,9050,projected_sgd,7b7e2caf73a71b7a385c83240c2e3d033132807aea291515c4fa2f2eacef18df,0.8933897018432617,2.9641330911545083e-05,0.9451929330825806,3.5323188304901123,0.0716013386845588,3.438795506954193,0.0002357653302941,8.0,16.0,4.0,137.0,30004.0,30140.0,0.2233474254608154,0.5,0.8933897018432617,0.2233474254608154
van_havre,4,4,16,rseto_ipa_R16,319.6518249511719,154.04934692382812,16.0,128.0,137.0,0.5,0.05,50,50,64,9050,projected_sgd,7b7e2caf73a71b7a385c83240c2e3d033132807aea291515c4fa2f2eacef18df,0.2709956467151642,8.9912291514338e-06,0.5205724239349365,3.4053375720977783,0.0233690999448299,3.4541772603988647,7.891413924556088e-05,8.0,16.0,16.0,137.0,30004.0,30140.0,0.067748911678791,0.5,0.2709956467151642,0.067748911678791
van_havre,4,4,64,rseto_ipa_R64,319.8693542480469,154.573974609375,64.0,128.0,137.0,0.5,0.05,50,50,64,9050,projected_sgd,7b7e2caf73a71b7a385c83240c2e3d033132807aea291515c4fa2f2eacef18df,0.0251833815127611,8.355468139598088e-07,0.1586927324533462,3.387517213821411,0.0021945780608803,3.451022148132324,6.777554956118235e-06,8.0,16.0,64.0,137.0,30004.0,30140.0,0.0062958453781902,0.5,0.0251833815127611,0.0062958453781902
van_havre,4,4,256,rseto_ipa_R256,320.2323303222656,154.53475952148438,256.0,128.0,137.0,0.5,0.05,50,50,64,9050,projected_sgd,7b7e2caf73a71b7a385c83240c2e3d033132807aea291515c4fa2f2eacef18df,0.014173936098814,4.7026995275700756e-07,0.119054339826107,3.416926145553589,0.0012140017934143,3.4439779222011566,5.019802528189692e-06,8.0,16.0,256.0,137.0,30004.0,30140.0,0.0035434840247035,0.5,0.014173936098814,0.0035434840247035
van_havre,4,95,1,rseto_ipa_R1,312.283447265625,189.0105743408203,1.0,128.0,137.0,0.5,0.05,50,50,64,9050,projected_sgd,78f76e4659e1c3d2d2885f41d0eb97094976fe4750ea51fcd8d42dd97f6e5104,2.4257190227508545,8.048171730479226e-05,1.5574719905853271,4.540731430053711,0.1176491752266883,3.684589684009552,0.0021097701225625,8.0,16.0,1.0,137.0,30095.0,30140.0,0.6064297556877136,0.5,2.4257190227508545,0.6064297556877136
van_havre,4,95,4,rseto_ipa_R4,315.3334655761719,186.4306640625,4.0,128.0,137.0,0.5,0.05,50,50,64,9050,projected_sgd,78f76e4659e1c3d2d2885f41d0eb97094976fe4750ea51fcd8d42dd97f6e5104,0.473891019821167,1.57229933392955e-05,0.6883974075317383,5.525577068328857,0.0155211240053176,3.596161037683487,0.0005557934033331,8.0,16.0,4.0,137.0,30095.0,30140.0,0.1184727549552917,0.5,0.473891019821167,0.1184727549552917
van_havre,4,95,16,rseto_ipa_R16,314.11248779296875,187.6838836669922,16.0,128.0,137.0,0.5,0.05,50,50,64,9050,projected_sgd,78f76e4659e1c3d2d2885f41d0eb97094976fe4750ea51fcd8d42dd97f6e5104,0.1351886987686157,4.485358203965006e-06,0.367680162191391,5.287295818328857,0.0048358542844653,3.6261819899082184,0.0001895933738741,8.0,16.0,16.0,137.0,30095.0,30140.0,0.0337971746921539,0.5,0.1351886987686157,0.0337971746921539
van_havre,4,95,64,rseto_ipa_R64,317.2219543457031,188.7886199951172,64.0,128.0,137.0,0.5,0.05,50,50,64,9050,projected_sgd,78f76e4659e1c3d2d2885f41d0eb97094976fe4750ea51fcd8d42dd97f6e5104,0.0403560623526573,1.3389536661634338e-06,0.2008881866931915,6.000879764556885,0.0011206730268895,3.5683895647525787,3.69488411696547e-05,8.0,16.0,64.0,137.0,30095.0,30140.0,0.0100890155881643,0.5,0.0403560623526573,0.0100890155881643
van_havre,4,95,256,rseto_ipa_R256,317.0357360839844,189.1551055908203,256.0,128.0,137.0,0.5,0.05,50,50,64,9050,projected_sgd,78f76e4659e1c3d2d2885f41d0eb97094976fe4750ea51fcd8d42dd97f6e5104,0.0109334215521812,3.6275451975598116e-07,0.1045630052685737,6.011388778686523,0.0003025564947165,3.57409930229187,9.016660555971612e-06,8.0,16.0,256.0,137.0,30095.0,30140.0,0.0027333553880453,0.5,0.0109334215521812,0.0027333553880453
van_havre,4,36,1,rseto_ipa_R1,284.2349853515625,152.20106506347656,1.0,128.0,137.0,0.5,0.05,50,50,64,9050,projected_sgd,c15030643543841d4a8db666e6c0621334405f908e70f2724ae9e5a9765cc01d,61.71781921386719,0.0020477047655731,7.856069087982178,16.254419326782227,0.2335971891880035,18.860277891159058,0.1199523478997304,8.0,16.0,1.0,137.0,30036.0,30140.0,15.429454803466797,0.5,61.71781921386719,15.429454803466797
van_havre,4,36,4,rseto_ipa_R4,284.837158203125,153.41537475585938,4.0,128.0,137.0,0.5,0.05,50,50,64,9050,projected_sgd,c15030643543841d4a8db666e6c0621334405f908e70f2724ae9e5a9765cc01d,22.859708786010746,0.0007584508275613,4.781182765960693,13.509599685668944,0.1252523064613342,18.684801816940308,0.0273712886118378,8.0,16.0,4.0,137.0,30036.0,30140.0,5.7149271965026855,0.5,22.859708786010746,5.7149271965026855
van_havre,4,36,16,rseto_ipa_R16,284.4351501464844,156.03811645507812,16.0,128.0,137.0,0.5,0.05,50,50,64,9050,projected_sgd,c15030643543841d4a8db666e6c0621334405f908e70f2724ae9e5a9765cc01d,12.347505569458008,0.0004096717166248,3.513901710510254,13.15381908416748,0.0713633969426155,18.665675163269043,0.0024860818853734,8.0,16.0,16.0,137.0,30036.0,30140.0,3.086876392364502,0.5,12.347505569458008,3.086876392364502
van_havre,4,36,64,rseto_ipa_R64,284.8516845703125,153.90769958496094,64.0,128.0,137.0,0.5,0.05,50,50,64,9050,projected_sgd,c15030643543841d4a8db666e6c0621334405f908e70f2724ae9e5a9765cc01d,1.178504228591919,3.9101003494579345e-05,1.0855892896652222,13.542253494262695,0.006426126230508,18.677587270736694,0.0017147168945744,8.0,16.0,64.0,137.0,30036.0,30140.0,0.2946260571479797,0.5,1.178504228591919,0.2946260571479797
van_havre,4,36,256,rseto_ipa_R256,284.819580078125,154.56564331054688,256.0,128.0,137.0,0.5,0.05,50,50,64,9050,projected_sgd,c15030643543841d4a8db666e6c0621334405f908e70f2724ae9e5a9765cc01d,0.326198935508728,1.0822791409736963e-05,0.5711382627487183,13.70156478881836,0.0017375695751979,18.690474033355713,0.0006145754042725,8.0,16.0,256.0,137.0,30036.0,30140.0,0.081549733877182,0.5,0.326198935508728,0.081549733877182
van_havre,4,32,1,rseto_ipa_R1,278.1440734863281,168.62158203125,1.0,128.0,137.0,0.5,0.05,50,50,64,9050,projected_sgd,d5901b2c3c3d992b5c347bd1114d8242fffb989fc7e0d1798453a3132763db63,0.041056640446186,1.3621977359434825e-06,0.2026243805885315,1.94455087184906,0.010857873596251,3.653318852186203,3.510502636925951e-05,8.0,16.0,1.0,137.0,30032.0,30140.0,0.0102641601115465,0.5,0.041056640446186,0.0102641601115465
van_havre,4,32,4,rseto_ipa_R4,278.1806640625,167.70216369628906,4.0,128.0,137.0,0.5,0.05,50,50,64,9050,projected_sgd,d5901b2c3c3d992b5c347bd1114d8242fffb989fc7e0d1798453a3132763db63,0.0735977739095687,2.4418636712653097e-06,0.2712891101837158,2.1081674098968506,0.0165597759187221,3.649854838848114,9.384136818977951e-06,8.0,16.0,4.0,137.0,30032.0,30140.0,0.0183994434773921,0.5,0.0735977739095687,0.0183994434773921
van_havre,4,32,16,rseto_ipa_R16,278.1894836425781,166.82810974121094,16.0,128.0,137.0,0.5,0.05,50,50,64,9050,projected_sgd,d5901b2c3c3d992b5c347bd1114d8242fffb989fc7e0d1798453a3132763db63,0.0180636420845985,5.993245508761902e-07,0.1344010531902313,2.0841493606567383,0.0041586048901081,3.6500108540058136,8.422447770328745e-06,8.0,16.0,16.0,137.0,30032.0,30140.0,0.0045159105211496,0.5,0.0180636420845985,0.0045159105211496
van_havre,4,32,64,rseto_ipa_R64,278.0745849609375,168.308837890625,64.0,128.0,137.0,0.5,0.05,50,50,64,9050,projected_sgd,d5901b2c3c3d992b5c347bd1114d8242fffb989fc7e0d1798453a3132763db63,0.0036731692962348,1.218702436744934e-07,0.0606066770851612,2.1068897247314453,0.0008274797582998,3.651833444833755,3.239744523446981e-07,8.0,16.0,64.0,137.0,30032.0,30140.0,0.0009182923240587,0.5,0.0036731692962348,0.0009182923240587
van_havre,4,32,256,rseto_ipa_R256,278.1542663574219,168.00709533691406,256.0,128.0,137.0,0.5,0.05,50,50,64,9050,projected_sgd,d5901b2c3c3d992b5c347bd1114d8242fffb989fc7e0d1798453a3132763db63,0.0013914229348301,4.6165325784386375e-08,0.0373017825186252,2.0987792015075684,0.000315882556606,3.650785356760025,1.0837533983882558e-06,8.0,16.0,256.0,137.0,30032.0,30140.0,0.0003478557337075,0.5,0.0013914229348301,0.0003478557337075
van_havre,4,29,1,rseto_ipa_R1,312.8349304199219,158.97120666503906,1.0,128.0,137.0,0.5,0.05,50,50,64,9050,projected_sgd,3e39b6de17e4e080040a7b701168cc86fe66b51f5ba928609afedac82929b310,0.10841054469347,3.596899205149384e-06,0.3292575776576996,3.5581319332122803,0.0085630295798182,3.492160350084305,0.0008758034348283,8.0,16.0,1.0,137.0,30029.0,30140.0,0.0271026361733675,0.5,0.10841054469347,0.0271026361733675
van_havre,4,29,4,rseto_ipa_R4,318.550048828125,158.48049926757812,4.0,128.0,137.0,0.5,0.05,50,50,64,9050,projected_sgd,3e39b6de17e4e080040a7b701168cc86fe66b51f5ba928609afedac82929b310,0.0312386490404605,1.0364515219407622e-06,0.1767445802688598,3.2294468879699707,0.0029952698387205,3.4533614218235016,0.000148640068004,8.0,16.0,4.0,137.0,30029.0,30140.0,0.0078096622601151,0.5,0.0312386490404605,0.0078096622601151
van_havre,4,29,16,rseto_ipa_R16,313.12945556640625,159.0460662841797,16.0,128.0,137.0,0.5,0.05,50,50,64,9050,projected_sgd,3e39b6de17e4e080040a7b701168cc86fe66b51f5ba928609afedac82929b310,0.0121823800727725,4.041930878884159e-07,0.110373817384243,3.397106885910034,0.0010556349297985,3.48035192489624,5.16113946754818e-05,8.0,16.0,16.0,137.0,30029.0,30140.0,0.0030455950181931,0.5,0.0121823800727725,0.0030455950181931
van_havre,4,29,64,rseto_ipa_R64,314.90283203125,158.81195068359375,64.0,128.0,137.0,0.5,0.05,50,50,64,9050,projected_sgd,3e39b6de17e4e080040a7b701168cc86fe66b51f5ba928609afedac82929b310,0.0030025530140846,9.962020897091861e-08,0.0547955557703971,3.367189407348633,0.0002648229128681,3.4681529104709625,1.0729414919450975e-05,8.0,16.0,64.0,137.0,30029.0,30140.0,0.0007506382535211,0.5,0.0030025530140846,0.0007506382535211
van_havre,4,29,256,rseto_ipa_R256,315.3663330078125,158.608154296875,256.0,128.0,137.0,0.5,0.05,50,50,64,9050,projected_sgd,3e39b6de17e4e080040a7b701168cc86fe66b51f5ba928609afedac82929b310,0.0009470938821323,3.142315563309239e-08,0.0307748895138502,3.3845419883728027,8.267862722277641e-05,3.464021384716034,3.239161267336905e-06,8.0,16.0,256.0,137.0,30029.0,30140.0,0.000236773470533,0.5,0.0009470938821323,0.000236773470533
van_havre,4,18,1,rseto_ipa_R1,303.5260009765625,154.05563354492188,1.0,128.0,137.0,0.5,0.05,50,50,64,9050,projected_sgd,b30e1babd83d63a26b77f1622fe0c348dc64dcd77977229559a4562297ae76f9,0.34709632396698,1.151613560068654e-05,0.5891488194465637,3.622639417648315,0.0264484249055385,3.2861735224723816,0.0011271887032039,8.0,16.0,1.0,137.0,30018.0,30140.0,0.086774080991745,0.5,0.34709632396698,0.086774080991745
van_havre,4,18,4,rseto_ipa_R4,303.6781311035156,154.11422729492188,4.0,128.0,137.0,0.5,0.05,50,50,64,9050,projected_sgd,b30e1babd83d63a26b77f1622fe0c348dc64dcd77977229559a4562297ae76f9,0.0626381039619445,2.0782383671758e-06,0.2502760589122772,3.745612382888794,0.0044647068716585,3.271995037794113,0.000202248232336,8.0,16.0,4.0,137.0,30018.0,30140.0,0.0156595259904861,0.5,0.0626381039619445,0.0156595259904861
van_havre,4,18,16,rseto_ipa_R16,303.5602722167969,154.38009643554688,16.0,128.0,137.0,0.5,0.05,50,50,64,9050,projected_sgd,b30e1babd83d63a26b77f1622fe0c348dc64dcd77977229559a4562297ae76f9,0.0209261216223239,6.942973413970321e-07,0.1446586400270462,3.781546115875244,0.0014633557293564,3.268133223056793,4.864294228923427e-05,8.0,16.0,16.0,137.0,30018.0,30140.0,0.0052315304055809,0.5,0.0209261216223239,0.0052315304055809
van_havre,4,18,64,rseto_ipa_R64,303.5163269042969,154.2084197998047,64.0,128.0,137.0,0.5,0.05,50,50,64,9050,projected_sgd,b30e1babd83d63a26b77f1622fe0c348dc64dcd77977229559a4562297ae76f9,0.009184842929244,3.04739302237067e-07,0.0958375856280326,3.7961912155151367,0.0006373464711941,3.2697054743766785,9.48584978540826e-06,8.0,16.0,64.0,137.0,30018.0,30140.0,0.002296210732311,0.5,0.009184842929244,0.002296210732311
van_havre,4,18,256,rseto_ipa_R256,303.4659729003906,154.07334899902344,256.0,128.0,137.0,0.5,0.05,50,50,64,9050,projected_sgd,b30e1babd83d63a26b77f1622fe0c348dc64dcd77977229559a4562297ae76f9,0.0045614428818225,1.513418368404018e-07,0.0675384551286697,3.772876739501953,0.0003204476088285,3.269684135913849,6.8180336703400305e-06,8.0,16.0,256.0,137.0,30018.0,30140.0,0.0011403607204556,0.5,0.0045614428818225,0.0011403607204556
van_havre,4,14,1,rseto_ipa_R1,287.97015380859375,171.97125244140625,1.0,128.0,137.0,0.5,0.05,50,50,64,9050,projected_sgd,30c1607e9c61ee54818777568e3949928a94d9503ceec9ad92606329be6d6f55,0.0207943394780159,6.899250024616776e-07,0.1442024260759353,1.7122526168823242,0.0070926644839346,3.801662802696228,6.046289885424423e-05,8.0,16.0,1.0,137.0,30014.0,30140.0,0.0051985848695039,0.5,0.0207943394780159,0.0051985848695039
van_havre,4,14,4,rseto_ipa_R4,287.9752502441406,171.82830810546875,4.0,128.0,137.0,0.5,0.05,50,50,64,9050,projected_sgd,30c1607e9c61ee54818777568e3949928a94d9503ceec9ad92606329be6d6f55,0.0020736900623887,6.880192415792409e-08,0.0455377884209156,1.6538983583450315,0.0007580995443277,3.806084990501404,7.522057379511742e-06,8.0,16.0,4.0,137.0,30014.0,30140.0,0.0005184225155971,0.5,0.0020736900623887,0.0005184225155971
van_havre,4,14,16,rseto_ipa_R16,288.0516357421875,171.74826049804688,16.0,128.0,137.0,0.5,0.05,50,50,64,9050,projected_sgd,30c1607e9c61ee54818777568e3949928a94d9503ceec9ad92606329be6d6f55,0.0004968055291101,1.6483262754718453e-08,0.0222891345620155,1.6731531620025637,0.0001774659613147,3.804054319858551,6.4359343850485724e-06,8.0,16.0,16.0,137.0,30014.0,30140.0,0.0001242013822775,0.5,0.0004968055291101,0.0001242013822775
van_havre,4,14,64,rseto_ipa_R64,288.06683349609375,171.80056762695312,64.0,128.0,137.0,0.5,0.05,50,50,64,9050,projected_sgd,30c1607e9c61ee54818777568e3949928a94d9503ceec9ad92606329be6d6f55,0.0003579085168894,1.187486819986816e-08,0.0189184695482254,1.6549252271652222,0.0001306818448938,3.8046470880508423,2.275612977038171e-06,8.0,16.0,64.0,137.0,30014.0,30140.0,8.947712922235951e-05,0.5,0.0003579085168894,8.947712922235951e-05
van_havre,4,14,256,rseto_ipa_R256,288.09625244140625,171.57763671875,256.0,128.0,137.0,0.5,0.05,50,50,64,9050,projected_sgd,30c1607e9c61ee54818777568e3949928a94d9503ceec9ad92606329be6d6f55,6.963971827644855e-05,2.310541313832459e-09,0.008345041424036,1.67191481590271,2.4913153538363982e-05,3.804080188274383,4.142376732423665e-07,8.0,16.0,256.0,137.0,30014.0,30140.0,1.7409929569112137e-05,0.5,6.963971827644855e-05,1.7409929569112137e-05
van_havre,4,87,1,rseto_ipa_R1,272.1728210449219,167.10037231445312,1.0,128.0,137.0,0.5,0.05,50,50,64,9050,projected_sgd,df256ef83b1b901a2ea72a4cbd34b84ce1ac5d13cad65ddc7ad59bbb13fb932b,1.2631596326828003,4.190974141238257e-05,1.123903751373291,2.322584629058838,0.2341613173484802,3.658652365207672,0.0002386561311555,8.0,16.0,1.0,137.0,30087.0,30140.0,0.3157899081707001,0.5,1.2631596326828003,0.3157899081707001
van_havre,4,87,4,rseto_ipa_R4,272.0473937988281,167.29705810546875,4.0,128.0,137.0,0.5,0.05,50,50,64,9050,projected_sgd,df256ef83b1b901a2ea72a4cbd34b84ce1ac5d13cad65ddc7ad59bbb13fb932b,0.0453473702073097,1.5045577583805423e-06,0.2129492163658142,2.009279727935791,0.0112323686480522,3.6642519533634186,0.0001406785873661,8.0,16.0,4.0,137.0,30087.0,30140.0,0.0113368425518274,0.5,0.0453473702073097,0.0113368425518274
van_havre,4,87,16,rseto_ipa_R16,272.09393310546875,167.53176879882812,16.0,128.0,137.0,0.5,0.05,50,50,64,9050,projected_sgd,df256ef83b1b901a2ea72a4cbd34b84ce1ac5d13cad65ddc7ad59bbb13fb932b,0.0132268033921718,4.388454897252814e-07,0.1150078400969505,2.013895034790039,0.003261228557676,3.66509661078453,3.148538980468629e-05,8.0,16.0,16.0,137.0,30087.0,30140.0,0.0033067008480429,0.5,0.0132268033921718,0.0033067008480429
van_havre,4,87,64,rseto_ipa_R64,272.04400634765625,167.72509765625,64.0,128.0,137.0,0.5,0.05,50,50,64,9050,projected_sgd,df256ef83b1b901a2ea72a4cbd34b84ce1ac5d13cad65ddc7ad59bbb13fb932b,0.00672970386222,2.2328147508687834e-07,0.0820347741246223,1.9711875915527344,0.0017319688340649,3.665989309549332,7.154853342683509e-06,8.0,16.0,64.0,137.0,30087.0,30140.0,0.001682425965555,0.5,0.00672970386222,0.001682425965555
van_havre,4,87,256,rseto_ipa_R256,272.0490417480469,167.45741271972656,256.0,128.0,137.0,0.5,0.05,50,50,64,9050,projected_sgd,df256ef83b1b901a2ea72a4cbd34b84ce1ac5d13cad65ddc7ad59bbb13fb932b,0.0016057436587288,5.327616747763386e-08,0.0400717295706272,1.9810023307800293,0.000409172323998,3.664781868457794,2.281506234729542e-07,8.0,16.0,256.0,137.0,30087.0,30140.0,0.0004014359146822,0.5,0.0016057436587288,0.0004014359146822
van_havre,9,82,1,rseto_ipa_R1,281.8588562011719,193.79673767089844,1.0,128.0,137.0,0.5,0.05,50,50,64,9050,projected_sgd,b02cbb333fcb357b46bb08288a7f4a450b5883f5c8c928e26c08b6bba9238aa6,0.776707112789154,2.4720149667700753e-05,0.8813098669052124,2.4219343662261963,0.1324135959148407,3.5658147633075714,0.0007394006893497,8.0,16.0,1.0,137.0,30082.0,31420.0,0.1941767781972885,0.5,0.776707112789154,0.1941767781972885
van_havre,9,82,4,rseto_ipa_R4,281.9407653808594,191.7129364013672,4.0,128.0,137.0,0.5,0.05,50,50,64,9050,projected_sgd,b02cbb333fcb357b46bb08288a7f4a450b5883f5c8c928e26c08b6bba9238aa6,0.1700765341520309,5.413002327259164e-06,0.4124033749103546,2.6109633445739746,0.0249484088271856,3.5627807676792145,0.0002257296207994,8.0,16.0,4.0,137.0,30082.0,31420.0,0.0425191335380077,0.5,0.1700765341520309,0.0425191335380077
van_havre,9,82,16,rseto_ipa_R16,281.8492431640625,189.07171630859375,16.0,128.0,137.0,0.5,0.05,50,50,64,9050,projected_sgd,b02cbb333fcb357b46bb08288a7f4a450b5883f5c8c928e26c08b6bba9238aa6,0.0677724331617355,2.156983782697353e-06,0.260331392288208,1.958968997001648,0.0176602937281131,3.5771775245666504,1.3308645082231254e-05,8.0,16.0,16.0,137.0,30082.0,31420.0,0.0169431082904338,0.5,0.0677724331617355,0.0169431082904338
van_havre,9,82,64,rseto_ipa_R64,281.81640625,191.2646484375,64.0,128.0,137.0,0.5,0.05,50,50,64,9050,projected_sgd,b02cbb333fcb357b46bb08288a7f4a450b5883f5c8c928e26c08b6bba9238aa6,0.0068663163110613,2.185333016768709e-07,0.0828632414340972,2.115985631942749,0.0015335513744503,3.5755219161510468,1.8982688944544992e-06,8.0,16.0,64.0,137.0,30082.0,31420.0,0.0017165790777653,0.5,0.0068663163110613,0.0017165790777653
van_havre,9,82,256,rseto_ipa_R256,281.8096618652344,191.2200927734375,256.0,128.0,137.0,0.5,0.05,50,50,64,9050,projected_sgd,b02cbb333fcb357b46bb08288a7f4a450b5883f5c8c928e26c08b6bba9238aa6,0.0014025657437741,4.463926472908497e-08,0.0374508425593376,2.1134555339813232,0.0003140053304377,3.576017409563065,7.593247742322871e-07,8.0,16.0,256.0,137.0,30082.0,31420.0,0.0003506414359435,0.5,0.0014025657437741,0.0003506414359435
van_havre,9,15,1,rseto_ipa_R1,259.2853698730469,163.1715545654297,1.0,128.0,137.0,0.5,0.05,50,50,64,9050,projected_sgd,6fcd0e875758a965a12358f11770b2d0fa16670cbcccfcd527b153b7901a5c38,275.4320068359375,0.0087661361321806,16.59614372253418,18.69626235961914,0.7879611849784851,16.782705545425415,0.3777916423001833,8.0,16.0,1.0,137.0,30015.0,31420.0,68.85800170898438,0.5,275.4320068359375,68.85800170898438
van_havre,9,15,4,rseto_ipa_R4,259.274169921875,163.01100158691406,4.0,128.0,137.0,0.5,0.05,50,50,64,9050,projected_sgd,6fcd0e875758a965a12358f11770b2d0fa16670cbcccfcd527b153b7901a5c38,330.65673828125,0.0105237662792205,18.183969497680664,23.386798858642575,0.604555070400238,16.70629620552063,0.2987388883359147,8.0,16.0,4.0,137.0,30015.0,31420.0,82.6641845703125,0.5,330.65673828125,82.6641845703125
van_havre,9,15,16,rseto_ipa_R16,259.2777404785156,163.1215362548828,16.0,128.0,137.0,0.5,0.05,50,50,64,9050,projected_sgd,6fcd0e875758a965a12358f11770b2d0fa16670cbcccfcd527b153b7901a5c38,144.5184326171875,0.0045995679683983,12.021581649780272,28.07198715209961,0.1833905428647995,17.076035499572754,0.0449232450565822,8.0,16.0,16.0,137.0,30015.0,31420.0,36.129608154296875,0.5,144.5184326171875,36.129608154296875
van_havre,9,15,64,rseto_ipa_R64,259.2802734375,163.1082305908203,64.0,128.0,137.0,0.5,0.05,50,50,64,9050,projected_sgd,6fcd0e875758a965a12358f11770b2d0fa16670cbcccfcd527b153b7901a5c38,43.168426513671875,0.0013739155838266,6.570268154144287,24.44467544555664,0.0722433105111122,16.975082635879517,0.0129829163253946,8.0,16.0,64.0,137.0,30015.0,31420.0,10.792106628417969,0.5,43.168426513671875,10.792106628417969
van_havre,9,15,256,rseto_ipa_R256,259.295166015625,163.08148193359375,256.0,128.0,137.0,0.5,0.05,50,50,64,9050,projected_sgd,6fcd0e875758a965a12358f11770b2d0fa16670cbcccfcd527b153b7901a5c38,9.95236587524414,0.0003167525865137,3.1547369956970215,24.399045944213867,0.0167178586125373,16.959506273269653,0.0055943345681563,8.0,16.0,256.0,137.0,30015.0,31420.0,2.488091468811035,0.5,9.95236587524414,2.488091468811035
van_havre,9,4,1,rseto_ipa_R1,300.5333251953125,157.98080444335938,1.0,128.0,137.0,0.5,0.05,50,50,64,9050,projected_sgd,8052f193c71acdd22cb40dc893d59c6f6ffe317c363dc8b5605ba5029e6b7ac2,0.8274471759796143,2.633504664117936e-05,0.9096412062644958,4.405977725982666,0.0426241420209407,3.6237988471984863,0.0007482282712771,8.0,16.0,1.0,137.0,30004.0,31420.0,0.2068617939949035,0.5,0.8274471759796143,0.2068617939949035
van_havre,9,4,4,rseto_ipa_R4,299.58074951171875,157.85250854492188,4.0,128.0,137.0,0.5,0.05,50,50,64,9050,projected_sgd,8052f193c71acdd22cb40dc893d59c6f6ffe317c363dc8b5605ba5029e6b7ac2,0.1542613953351974,4.909656126983464e-06,0.39276123046875,3.8393783569335938,0.01046490855515,3.6559791266918182,0.0001502299843169,8.0,16.0,4.0,137.0,30004.0,31420.0,0.0385653488337993,0.5,0.1542613953351974,0.0385653488337993
van_havre,9,4,16,rseto_ipa_R16,300.30303955078125,157.7053985595703,16.0,128.0,137.0,0.5,0.05,50,50,64,9050,projected_sgd,8052f193c71acdd22cb40dc893d59c6f6ffe317c363dc8b5605ba5029e6b7ac2,0.0402326546609401,1.2804791822418338e-06,0.2005807906389236,4.13871431350708,0.0023488092701882,3.645657688379288,4.821733047423647e-05,8.0,16.0,16.0,137.0,30004.0,31420.0,0.010058163665235,0.5,0.0402326546609401,0.010058163665235
van_havre,9,4,64,rseto_ipa_R64,299.80865478515625,157.91159057617188,64.0,128.0,137.0,0.5,0.05,50,50,64,9050,projected_sgd,8052f193c71acdd22cb40dc893d59c6f6ffe317c363dc8b5605ba5029e6b7ac2,0.0103034190833568,3.2792550541671517e-07,0.1015057563781738,3.9717116355896,0.0006531695253215,3.6552438735961914,5.062544687461923e-06,8.0,16.0,64.0,137.0,30004.0,31420.0,0.0025758547708392,0.5,0.0103034190833568,0.0025758547708392
van_havre,9,4,256,rseto_ipa_R256,299.9319763183594,157.98976135253906,256.0,128.0,137.0,0.5,0.05,50,50,64,9050,projected_sgd,8052f193c71acdd22cb40dc893d59c6f6ffe317c363dc8b5605ba5029e6b7ac2,0.0030172746628522,9.603038364502937e-08,0.0549297258257865,4.048916339874268,0.000184050615644,3.651701450347901,4.523062118875844e-06,8.0,16.0,256.0,137.0,30004.0,31420.0,0.000754318665713,0.5,0.0030172746628522,0.000754318665713
van_havre,9,95,1,rseto_ipa_R1,277.19378662109375,191.90147399902344,1.0,128.0,137.0,0.5,0.05,50,50,64,9050,projected_sgd,5db6a433f7917441ae753a1ad868fac638efd482fa35f62f34479fcc00c27058,0.8695180416107178,2.7674030206981115e-05,0.9324795007705688,1.986084580421448,0.2204363048076629,3.7812534868717194,0.0001834422094221,8.0,16.0,1.0,137.0,30095.0,31420.0,0.2173795104026794,0.5,0.8695180416107178,0.2173795104026794
van_havre,9,95,4,rseto_ipa_R4,277.1387023925781,194.26919555664065,4.0,128.0,137.0,0.5,0.05,50,50,64,9050,projected_sgd,5db6a433f7917441ae753a1ad868fac638efd482fa35f62f34479fcc00c27058,0.555871844291687,1.7691656466922723e-05,0.7455681562423706,2.3571369647979736,0.1000472158193588,3.775140732526779,0.0001625330606955,8.0,16.0,4.0,137.0,30095.0,31420.0,0.1389679610729217,0.5,0.555871844291687,0.1389679610729217
van_havre,9,95,16,rseto_ipa_R16,277.2599182128906,192.02574157714844,16.0,128.0,137.0,0.5,0.05,50,50,64,9050,projected_sgd,5db6a433f7917441ae753a1ad868fac638efd482fa35f62f34479fcc00c27058,0.2106628119945526,6.704736279061763e-06,0.4589801728725433,2.40874981880188,0.0363081805408,3.774128586053848,5.197282616364873e-05,8.0,16.0,16.0,137.0,30095.0,31420.0,0.0526657029986381,0.5,0.2106628119945526,0.0526657029986381
van_havre,9,95,64,rseto_ipa_R64,277.2333068847656,194.09909057617188,64.0,128.0,137.0,0.5,0.05,50,50,64,9050,projected_sgd,5db6a433f7917441ae753a1ad868fac638efd482fa35f62f34479fcc00c27058,0.05348951369524,1.7024033240886638e-06,0.2312780022621154,2.470006227493286,0.0087674353271722,3.7734280228614807,1.1532034782086547e-05,8.0,16.0,64.0,137.0,30095.0,31420.0,0.01337237842381,0.5,0.05348951369524,0.01337237842381
van_havre,9,95,256,rseto_ipa_R256,277.19647216796875,192.73959350585935,256.0,128.0,137.0,0.5,0.05,50,50,64,9050,projected_sgd,5db6a433f7917441ae753a1ad868fac638efd482fa35f62f34479fcc00c27058,0.0152474641799926,4.852789174947247e-07,0.1234806254506111,2.5017473697662354,0.0024361875839531,3.7737882137298584,2.048238651955866e-06,8.0,16.0,256.0,137.0,30095.0,31420.0,0.0038118660449981,0.5,0.0152474641799926,0.0038118660449981
van_havre,9,36,1,rseto_ipa_R1,291.55267333984375,153.07049560546875,1.0,128.0,137.0,0.5,0.05,50,50,64,9050,projected_sgd,44079dae9badcc73a14bd11861819da0538d78987c2acb8396650f0aab0974e6,1.767222881317139,5.624515688396059e-05,1.329369306564331,3.3615355491638184,0.1563924849033355,4.180875480175018,0.0007788309420472,8.0,16.0,1.0,137.0,30036.0,31420.0,0.4418057203292846,0.5,1.767222881317139,0.4418057203292846
van_havre,9,36,4,rseto_ipa_R4,287.8251037597656,186.78990173339844,4.0,128.0,137.0,0.5,0.05,50,50,64,9050,projected_sgd,44079dae9badcc73a14bd11861819da0538d78987c2acb8396650f0aab0974e6,0.0047073583118617,1.49820436945447e-07,0.0686101913452148,2.0842206478118896,0.0010836521396413,4.281031608581543,3.279404875554194e-05,8.0,16.0,4.0,137.0,30036.0,31420.0,0.0011768395779654,0.5,0.0047073583118617,0.0011768395779654
van_havre,9,36,16,rseto_ipa_R16,287.8806457519531,188.59608459472656,16.0,128.0,137.0,0.5,0.05,50,50,64,9050,projected_sgd,44079dae9badcc73a14bd11861819da0538d78987c2acb8396650f0aab0974e6,0.0029813982546329,9.488854857409025e-08,0.0546021834015846,2.119303941726685,0.000663794344291,4.277465879917145,5.384084127107209e-06,8.0,16.0,16.0,137.0,30036.0,31420.0,0.0007453495636582,0.5,0.0029813982546329,0.0007453495636582
van_havre,9,36,64,rseto_ipa_R64,288.7880859375,173.23178100585938,64.0,128.0,137.0,0.5,0.05,50,50,64,9050,projected_sgd,44079dae9badcc73a14bd11861819da0538d78987c2acb8396650f0aab0974e6,0.0005346275283955,1.7015516107221632e-08,0.023122014477849,2.3359546661376953,9.797663369681686e-05,4.2553611397743225,1.3621886369362204e-06,8.0,16.0,64.0,137.0,30036.0,31420.0,0.0001336568820988,0.5,0.0005346275283955,0.0001336568820988
van_havre,9,36,256,rseto_ipa_R256,288.0694885253906,186.2941436767578,256.0,128.0,137.0,0.5,0.05,50,50,64,9050,projected_sgd,44079dae9badcc73a14bd11861819da0538d78987c2acb8396650f0aab0974e6,0.0001604005810804,5.105047051756628e-09,0.0126649355515837,2.2046828269958496,3.299997842987068e-05,4.27100932598114,5.799824163789578e-07,8.0,16.0,256.0,137.0,30036.0,31420.0,4.010014527011663e-05,0.5,0.0001604005810804,4.010014527011663e-05
van_havre,9,32,1,rseto_ipa_R1,273.81121826171875,165.5885467529297,1.0,128.0,137.0,0.5,0.05,50,50,64,9050,projected_sgd,d88b4d6334092e8fc30d3c9de9582bad3207f7bce2b7b70b6a01207e55bf4d87,2.8758482933044434,9.152922575594856e-05,1.69583261013031,3.183957099914551,0.2836818695068359,3.4958274364471436,0.0015672003429634,8.0,16.0,1.0,137.0,30032.0,31420.0,0.7189620733261108,0.5,2.8758482933044434,0.7189620733261108
van_havre,9,32,4,rseto_ipa_R4,273.9354248046875,165.69180297851562,4.0,128.0,137.0,0.5,0.05,50,50,64,9050,projected_sgd,d88b4d6334092e8fc30d3c9de9582bad3207f7bce2b7b70b6a01207e55bf4d87,0.1752522885799408,5.577730462391628e-06,0.4186314344406128,3.086801528930664,0.0183927323669195,3.505109965801239,6.158515294682079e-05,8.0,16.0,4.0,137.0,30032.0,31420.0,0.0438130721449852,0.5,0.1752522885799408,0.0438130721449852
van_havre,9,32,16,rseto_ipa_R16,273.8505554199219,165.78102111816406,16.0,128.0,137.0,0.5,0.05,50,50,64,9050,projected_sgd,d88b4d6334092e8fc30d3c9de9582bad3207f7bce2b7b70b6a01207e55bf4d87,0.1744207888841629,5.55126644030679e-06,0.4176371395587921,3.0870394706726074,0.0183026455342769,3.510276585817337,3.8079865580544136e-05,8.0,16.0,16.0,137.0,30032.0,31420.0,0.0436051972210407,0.5,0.1744207888841629,0.0436051972210407
van_havre,9,32,64,rseto_ipa_R64,273.8794860839844,165.57659912109375,64.0,128.0,137.0,0.5,0.05,50,50,64,9050,projected_sgd,d88b4d6334092e8fc30d3c9de9582bad3207f7bce2b7b70b6a01207e55bf4d87,0.059366837143898,1.8894601225838417e-06,0.2436531037092209,3.2502431869506836,0.005619688425213,3.506648004055023,4.092062498882244e-06,8.0,16.0,64.0,137.0,30032.0,31420.0,0.0148417092859745,0.5,0.059366837143898,0.0148417092859745
van_havre,9,32,256,rseto_ipa_R256,273.88555908203125,165.5211944580078,256.0,128.0,137.0,0.5,0.05,50,50,64,9050,projected_sgd,d88b4d6334092e8fc30d3c9de9582bad3207f7bce2b7b70b6a01207e55bf4d87,0.011658526957035,3.7105434103068546e-07,0.1079746559262275,3.112076997756958,0.0012037686537951,3.5072110891342163,3.82043508904774e-06,8.0,16.0,256.0,137.0,30032.0,31420.0,0.0029146317392587,0.5,0.011658526957035,0.0029146317392587
van_havre,9,29,1,rseto_ipa_R1,303.7861633300781,167.69821166992188,1.0,128.0,137.0,0.5,0.05,50,50,64,9050,projected_sgd,9106c1dc9e1973bee95a2084754f1b44065d13a911eee7a64c4b08dde7eb5564,0.2713968455791473,8.637709470349364e-06,0.5209576487541199,2.358396291732788,0.0487945415079593,3.4352062940597534,0.0002142110725864,8.0,16.0,1.0,137.0,30029.0,31420.0,0.0678492113947868,0.5,0.2713968455791473,0.0678492113947868
van_havre,9,29,4,rseto_ipa_R4,303.5990905761719,167.25267028808594,4.0,128.0,137.0,0.5,0.05,50,50,64,9050,projected_sgd,9106c1dc9e1973bee95a2084754f1b44065d13a911eee7a64c4b08dde7eb5564,2.248856544494629,7.157404616009444e-05,1.4996187686920166,2.9693751335144043,0.2550536692142486,3.41883248090744,6.959361480036412e-05,8.0,16.0,4.0,137.0,30029.0,31420.0,0.5622141361236572,0.5,2.248856544494629,0.5622141361236572
van_havre,9,29,16,rseto_ipa_R16,303.759765625,166.49562072753906,16.0,128.0,137.0,0.5,0.05,50,50,64,9050,projected_sgd,9106c1dc9e1973bee95a2084754f1b44065d13a911eee7a64c4b08dde7eb5564,0.3978365361690521,1.266188883164432e-05,0.6307428479194641,3.177238941192627,0.03940986469388,3.404471218585968,4.7100337476584695e-05,8.0,16.0,16.0,137.0,30029.0,31420.0,0.099459134042263,0.5,0.3978365361690521,0.099459134042263
van_havre,9,29,64,rseto_ipa_R64,303.7727966308594,167.12399291992188,64.0,128.0,137.0,0.5,0.05,50,50,64,9050,projected_sgd,9106c1dc9e1973bee95a2084754f1b44065d13a911eee7a64c4b08dde7eb5564,0.2559601366519928,8.146407708409242e-06,0.5059250593185425,3.235356330871582,0.0244527719914913,3.408531904220581,2.0051712600174403e-05,8.0,16.0,64.0,137.0,30029.0,31420.0,0.0639900341629982,0.5,0.2559601366519928,0.0639900341629982
van_havre,9,29,256,rseto_ipa_R256,303.7171630859375,166.85540771484375,256.0,128.0,137.0,0.5,0.05,50,50,64,9050,projected_sgd,9106c1dc9e1973bee95a2084754f1b44065d13a911eee7a64c4b08dde7eb5564,0.0286251008510589,9.110471523854358e-07,0.1691895425319671,3.3280060291290283,0.0025845137424767,3.404470711946487,9.906410280028209e-07,8.0,16.0,256.0,137.0,30029.0,31420.0,0.0071562752127647,0.5,0.0286251008510589,0.0071562752127647
van_havre,9,18,1,rseto_ipa_R1,297.9058837890625,154.847412109375,1.0,128.0,137.0,0.5,0.05,50,50,64,9050,projected_sgd,47714be7278b215b0c07c1085b2d0a1908a2f15cd100810be2fea7475afc897b,0.4263893663883209,1.3570635019277688e-05,0.6529849767684937,3.912443161010742,0.0278554577380418,3.934150397777558,0.0010849383911063,8.0,16.0,1.0,137.0,30018.0,31420.0,0.1065973415970802,0.5,0.4263893663883209,0.1065973415970802
van_havre,9,18,4,rseto_ipa_R4,301.05279541015625,154.44125366210938,4.0,128.0,137.0,0.5,0.05,50,50,64,9050,projected_sgd,47714be7278b215b0c07c1085b2d0a1908a2f15cd100810be2fea7475afc897b,0.2309805005788803,7.351384283538209e-06,0.4806043207645416,4.121103286743164,0.0136002954095602,3.8702621161937714,0.0003216057344914,8.0,16.0,4.0,137.0,30018.0,31420.0,0.05774512514472,0.5,0.2309805005788803,0.05774512514472
van_havre,9,18,16,rseto_ipa_R16,297.9102783203125,153.93150329589844,16.0,128.0,137.0,0.5,0.05,50,50,64,9050,projected_sgd,47714be7278b215b0c07c1085b2d0a1908a2f15cd100810be2fea7475afc897b,0.039319772273302,1.251424919246347e-06,0.1982921361923217,4.1885480880737305,0.0022412175312638,3.913507103919983,4.699619666683118e-05,8.0,16.0,16.0,137.0,30018.0,31420.0,0.0098299430683255,0.5,0.039319772273302,0.0098299430683255
van_havre,9,18,64,rseto_ipa_R64,300.6246032714844,154.5878448486328,64.0,128.0,137.0,0.5,0.05,50,50,64,9050,projected_sgd,47714be7278b215b0c07c1085b2d0a1908a2f15cd100810be2fea7475afc897b,0.0123372804373502,3.92656914982581e-07,0.1110733076930046,4.2142653465271,0.0006946654757484,3.870501756668091,1.8302380664993374e-05,8.0,16.0,64.0,137.0,30018.0,31420.0,0.0030843201093375,0.5,0.0123372804373502,0.0030843201093375
van_havre,9,18,256,rseto_ipa_R256,296.6553649902344,153.7270965576172,256.0,128.0,137.0,0.5,0.05,50,50,64,9050,projected_sgd,47714be7278b215b0c07c1085b2d0a1908a2f15cd100810be2fea7475afc897b,0.0042015719227492,1.3372284968227177e-07,0.0648195371031761,4.03255558013916,0.0002583753375802,3.934581011533737,4.556452469931368e-06,8.0,16.0,256.0,137.0,30018.0,31420.0,0.0010503929806873,0.5,0.0042015719227492,0.0010503929806873
van_havre,9,14,1,rseto_ipa_R1,298.6544494628906,184.74110412597656,1.0,128.0,137.0,0.5,0.05,50,50,64,9050,projected_sgd,48c122be09bea5305d765014c2fab41ce4cb86376cec4fc21ef687482d363258,1.4679237604141235,4.671940769185312e-05,1.2115790843963623,3.3776533603668213,0.1286688297986984,4.232093274593353,0.0008932623106139,8.0,16.0,1.0,137.0,30014.0,31420.0,0.3669809401035309,0.5,1.4679237604141235,0.3669809401035309
van_havre,9,14,4,rseto_ipa_R4,296.5032043457031,178.6543426513672,4.0,128.0,137.0,0.5,0.05,50,50,64,9050,projected_sgd,48c122be09bea5305d765014c2fab41ce4cb86376cec4fc21ef687482d363258,1.2057204246520996,3.837429903796874e-05,1.098052978515625,3.386679410934448,0.1051231771707534,4.269339680671692,0.0004486934432179,8.0,16.0,4.0,137.0,30014.0,31420.0,0.3014301061630249,0.5,1.2057204246520996,0.3014301061630249
van_havre,9,14,16,rseto_ipa_R16,296.5436096191406,178.61985778808594,16.0,128.0,137.0,0.5,0.05,50,50,64,9050,projected_sgd,48c122be09bea5305d765014c2fab41ce4cb86376cec4fc21ef687482d363258,0.2442215681076049,7.77280638430966e-06,0.4941877722740173,3.1863925457000732,0.0240538958460092,4.27327573299408,0.0001195925261104,8.0,16.0,16.0,137.0,30014.0,31420.0,0.0610553920269012,0.5,0.2442215681076049,0.0610553920269012
van_havre,9,14,64,rseto_ipa_R64,296.17376708984375,178.5098419189453,64.0,128.0,137.0,0.5,0.05,50,50,64,9050,projected_sgd,48c122be09bea5305d765014c2fab41ce4cb86376cec4fc21ef687482d363258,0.179538145661354,5.71413556826883e-06,0.4237194061279297,2.8107388019561768,0.0227256212383508,4.2930421233177185,3.5696773624392464e-05,8.0,16.0,64.0,137.0,30014.0,31420.0,0.0448845364153385,0.5,0.179538145661354,0.0448845364153385
van_havre,9,14,256,rseto_ipa_R256,296.267333984375,178.60675048828125,256.0,128.0,137.0,0.5,0.05,50,50,64,9050,projected_sgd,48c122be09bea5305d765014c2fab41ce4cb86376cec4fc21ef687482d363258,0.0183411464095115,5.837411549691751e-07,0.1354294866323471,2.8896143436431885,0.0021965785417705,4.288751900196075,7.606157132451179e-06,8.0,16.0,256.0,137.0,30014.0,31420.0,0.0045852866023778,0.5,0.0183411464095115,0.0045852866023778
van_havre,9,87,1,rseto_ipa_R1,302.6636657714844,172.5343017578125,1.0,128.0,137.0,0.5,0.05,50,50,64,9050,projected_sgd,6ff2e12346381771382b5dfa079d965a33206ab1b8205bd329b01902fb5410c5,1.0557703971862793,3.360186019563116e-05,1.0275068283081057,5.310462474822998,0.0374373197555542,3.9933329224586487,0.002168399470727,8.0,16.0,1.0,137.0,30087.0,31420.0,0.2639425992965698,0.5,1.0557703971862793,0.2639425992965698
van_havre,9,87,4,rseto_ipa_R4,305.0189208984375,172.79168701171875,4.0,128.0,137.0,0.5,0.05,50,50,64,9050,projected_sgd,6ff2e12346381771382b5dfa079d965a33206ab1b8205bd329b01902fb5410c5,0.2425536513328552,7.71972190705128e-06,0.4924973547458648,4.631128311157227,0.0113092586398124,3.9458823800086975,0.0009439347583232,8.0,16.0,4.0,137.0,30087.0,31420.0,0.0606384128332138,0.5,0.2425536513328552,0.0606384128332138
van_havre,9,87,16,rseto_ipa_R16,305.4552307128906,172.16766357421875,16.0,128.0,137.0,0.5,0.05,50,50,64,9050,projected_sgd,6ff2e12346381771382b5dfa079d965a33206ab1b8205bd329b01902fb5410c5,0.0433319509029388,1.3791200217383448e-06,0.2081632763147354,4.665997505187988,0.001990303164348,3.942567795515061,0.0002085987267303,8.0,16.0,16.0,137.0,30087.0,31420.0,0.0108329877257347,0.5,0.0433319509029388,0.0108329877257347
van_havre,9,87,64,rseto_ipa_R64,305.1991271972656,172.729736328125,64.0,128.0,137.0,0.5,0.05,50,50,64,9050,projected_sgd,6ff2e12346381771382b5dfa079d965a33206ab1b8205bd329b01902fb5410c5,0.0122614651918411,3.902439686953585e-07,0.1107314974069595,4.542120456695557,0.0005943264695815,3.9477496445178986,3.439996156881112e-05,8.0,16.0,64.0,137.0,30087.0,31420.0,0.0030653662979602,0.5,0.0122614651918411,0.0030653662979602
van_havre,9,87,256,rseto_ipa_R256,304.851806640625,173.85592651367188,256.0,128.0,137.0,0.5,0.05,50,50,64,9050,projected_sgd,6ff2e12346381771382b5dfa079d965a33206ab1b8205bd329b01902fb5410c5,0.0021424004808068,6.818588360602007e-08,0.0462860725820064,4.535590171813965,0.0001041437135427,3.947696685791016,4.508489788739618e-06,8.0,16.0,256.0,137.0,30087.0,31420.0,0.0005356001202017,0.5,0.0021424004808068,0.0005356001202017
van_havre,14,82,1,rseto_ipa_R1,287.0704650878906,189.35089111328125,1.0,128.0,137.0,0.5,0.05,50,50,64,9050,projected_sgd,15055306c3028b4c9bc385e389036302d0e68e6e9afb26545dfacae83d442dca,0.949402391910553,2.9033712053205815e-05,0.9743728041648864,1.745129942893982,0.3117416203022003,3.5232501924037933,0.0004395428124673,8.0,16.0,1.0,137.0,30082.0,32700.0,0.2373505979776382,0.5,0.949402391910553,0.2373505979776382
van_havre,14,82,4,rseto_ipa_R4,286.4425048828125,189.51271057128903,4.0,128.0,137.0,0.5,0.05,50,50,64,9050,projected_sgd,15055306c3028b4c9bc385e389036302d0e68e6e9afb26545dfacae83d442dca,1.0208110809326172,3.1217463401844725e-05,1.0103520154953003,2.200279712677002,0.2108577638864517,3.5375122725963593,0.0002321777550611,8.0,16.0,4.0,137.0,30082.0,32700.0,0.2552027702331543,0.5,1.0208110809326172,0.2552027702331543
van_havre,14,82,16,rseto_ipa_R16,286.4666442871094,189.38853454589844,16.0,128.0,137.0,0.5,0.05,50,50,64,9050,projected_sgd,15055306c3028b4c9bc385e389036302d0e68e6e9afb26545dfacae83d442dca,0.0582937747240066,1.7826841940404847e-06,0.2414410412311554,1.7183969020843506,0.0197412744164466,3.5438607931137085,1.5546896617836736e-05,8.0,16.0,16.0,137.0,30082.0,32700.0,0.0145734436810016,0.5,0.0582937747240066,0.0145734436810016
van_havre,14,82,64,rseto_ipa_R64,286.45208740234375,189.7833709716797,64.0,128.0,137.0,0.5,0.05,50,50,64,9050,projected_sgd,15055306c3028b4c9bc385e389036302d0e68e6e9afb26545dfacae83d442dca,0.0219398327171802,6.70942881697556e-07,0.1481210142374038,1.6454046964645386,0.0081037832424044,3.546740859746933,9.259058660607676e-06,8.0,16.0,64.0,137.0,30082.0,32700.0,0.005484958179295,0.5,0.0219398327171802,0.005484958179295
van_havre,14,82,256,rseto_ipa_R256,286.4718933105469,189.6526336669922,256.0,128.0,137.0,0.5,0.05,50,50,64,9050,projected_sgd,15055306c3028b4c9bc385e389036302d0e68e6e9afb26545dfacae83d442dca,0.0044215098023414,1.352143641497605e-07,0.0664944350719451,1.715211272239685,0.0015029181959107,3.543251872062683,3.2607648401088748e-06,8.0,16.0,256.0,137.0,30082.0,32700.0,0.0011053774505853,0.5,0.0044215098023414,0.0011053774505853
van_havre,14,15,1,rseto_ipa_R1,281.4351501464844,165.83016967773438,1.0,128.0,137.0,0.5,0.05,50,50,64,9050,projected_sgd,596ebda6400342b7af65a651b32edc15460c7556b57be16e0cb4648a117f31cf,0.2277878671884536,6.965989996388089e-06,0.4772712588310241,1.3363699913024902,0.1275490373373031,3.7614083886146545,0.0002794802592355,8.0,16.0,1.0,137.0,30015.0,32700.0,0.0569469667971134,0.5,0.2277878671884536,0.0569469667971134
van_havre,14,15,4,rseto_ipa_R4,281.3384094238281,165.81956481933594,4.0,128.0,137.0,0.5,0.05,50,50,64,9050,projected_sgd,596ebda6400342b7af65a651b32edc15460c7556b57be16e0cb4648a117f31cf,0.090129055082798,2.7562402920011664e-06,0.3002150058746338,1.3296204805374146,0.0509811267256736,3.763738214969635,4.9022070222853085e-05,8.0,16.0,4.0,137.0,30015.0,32700.0,0.0225322637706995,0.5,0.090129055082798,0.0225322637706995
van_havre,14,15,16,rseto_ipa_R16,281.3605041503906,165.72348022460938,16.0,128.0,137.0,0.5,0.05,50,50,64,9050,projected_sgd,596ebda6400342b7af65a651b32edc15460c7556b57be16e0cb4648a117f31cf,0.0087217763066291,2.667209741957777e-07,0.0933904498815536,1.2931793928146362,0.0052153975702822,3.763888359069824,4.901880970464845e-06,8.0,16.0,16.0,137.0,30015.0,32700.0,0.0021804440766572,0.5,0.0087217763066291,0.0021804440766572
van_havre,14,15,64,rseto_ipa_R64,281.3564147949219,165.9876251220703,64.0,128.0,137.0,0.5,0.05,50,50,64,9050,projected_sgd,596ebda6400342b7af65a651b32edc15460c7556b57be16e0cb4648a117f31cf,0.0166664198040962,5.096764539302967e-07,0.1290984898805618,1.3195949792861938,0.0095710819587111,3.76435324549675,6.79916444365095e-06,8.0,16.0,64.0,137.0,30015.0,32700.0,0.004166604951024,0.5,0.0166664198040962,0.004166604951024
van_havre,14,15,256,rseto_ipa_R256,281.2987060546875,165.7290802001953,256.0,128.0,137.0,0.5,0.05,50,50,64,9050,projected_sgd,596ebda6400342b7af65a651b32edc15460c7556b57be16e0cb4648a117f31cf,0.0256653428077697,7.848728955650586e-07,0.160204067826271,1.2902754545211792,0.0154163725674152,3.7641965448856354,2.3351406223274092e-06,8.0,16.0,256.0,137.0,30015.0,32700.0,0.0064163357019424,0.5,0.0256653428077697,0.0064163357019424
van_havre,14,4,1,rseto_ipa_R1,279.0757751464844,160.85430908203125,1.0,128.0,137.0,0.5,0.05,50,50,64,9050,projected_sgd,45d876908fe312f9e49a32763fc3747ce658b5471be0f0bdae0d5752a29413cc,6.654217720031738,0.0002034928911598,2.5795769691467285,4.15690803527832,0.3850846290588379,3.65868416428566,0.000480425155874,8.0,16.0,1.0,137.0,30004.0,32700.0,1.6635544300079346,0.5,6.654217720031738,1.6635544300079346
van_havre,14,4,4,rseto_ipa_R4,279.0750732421875,160.70899963378906,4.0,128.0,137.0,0.5,0.05,50,50,64,9050,projected_sgd,45d876908fe312f9e49a32763fc3747ce658b5471be0f0bdae0d5752a29413cc,0.6241710782051086,1.9087799955741502e-05,0.7900449633598328,3.6198830604553223,0.0476337261497974,3.661706954240799,0.0001488352117452,8.0,16.0,4.0,137.0,30004.0,32700.0,0.1560427695512771,0.5,0.6241710782051086,0.1560427695512771
van_havre,14,4,16,rseto_ipa_R16,278.0367126464844,161.63192749023438,16.0,128.0,137.0,0.5,0.05,50,50,64,9050,projected_sgd,45d876908fe312f9e49a32763fc3747ce658b5471be0f0bdae0d5752a29413cc,0.0930285155773162,2.8449087494664127e-06,0.3050057590007782,3.2789194583892822,0.0086527587845921,3.678010076284409,5.331056508595111e-05,8.0,16.0,16.0,137.0,30004.0,32700.0,0.023257128894329,0.5,0.0930285155773162,0.023257128894329
van_havre,14,4,64,rseto_ipa_R64,278.9805603027344,160.556640625,64.0,128.0,137.0,0.5,0.05,50,50,64,9050,projected_sgd,45d876908fe312f9e49a32763fc3747ce658b5471be0f0bdae0d5752a29413cc,0.039387185126543,1.2045010180372628e-06,0.1984620541334152,3.5032830238342285,0.0032092572655528,3.6631150245666504,8.69462694806446e-06,8.0,16.0,64.0,137.0,30004.0,32700.0,0.0098467962816357,0.5,0.039387185126543,0.0098467962816357
van_havre,14,4,256,rseto_ipa_R256,278.3228759765625,159.4024200439453,256.0,128.0,137.0,0.5,0.05,50,50,64,9050,projected_sgd,45d876908fe312f9e49a32763fc3747ce658b5471be0f0bdae0d5752a29413cc,0.0097804367542266,2.990959160342755e-07,0.0988960936665535,3.5081164836883545,0.0007947128033265,3.664281278848648,7.74808917571233e-06,8.0,16.0,256.0,137.0,30004.0,32700.0,0.0024451091885566,0.5,0.0097804367542266,0.0024451091885566
van_havre,14,95,1,rseto_ipa_R1,307.181884765625,184.7632293701172,1.0,128.0,137.0,0.5,0.05,50,50,64,9050,projected_sgd,ab884b6d2b7b76350e39bae6ef3ece53538685fece7434a30f8e874907af2b23,614.6995849609375,0.0187981519848108,24.793136596679688,31.049100875854492,0.6376243233680725,21.104150533676147,1.710746231405145,8.0,16.0,1.0,137.0,30095.0,32700.0,153.67489624023438,0.5,614.6995849609375,153.67489624023438
van_havre,14,95,4,rseto_ipa_R4,307.5556335449219,184.60316467285156,4.0,128.0,137.0,0.5,0.05,50,50,64,9050,projected_sgd,ab884b6d2b7b76350e39bae6ef3ece53538685fece7434a30f8e874907af2b23,2057.365966796875,0.0629163905978202,45.35819625854492,47.04094314575195,0.9297357201576232,21.37989377975464,3.570166636592798,8.0,16.0,4.0,137.0,30095.0,32700.0,514.3414916992188,0.5,2057.365966796875,514.3414916992188
van_havre,14,95,16,rseto_ipa_R16,307.598388671875,184.5626983642578,16.0,128.0,137.0,0.5,0.05,50,50,64,9050,projected_sgd,ab884b6d2b7b76350e39bae6ef3ece53538685fece7434a30f8e874907af2b23,19.506027221679688,0.0005965146119706,4.416563034057617,40.41896057128906,0.0119398422539234,21.048008918762207,0.0083723438968133,8.0,16.0,16.0,137.0,30095.0,32700.0,4.876506805419922,0.5,19.506027221679688,4.876506805419922
van_havre,14,95,64,rseto_ipa_R64,307.5566711425781,184.6148376464844,64.0,128.0,137.0,0.5,0.05,50,50,64,9050,projected_sgd,ab884b6d2b7b76350e39bae6ef3ece53538685fece7434a30f8e874907af2b23,60.84619140625,0.0018607397796586,7.800396919250488,39.430686950683594,0.0391349457204341,21.040767908096313,0.0171031527969976,8.0,16.0,64.0,137.0,30095.0,32700.0,15.2115478515625,0.5,60.84619140625,15.2115478515625
van_havre,14,95,256,rseto_ipa_R256,307.55609130859375,184.6284942626953,256.0,128.0,137.0,0.5,0.05,50,50,64,9050,projected_sgd,ab884b6d2b7b76350e39bae6ef3ece53538685fece7434a30f8e874907af2b23,5.874115943908691,0.0001796365686459,2.4236576557159424,35.91141891479492,0.0045548840425908,20.896742343902588,0.0032504380784043,8.0,16.0,256.0,137.0,30095.0,32700.0,1.4685289859771729,0.5,5.874115943908691,1.4685289859771729
van_havre,14,36,1,rseto_ipa_R1,288.7690734863281,161.82485961914062,1.0,128.0,137.0,0.5,0.05,50,50,64,9050,projected_sgd,4ff6379ed145cee72ce017c31d46bc60b928c235cc8061dadc2beb621fe74d60,1.1126251220703125,3.4025233617285267e-05,1.0548105239868164,2.853471517562866,0.1366475224494934,3.3595306873321533,0.0010176858081,8.0,16.0,1.0,137.0,30036.0,32700.0,0.2781562805175781,0.5,1.1126251220703125,0.2781562805175781
van_havre,14,36,4,rseto_ipa_R4,288.6756286621094,161.6604766845703,4.0,128.0,137.0,0.5,0.05,50,50,64,9050,projected_sgd,4ff6379ed145cee72ce017c31d46bc60b928c235cc8061dadc2beb621fe74d60,0.0920686349272728,2.815554580593016e-06,0.3034281432628631,2.754486083984375,0.0121347419917583,3.362719416618347,0.0001317229470194,8.0,16.0,4.0,137.0,30036.0,32700.0,0.0230171587318182,0.5,0.0920686349272728,0.0230171587318182
van_havre,14,36,16,rseto_ipa_R16,288.6224365234375,162.36529541015625,16.0,128.0,137.0,0.5,0.05,50,50,64,9050,projected_sgd,4ff6379ed145cee72ce017c31d46bc60b928c235cc8061dadc2beb621fe74d60,0.0657935440540313,2.0120348835916957e-06,0.2565025091171264,2.683706760406494,0.0091350963339209,3.365137964487076,3.11496780785855e-05,8.0,16.0,16.0,137.0,30036.0,32700.0,0.0164483860135078,0.5,0.0657935440540313,0.0164483860135078
van_havre,14,36,64,rseto_ipa_R64,288.7401123046875,160.9150390625,64.0,128.0,137.0,0.5,0.05,50,50,64,9050,projected_sgd,4ff6379ed145cee72ce017c31d46bc60b928c235cc8061dadc2beb621fe74d60,0.017793608829379,5.441470420919359e-07,0.1333926916122436,2.6224238872528076,0.0025873684789985,3.3650278747081757,1.3296393091317376e-05,8.0,16.0,64.0,137.0,30036.0,32700.0,0.0044484022073447,0.5,0.017793608829379,0.0044484022073447
van_havre,14,36,256,rseto_ipa_R256,288.9858703613281,158.4434814453125,256.0,128.0,137.0,0.5,0.05,50,50,64,9050,projected_sgd,4ff6379ed145cee72ce017c31d46bc60b928c235cc8061dadc2beb621fe74d60,0.0072020757943391,2.202469602252677e-07,0.084865041077137,2.742938995361328,0.0009572500712238,3.3634825944900513,2.428786810274427e-06,8.0,16.0,256.0,137.0,30036.0,32700.0,0.0018005189485847,0.5,0.0072020757943391,0.0018005189485847
van_havre,14,32,1,rseto_ipa_R1,285.712646484375,170.07696533203125,1.0,128.0,137.0,0.5,0.05,50,50,64,9050,projected_sgd,1654dc3aeb2b3357641308f384f98c6b3c26c7143115c98eaa081fe69760f0c0,0.879409909248352,2.6893269023275938e-05,0.937768578529358,2.87935733795166,0.1060718744993209,3.868214577436447,0.0001778385205111,8.0,16.0,1.0,137.0,30032.0,32700.0,0.219852477312088,0.5,0.879409909248352,0.219852477312088
van_havre,14,32,4,rseto_ipa_R4,285.44366455078125,170.60711669921875,4.0,128.0,137.0,0.5,0.05,50,50,64,9050,projected_sgd,1654dc3aeb2b3357641308f384f98c6b3c26c7143115c98eaa081fe69760f0c0,0.285645455121994,8.73533463163767e-06,0.5344581007957458,2.6639182567596436,0.0402518212795257,3.878463357686997,7.439247069892676e-05,8.0,16.0,4.0,137.0,30032.0,32700.0,0.0714113637804985,0.5,0.285645455121994,0.0714113637804985
van_havre,14,32,16,rseto_ipa_R16,285.29266357421875,169.3229522705078,16.0,128.0,137.0,0.5,0.05,50,50,64,9050,projected_sgd,1654dc3aeb2b3357641308f384f98c6b3c26c7143115c98eaa081fe69760f0c0,0.0181353371590375,5.5459747727582e-07,0.1346675008535385,2.6013147830963135,0.0026800308842211,3.88611751794815,1.3485759572923988e-05,8.0,16.0,16.0,137.0,30032.0,32700.0,0.0045338342897593,0.5,0.0181353371590375,0.0045338342897593
van_havre,14,32,64,rseto_ipa_R64,285.3155517578125,169.26295471191406,64.0,128.0,137.0,0.5,0.05,50,50,64,9050,projected_sgd,1654dc3aeb2b3357641308f384f98c6b3c26c7143115c98eaa081fe69760f0c0,0.008054120466113,2.4630338657516404e-07,0.0897447541356086,2.7153072357177734,0.0010923960944637,3.882366061210632,1.9755650717862797e-06,8.0,16.0,64.0,137.0,30032.0,32700.0,0.0020135301165282,0.5,0.008054120466113,0.0020135301165282
van_havre,14,32,256,rseto_ipa_R256,285.2772216796875,169.28131103515625,256.0,128.0,137.0,0.5,0.05,50,50,64,9050,projected_sgd,1654dc3aeb2b3357641308f384f98c6b3c26c7143115c98eaa081fe69760f0c0,0.0040597971528768,1.2415281958055857e-07,0.0637165382504463,2.683292865753174,0.0005638559232465,3.88414803147316,3.203642286564446e-06,8.0,16.0,256.0,137.0,30032.0,32700.0,0.0010149492882192,0.5,0.0040597971528768,0.0010149492882192
van_havre,14,29,1,rseto_ipa_R1,317.2772216796875,167.31289672851562,1.0,128.0,137.0,0.5,0.05,50,50,64,9050,projected_sgd,9294d72fa5b61f8ee466b08f0362324b62bffcd55e6a5cc792223b36722d735a,210.64456176757812,0.0064417296089231,14.513599395751951,24.657947540283203,0.346446692943573,14.296082735061646,0.1818753520239754,8.0,16.0,1.0,137.0,30029.0,32700.0,52.66114044189453,0.5,210.64456176757812,52.66114044189453
van_havre,14,29,4,rseto_ipa_R4,314.14385986328125,168.3951873779297,4.0,128.0,137.0,0.5,0.05,50,50,64,9050,projected_sgd,9294d72fa5b61f8ee466b08f0362324b62bffcd55e6a5cc792223b36722d735a,49.26966094970703,0.0015067174099385,7.019235134124756,24.614404678344727,0.0813206657767295,14.334509134292604,0.0543119015738479,8.0,16.0,4.0,137.0,30029.0,32700.0,12.317415237426758,0.5,49.26966094970703,12.317415237426758
van_havre,14,29,16,rseto_ipa_R16,314.5768737792969,168.8663330078125,16.0,128.0,137.0,0.5,0.05,50,50,64,9050,projected_sgd,9294d72fa5b61f8ee466b08f0362324b62bffcd55e6a5cc792223b36722d735a,119.2423858642578,0.0036465560551732,10.91981601715088,30.440610885620117,0.1286838203668594,14.544827342033386,0.062972506454035,8.0,16.0,16.0,137.0,30029.0,32700.0,29.810596466064453,0.5,119.2423858642578,29.810596466064453
van_havre,14,29,64,rseto_ipa_R64,315.1464538574219,168.0084991455078,64.0,128.0,137.0,0.5,0.05,50,50,64,9050,projected_sgd,9294d72fa5b61f8ee466b08f0362324b62bffcd55e6a5cc792223b36722d735a,62.37738037109375,0.001907565165311,7.897935390472412,39.2381706237793,0.0405144207179546,14.776934027671814,0.0612271668490101,8.0,16.0,64.0,137.0,30029.0,32700.0,15.594345092773438,0.5,62.37738037109375,15.594345092773438
van_havre,14,29,256,rseto_ipa_R256,315.4103088378906,167.81919860839844,256.0,128.0,137.0,0.5,0.05,50,50,64,9050,projected_sgd,9294d72fa5b61f8ee466b08f0362324b62bffcd55e6a5cc792223b36722d735a,11.763822555541992,0.0003597499162424,3.429842948913574,38.08190155029297,0.0081116873770952,14.773054122924805,0.0171606682922304,8.0,16.0,256.0,137.0,30029.0,32700.0,2.940955638885498,0.5,11.763822555541992,2.940955638885498
van_havre,14,18,1,rseto_ipa_R1,308.6278991699219,164.62689208984375,1.0,128.0,137.0,0.5,0.05,50,50,64,9050,projected_sgd,dafef547df37897cfdd07e450a80973c66a35bf8aa07cb5b24dacfe6f27e43a1,0.2557517886161804,7.821156032150611e-06,0.5057190656661987,3.4329073429107666,0.0217017401009798,3.7870824337005615,0.0002697773347141,8.0,16.0,1.0,137.0,30018.0,32700.0,0.0639379471540451,0.5,0.2557517886161804,0.0639379471540451
van_havre,14,18,4,rseto_ipa_R4,323.3320617675781,164.79443359375,4.0,128.0,137.0,0.5,0.05,50,50,64,9050,projected_sgd,dafef547df37897cfdd07e450a80973c66a35bf8aa07cb5b24dacfe6f27e43a1,0.1547975540161132,4.733870355266845e-06,0.3934431970119476,4.155014514923096,0.0089664179831743,3.5856673419475555,0.0002441395603785,8.0,16.0,4.0,137.0,30018.0,32700.0,0.0386993885040283,0.5,0.1547975540161132,0.0386993885040283
van_havre,14,18,16,rseto_ipa_R16,318.4162902832031,165.80438232421875,16.0,128.0,137.0,0.5,0.05,50,50,64,9050,projected_sgd,dafef547df37897cfdd07e450a80973c66a35bf8aa07cb5b24dacfe6f27e43a1,0.1250604689121246,3.824479335889919e-06,0.3536388874053955,4.507535457611084,0.0061551942490041,3.63692370057106,4.04415751995251e-05,8.0,16.0,16.0,137.0,30018.0,32700.0,0.0312651172280311,0.5,0.1250604689121246,0.0312651172280311
van_havre,14,18,64,rseto_ipa_R64,318.6295166015625,166.07643127441406,64.0,128.0,137.0,0.5,0.05,50,50,64,9050,projected_sgd,dafef547df37897cfdd07e450a80973c66a35bf8aa07cb5b24dacfe6f27e43a1,0.0150610152631998,4.605815036029526e-07,0.1227233260869979,4.467350959777832,0.0007546647684648,3.6345444321632385,1.308609760388078e-05,8.0,16.0,64.0,137.0,30018.0,32700.0,0.0037652538157999,0.5,0.0150610152631998,0.0037652538157999
van_havre,14,18,256,rseto_ipa_R256,316.9772644042969,166.00318908691406,256.0,128.0,137.0,0.5,0.05,50,50,64,9050,projected_sgd,dafef547df37897cfdd07e450a80973c66a35bf8aa07cb5b24dacfe6f27e43a1,0.0031574238091707,9.655730082158699e-08,0.0561909601092338,4.443380832672119,0.0001599210954736,3.6569628417491913,4.165642076868283e-06,8.0,16.0,256.0,137.0,30018.0,32700.0,0.0007893559522926,0.5,0.0031574238091707,0.0007893559522926
van_havre,14,14,1,rseto_ipa_R1,292.9244079589844,168.49256896972656,1.0,128.0,137.0,0.5,0.05,50,50,64,9050,projected_sgd,e63fd45cd7e50f8fb6b7e0790da39726b948e2cad12a19f16f1de3f1e2a9cb4b,0.0224381554871797,6.861821475467877e-07,0.1497937142848968,1.660348415374756,0.0081393308937549,4.06644880771637,7.338375049974795e-06,8.0,16.0,1.0,137.0,30014.0,32700.0,0.0056095388717949,0.5,0.0224381554871797,0.0056095388717949
van_havre,14,14,4,rseto_ipa_R4,292.64422607421875,169.6717529296875,4.0,128.0,137.0,0.5,0.05,50,50,64,9050,projected_sgd,e63fd45cd7e50f8fb6b7e0790da39726b948e2cad12a19f16f1de3f1e2a9cb4b,0.0217149425297975,6.640655101364246e-07,0.1473599076271057,1.611167311668396,0.0083652203902602,4.0703107714653015,9.170192888469893e-06,8.0,16.0,4.0,137.0,30014.0,32700.0,0.0054287356324493,0.5,0.0217149425297975,0.0054287356324493
van_havre,14,14,16,rseto_ipa_R16,292.890380859375,169.22625732421875,16.0,128.0,137.0,0.5,0.05,50,50,64,9050,projected_sgd,e63fd45cd7e50f8fb6b7e0790da39726b948e2cad12a19f16f1de3f1e2a9cb4b,0.0017508519813418,5.3542873246215095e-08,0.0418431833386421,1.6654613018035889,0.0006312194163911,4.067359983921051,4.775537844027765e-06,8.0,16.0,16.0,137.0,30014.0,32700.0,0.0004377129953354,0.5,0.0017508519813418,0.0004377129953354
van_havre,14,14,64,rseto_ipa_R64,292.7499694824219,169.49061584472656,64.0,128.0,137.0,0.5,0.05,50,50,64,9050,projected_sgd,e63fd45cd7e50f8fb6b7e0790da39726b948e2cad12a19f16f1de3f1e2a9cb4b,0.0447441935539245,1.368323978567787e-06,0.2115282267332077,1.6568177938461304,0.0162999834865331,4.069499313831329,1.3677774493966614e-06,8.0,16.0,64.0,137.0,30014.0,32700.0,0.0111860483884811,0.5,0.0447441935539245,0.0111860483884811
van_havre,14,14,256,rseto_ipa_R256,292.7889099121094,170.07000732421875,256.0,128.0,137.0,0.5,0.05,50,50,64,9050,projected_sgd,e63fd45cd7e50f8fb6b7e0790da39726b948e2cad12a19f16f1de3f1e2a9cb4b,0.0001908012200146,5.834899674539429e-09,0.0138130811974406,1.6282252073287964,7.197011291282251e-05,4.069051265716553,9.664914354548925e-08,8.0,16.0,256.0,137.0,30014.0,32700.0,4.770030500367284e-05,0.5,0.0001908012200146,4.770030500367284e-05
van_havre,14,87,1,rseto_ipa_R1,288.317626953125,177.13406372070312,1.0,128.0,137.0,0.5,0.05,50,50,64,9050,projected_sgd,62ae7bd64d0144c8cd36d72a442dd28153562a097bbaf76225deb49b8a4a9dbd,0.884049654006958,2.7035157472710125e-05,0.9402391314506532,1.3837980031967163,0.4616695642471313,4.16301417350769,0.0028517731536469,8.0,16.0,1.0,137.0,30087.0,32700.0,0.2210124135017395,0.5,0.884049654006958,0.2210124135017395
van_havre,14,87,4,rseto_ipa_R4,288.2932434082031,184.95523071289065,4.0,128.0,137.0,0.5,0.05,50,50,64,9050,projected_sgd,62ae7bd64d0144c8cd36d72a442dd28153562a097bbaf76225deb49b8a4a9dbd,0.1024290025234222,3.132385472781607e-06,0.3200453221797943,1.3159483671188354,0.0591487102210521,4.184194028377533,0.0001936721665539,8.0,16.0,4.0,137.0,30087.0,32700.0,0.0256072506308555,0.5,0.1024290025234222,0.0256072506308555
van_havre,14,87,16,rseto_ipa_R16,287.86981201171875,207.5891571044922,16.0,128.0,137.0,0.5,0.05,50,50,64,9050,projected_sgd,62ae7bd64d0144c8cd36d72a442dd28153562a097bbaf76225deb49b8a4a9dbd,0.0675699934363365,2.066360593744321e-06,0.2599422931671142,1.0748553276062012,0.0584862604737281,4.199439823627472,2.940179540392559e-05,8.0,16.0,16.0,137.0,30087.0,32700.0,0.0168924983590841,0.5,0.0675699934363365,0.0168924983590841
van_havre,14,87,64,rseto_ipa_R64,288.2950134277344,183.4779510498047,64.0,128.0,137.0,0.5,0.05,50,50,64,9050,projected_sgd,62ae7bd64d0144c8cd36d72a442dd28153562a097bbaf76225deb49b8a4a9dbd,0.0290186554193496,8.874206400832918e-07,0.1703486293554306,1.216421604156494,0.0196114182472229,4.190472364425659,6.2916956267145e-06,8.0,16.0,64.0,137.0,30087.0,32700.0,0.0072546638548374,0.5,0.0290186554193496,0.0072546638548374
van_havre,14,87,256,rseto_ipa_R256,288.3219299316406,183.10154724121097,256.0,128.0,137.0,0.5,0.05,50,50,64,9050,projected_sgd,62ae7bd64d0144c8cd36d72a442dd28153562a097bbaf76225deb49b8a4a9dbd,0.0031898794695734,9.754982954746084e-08,0.0564790181815624,1.2269994020462036,0.0021187786478549,4.189488887786865,1.3925937309977598e-06,8.0,16.0,256.0,137.0,30087.0,32700.0,0.0007974698673933,0.5,0.0031898794695734,0.0007974698673933
van_havre,19,82,1,rseto_ipa_R1,283.6607666015625,211.28598022460935,1.0,128.0,137.0,0.5,0.05,50,50,64,9050,projected_sgd,e90c14de025c5c66c45a02b6be5e6e33f0a26e2a3ef3434173514d7a5d15ac0e,0.2824601233005523,8.312540558108594e-06,0.5314697623252869,1.446881890296936,0.1349245458841323,3.92502635717392,7.625704886241433e-05,8.0,16.0,1.0,137.0,30082.0,33980.0,0.070615030825138,0.5,0.2824601233005523,0.070615030825138
van_havre,19,82,4,rseto_ipa_R4,283.0498962402344,191.31854248046875,4.0,128.0,137.0,0.5,0.05,50,50,64,9050,projected_sgd,e90c14de025c5c66c45a02b6be5e6e33f0a26e2a3ef3434173514d7a5d15ac0e,0.2911063730716705,8.56699170981301e-06,0.5395427346229553,1.6094224452972412,0.1123858466744422,3.919367641210556,0.000257210291367,8.0,16.0,4.0,137.0,30082.0,33980.0,0.0727765932679176,0.5,0.2911063730716705,0.0727765932679176
van_havre,19,82,16,rseto_ipa_R16,283.10400390625,191.50799560546875,16.0,128.0,137.0,0.5,0.05,50,50,64,9050,projected_sgd,e90c14de025c5c66c45a02b6be5e6e33f0a26e2a3ef3434173514d7a5d15ac0e,0.2601296305656433,7.655374247406144e-06,0.5100290775299072,1.7700400352478027,0.0830278173089027,3.9222671389579777,2.617599940078565e-05,8.0,16.0,16.0,137.0,30082.0,33980.0,0.0650324076414108,0.5,0.2601296305656433,0.0650324076414108
van_havre,19,82,64,rseto_ipa_R64,282.81561279296875,190.44078063964844,64.0,128.0,137.0,0.5,0.05,50,50,64,9050,projected_sgd,e90c14de025c5c66c45a02b6be5e6e33f0a26e2a3ef3434173514d7a5d15ac0e,0.029997531324625,8.827996111904213e-07,0.1731979548931121,1.5791813135147097,0.0120287779718637,3.926474392414093,3.966929784025654e-06,8.0,16.0,64.0,137.0,30082.0,33980.0,0.0074993828311562,0.5,0.029997531324625,0.0074993828311562
van_havre,19,82,256,rseto_ipa_R256,283.1883239746094,190.54539489746097,256.0,128.0,137.0,0.5,0.05,50,50,64,9050,projected_sgd,e90c14de025c5c66c45a02b6be5e6e33f0a26e2a3ef3434173514d7a5d15ac0e,0.0104859648272395,3.085922628542903e-07,0.102401003241539,1.7362886667251587,0.0034782798029482,3.919707179069519,2.340067664720534e-06,8.0,16.0,256.0,137.0,30082.0,33980.0,0.0026214912068098,0.5,0.0104859648272395,0.0026214912068098
van_havre,19,15,1,rseto_ipa_R1,265.909423828125,175.24903869628906,1.0,128.0,137.0,0.5,0.05,50,50,64,9050,projected_sgd,cb34c1839b2176d4bd532159eec9244289e92c58cbc2897c030cbb7489f2c296,0.127809077501297,3.761303105420666e-06,0.3575039505958557,2.106138229370117,0.02881296351552,3.5922382473945618,0.0001737603659738,8.0,16.0,1.0,137.0,30015.0,33980.0,0.0319522693753242,0.5,0.127809077501297,0.0319522693753242
van_havre,19,15,4,rseto_ipa_R4,265.81005859375,169.12521362304688,4.0,128.0,137.0,0.5,0.05,50,50,64,9050,projected_sgd,cb34c1839b2176d4bd532159eec9244289e92c58cbc2897c030cbb7489f2c296,0.0273604579269886,8.051929967223259e-07,0.165409967303276,2.1338107585906982,0.0060091288760304,3.585213154554367,5.89778380220959e-05,8.0,16.0,4.0,137.0,30015.0,33980.0,0.0068401144817471,0.5,0.0273604579269886,0.0068401144817471
van_havre,19,15,16,rseto_ipa_R16,265.8544006347656,169.6731414794922,16.0,128.0,137.0,0.5,0.05,50,50,64,9050,projected_sgd,cb34c1839b2176d4bd532159eec9244289e92c58cbc2897c030cbb7489f2c296,0.0025816455017775,7.597544282589298e-08,0.0508098974823951,2.0982935428619385,0.0005863597616553,3.583498239517212,7.681831497003649e-06,8.0,16.0,16.0,137.0,30015.0,33980.0,0.0006454113754443,0.5,0.0025816455017775,0.0006454113754443
van_havre,19,15,64,rseto_ipa_R64,266.0060119628906,174.85330200195312,64.0,128.0,137.0,0.5,0.05,50,50,64,9050,projected_sgd,cb34c1839b2176d4bd532159eec9244289e92c58cbc2897c030cbb7489f2c296,0.0022686517331749,6.676432207086691e-08,0.0476303659379482,2.0947506427764893,0.0005170149961486,3.585752308368683,5.46089597313377e-06,8.0,16.0,64.0,137.0,30015.0,33980.0,0.0005671629332937,0.5,0.0022686517331749,0.0005671629332937
van_havre,19,15,256,rseto_ipa_R256,265.9474792480469,170.25579833984375,256.0,128.0,137.0,0.5,0.05,50,50,64,9050,projected_sgd,cb34c1839b2176d4bd532159eec9244289e92c58cbc2897c030cbb7489f2c296,0.0003127974341623,9.20533960169223e-09,0.0176860801875591,2.0801572799682617,7.22887780284509e-05,3.5852460265159607,8.719638628917892e-07,8.0,16.0,256.0,137.0,30015.0,33980.0,7.819935854058713e-05,0.5,0.0003127974341623,7.819935854058713e-05
van_havre,19,4,1,rseto_ipa_R1,294.20269775390625,155.79965209960938,1.0,128.0,137.0,0.5,0.05,50,50,64,9050,projected_sgd,014743b694c72e3462cf0b24c3b60bf7f34ee273e487c71e494f3e7151444f4a,3.3672170639038086,9.909408981911838e-05,1.8349978923797607,3.135134696960449,0.3425773680210113,3.5989401042461395,0.0009983716615228,8.0,16.0,1.0,137.0,30004.0,33980.0,0.8418042659759521,0.5,3.3672170639038086,0.8418042659759521
van_havre,19,4,4,rseto_ipa_R4,293.7684020996094,155.3126983642578,4.0,128.0,137.0,0.5,0.05,50,50,64,9050,projected_sgd,014743b694c72e3462cf0b24c3b60bf7f34ee273e487c71e494f3e7151444f4a,0.3084507882595062,9.07742196432082e-06,0.5553834438323975,3.1775221824645996,0.0305498223751783,3.609234780073166,0.0001514641825457,8.0,16.0,4.0,137.0,30004.0,33980.0,0.0771126970648765,0.5,0.3084507882595062,0.0771126970648765
van_havre,19,4,16,rseto_ipa_R16,294.0142822265625,156.74969482421875,16.0,128.0,137.0,0.5,0.05,50,50,64,9050,projected_sgd,014743b694c72e3462cf0b24c3b60bf7f34ee273e487c71e494f3e7151444f4a,0.115416519343853,3.3966014143516077e-06,0.3397300541400909,3.3496580123901367,0.0102864867076277,3.599371016025543,6.504074545432559e-05,8.0,16.0,16.0,137.0,30004.0,33980.0,0.0288541298359632,0.5,0.115416519343853,0.0288541298359632
van_havre,19,4,64,rseto_ipa_R64,293.97479248046875,156.44796752929688,64.0,128.0,137.0,0.5,0.05,50,50,64,9050,projected_sgd,014743b694c72e3462cf0b24c3b60bf7f34ee273e487c71e494f3e7151444f4a,3.493223190307617,0.0001028023325488,1.8690166473388672,2.587925434112549,0.5215822458267212,3.604205906391144,1.6619453110219444e-05,8.0,16.0,64.0,137.0,30004.0,33980.0,0.8733057975769043,0.5,3.493223190307617,0.8733057975769043
van_havre,19,4,256,rseto_ipa_R256,293.9962463378906,157.45677185058594,256.0,128.0,137.0,0.5,0.05,50,50,64,9050,projected_sgd,014743b694c72e3462cf0b24c3b60bf7f34ee273e487c71e494f3e7151444f4a,1.0772868394851685,3.170355557813309e-05,1.0379242897033691,2.748922824859619,0.1425628215074539,3.603458791971206,2.434585493408089e-05,8.0,16.0,256.0,137.0,30004.0,33980.0,0.2693217098712921,0.5,1.0772868394851685,0.2693217098712921
van_havre,19,95,1,rseto_ipa_R1,301.36029052734375,188.39537048339844,1.0,128.0,137.0,0.5,0.05,50,50,64,9050,projected_sgd,9ad55b69db990f153e8df55d08d68feb60c4decf80bac9cb3feaa01a3daf01f0,1.4838690757751465,4.366889697848819e-05,1.2181416749954224,1.7276556491851809,0.4971428513526916,4.113164246082306,0.0003490171611011,8.0,16.0,1.0,137.0,30095.0,33980.0,0.3709672689437866,0.5,1.4838690757751465,0.3709672689437866
van_havre,19,95,4,rseto_ipa_R4,301.5485534667969,187.8859100341797,4.0,128.0,137.0,0.5,0.05,50,50,64,9050,projected_sgd,9ad55b69db990f153e8df55d08d68feb60c4decf80bac9cb3feaa01a3daf01f0,0.3634126484394073,1.0694898264773656e-05,0.6028371453285217,2.0167899131774902,0.0893467292189598,4.105094850063324,0.0001745756827428,8.0,16.0,4.0,137.0,30095.0,33980.0,0.0908531621098518,0.5,0.3634126484394073,0.0908531621098518
van_havre,19,95,16,rseto_ipa_R16,301.64892578125,187.49972534179688,16.0,128.0,137.0,0.5,0.05,50,50,64,9050,projected_sgd,9ad55b69db990f153e8df55d08d68feb60c4decf80bac9cb3feaa01a3daf01f0,0.1592414379119873,4.6863283387210686e-06,0.3990506827831268,2.407885789871216,0.0274652987718582,4.101960122585297,3.410375753430474e-05,8.0,16.0,16.0,137.0,30095.0,33980.0,0.0398103594779968,0.5,0.1592414379119873,0.0398103594779968
van_havre,19,95,64,rseto_ipa_R64,301.5569152832031,187.5791015625,64.0,128.0,137.0,0.5,0.05,50,50,64,9050,projected_sgd,9ad55b69db990f153e8df55d08d68feb60c4decf80bac9cb3feaa01a3daf01f0,0.0264078602194786,7.771589025651338e-07,0.162504956126213,2.470653533935547,0.0043262289837002,4.101966023445129,7.370170919784869e-06,8.0,16.0,64.0,137.0,30095.0,33980.0,0.0066019650548696,0.5,0.0264078602194786,0.0066019650548696
van_havre,19,95,256,rseto_ipa_R256,301.5331115722656,187.846923828125,256.0,128.0,137.0,0.5,0.05,50,50,64,9050,projected_sgd,9ad55b69db990f153e8df55d08d68feb60c4decf80bac9cb3feaa01a3daf01f0,0.0106929633766412,3.14684029945056e-07,0.1034067869186401,2.458503246307373,0.0017691167304292,4.103318691253662,1.1293606283808394e-06,8.0,16.0,256.0,137.0,30095.0,33980.0,0.0026732408441603,0.5,0.0106929633766412,0.0026732408441603
van_havre,19,36,1,rseto_ipa_R1,273.01104736328125,155.74217224121094,1.0,128.0,137.0,0.5,0.05,50,50,64,9050,projected_sgd,344353085eac7599368c8293b9d7b13c9b161e2328eea7c4c8f4372fd91d881f,0.3879615664482116,1.1417350833653472e-05,0.622865617275238,1.3898522853851318,0.2008405476808548,3.827053964138031,0.0005175100768732,8.0,16.0,1.0,137.0,30036.0,33980.0,0.0969903916120529,0.5,0.3879615664482116,0.0969903916120529
van_havre,19,36,4,rseto_ipa_R4,273.0832214355469,155.34994506835938,4.0,128.0,137.0,0.5,0.05,50,50,64,9050,projected_sgd,344353085eac7599368c8293b9d7b13c9b161e2328eea7c4c8f4372fd91d881f,0.2055496275424957,6.049135663488414e-06,0.4533758163452148,1.2735415697097778,0.1267332136631012,3.8177996277809143,0.0001015401022925,8.0,16.0,4.0,137.0,30036.0,33980.0,0.0513874068856239,0.5,0.2055496275424957,0.0513874068856239
van_havre,19,36,16,rseto_ipa_R16,273.135009765625,155.51266479492188,16.0,128.0,137.0,0.5,0.05,50,50,64,9050,projected_sgd,344353085eac7599368c8293b9d7b13c9b161e2328eea7c4c8f4372fd91d881f,0.0544757582247257,1.6031711993491626e-06,0.2334004193544387,1.4584226608276367,0.0256115850061178,3.813025116920471,1.0764335408046982e-05,8.0,16.0,16.0,137.0,30036.0,33980.0,0.0136189395561814,0.5,0.0544757582247257,0.0136189395561814
van_havre,19,36,64,rseto_ipa_R64,273.2282409667969,154.80714416503906,64.0,128.0,137.0,0.5,0.05,50,50,64,9050,projected_sgd,344353085eac7599368c8293b9d7b13c9b161e2328eea7c4c8f4372fd91d881f,0.0354177504777908,1.0423116236779606e-06,0.1881960481405258,1.4681411981582642,0.0164318084716796,3.810681700706482,9.385229369789676e-06,8.0,16.0,64.0,137.0,30036.0,33980.0,0.0088544376194477,0.5,0.0354177504777908,0.0088544376194477
van_havre,19,36,256,rseto_ipa_R256,273.0374450683594,155.93382263183594,256.0,128.0,137.0,0.5,0.05,50,50,64,9050,projected_sgd,344353085eac7599368c8293b9d7b13c9b161e2328eea7c4c8f4372fd91d881f,0.0038683004677295,1.1384050679907889e-07,0.0621956624090671,1.3143885135650637,0.0022390957456082,3.816866338253021,3.66568863390577e-07,8.0,16.0,256.0,137.0,30036.0,33980.0,0.0009670751169323,0.5,0.0038683004677295,0.0009670751169323
van_havre,19,32,1,rseto_ipa_R1,290.4045715332031,165.5683135986328,1.0,128.0,137.0,0.5,0.05,50,50,64,9050,projected_sgd,0e8e7ba1b996a83247ff72e097e04945b4323c5a483812f55a660af0e25531b8,193.3007049560547,0.0056886612437665,13.9032621383667,26.521005630493164,0.274823248386383,11.695979356765749,0.2323674832984059,8.0,16.0,1.0,137.0,30032.0,33980.0,48.32517623901367,0.5,193.3007049560547,48.32517623901367
van_havre,19,32,4,rseto_ipa_R4,290.48431396484375,165.65399169921875,4.0,128.0,137.0,0.5,0.05,50,50,64,9050,projected_sgd,0e8e7ba1b996a83247ff72e097e04945b4323c5a483812f55a660af0e25531b8,10.562565803527832,0.0003108465461991,3.2500100135803223,25.606460571289062,0.0161090642213821,11.911080718040466,0.0074111968668505,8.0,16.0,4.0,137.0,30032.0,33980.0,2.640641450881958,0.5,10.562565803527832,2.640641450881958
van_havre,19,32,16,rseto_ipa_R16,290.1590270996094,164.78880310058594,16.0,128.0,137.0,0.5,0.05,50,50,64,9050,projected_sgd,0e8e7ba1b996a83247ff72e097e04945b4323c5a483812f55a660af0e25531b8,4.698566436767578,0.0001382744667353,2.1676177978515625,25.27357292175293,0.0073558371514081,11.745592594146729,0.0085756407830298,8.0,16.0,16.0,137.0,30032.0,33980.0,1.1746416091918943,0.5,4.698566436767578,1.1746416091918943
van_havre,19,32,64,rseto_ipa_R64,290.41400146484375,165.7230224609375,64.0,128.0,137.0,0.5,0.05,50,50,64,9050,projected_sgd,0e8e7ba1b996a83247ff72e097e04945b4323c5a483812f55a660af0e25531b8,1.104841232299805,3.251445741625503e-05,1.0511143207550049,25.321800231933594,0.0017231007805094,11.8117995262146,0.0045301323435913,8.0,16.0,64.0,137.0,30032.0,33980.0,0.2762103080749511,0.5,1.104841232299805,0.2762103080749511
van_havre,19,32,256,rseto_ipa_R256,290.57684326171875,165.9130096435547,256.0,128.0,137.0,0.5,0.05,50,50,64,9050,projected_sgd,0e8e7ba1b996a83247ff72e097e04945b4323c5a483812f55a660af0e25531b8,2.0090599060058594,5.912477718084119e-05,1.4174131155014038,25.378576278686523,0.0031193087343126,11.852027297019958,0.0043812929779798,8.0,16.0,256.0,137.0,30032.0,33980.0,0.5022649765014648,0.5,2.0090599060058594,0.5022649765014648
van_havre,19,29,1,rseto_ipa_R1,288.7942199707031,173.28665161132812,1.0,128.0,137.0,0.5,0.05,50,50,64,9050,projected_sgd,439de3d690b01dbb6f7a8469b4b9b8672c57793ee92d3786cd52bd508352ce25,0.6621502041816711,1.9486467863316648e-05,0.8137261271476746,3.043858766555786,0.071467325091362,4.046815872192383,0.0002789492497348,8.0,16.0,1.0,137.0,30029.0,33980.0,0.1655375510454177,0.5,0.6621502041816711,0.1655375510454177
van_havre,19,29,4,rseto_ipa_R4,288.7070617675781,174.9411163330078,4.0,128.0,137.0,0.5,0.05,50,50,64,9050,projected_sgd,439de3d690b01dbb6f7a8469b4b9b8672c57793ee92d3786cd52bd508352ce25,0.0891112312674522,2.6224611247016583e-06,0.2985150516033172,3.1314895153045654,0.0090872086584568,4.041854381561279,4.93941136353117e-05,8.0,16.0,4.0,137.0,30029.0,33980.0,0.022277807816863,0.5,0.0891112312674522,0.022277807816863
van_havre,19,29,16,rseto_ipa_R16,288.7604675292969,172.3188018798828,16.0,128.0,137.0,0.5,0.05,50,50,64,9050,projected_sgd,439de3d690b01dbb6f7a8469b4b9b8672c57793ee92d3786cd52bd508352ce25,0.1668572425842285,4.91045466333162e-06,0.408481627702713,3.660266876220703,0.0124543067067861,4.023413717746735,4.0306926974510914e-05,8.0,16.0,16.0,137.0,30029.0,33980.0,0.0417143106460571,0.5,0.1668572425842285,0.0417143106460571
van_havre,19,29,64,rseto_ipa_R64,288.9371337890625,173.11343383789062,64.0,128.0,137.0,0.5,0.05,50,50,64,9050,projected_sgd,439de3d690b01dbb6f7a8469b4b9b8672c57793ee92d3786cd52bd508352ce25,0.0092737777158617,2.7291869741929986e-07,0.0963004529476165,3.586313486099243,0.0007210413459688,4.023055732250214,5.062652426041885e-06,8.0,16.0,64.0,137.0,30029.0,33980.0,0.0023184444289654,0.5,0.0092737777158617,0.0023184444289654
van_havre,19,29,256,rseto_ipa_R256,288.984130859375,175.18603515625,256.0,128.0,137.0,0.5,0.05,50,50,64,9050,projected_sgd,439de3d690b01dbb6f7a8469b4b9b8672c57793ee92d3786cd52bd508352ce25,0.0033712254371494,9.921205190721595e-08,0.0580622553825378,3.515676498413086,0.0002727532701101,4.024249196052551,6.455918699949896e-07,8.0,16.0,256.0,137.0,30029.0,33980.0,0.0008428063592873,0.5,0.0033712254371494,0.0008428063592873
van_havre,19,18,1,rseto_ipa_R1,291.4490661621094,158.00726318359375,1.0,128.0,137.0,0.5,0.05,50,50,64,9050,projected_sgd,4a91b525a05403bd2ba4d60081a6b7d241a91ee42b190c869365c0435cb30eac,0.324854701757431,9.560173566569574e-06,0.5699602365493774,1.4784334897994995,0.148622840642929,3.9090048372745514,0.0001816291255626,8.0,16.0,1.0,137.0,30018.0,33980.0,0.0812136754393577,0.5,0.324854701757431,0.0812136754393577
van_havre,19,18,4,rseto_ipa_R4,291.376220703125,157.82244873046875,4.0,128.0,137.0,0.5,0.05,50,50,64,9050,projected_sgd,4a91b525a05403bd2ba4d60081a6b7d241a91ee42b190c869365c0435cb30eac,0.0236840676516294,6.970002459638636e-07,0.1538962870836258,1.3706367015838623,0.0126069961115717,3.910075664520264,2.213870410676983e-05,8.0,16.0,4.0,137.0,30018.0,33980.0,0.0059210169129073,0.5,0.0236840676516294,0.0059210169129073
van_havre,19,18,16,rseto_ipa_R16,291.2957458496094,157.85183715820312,16.0,128.0,137.0,0.5,0.05,50,50,64,9050,projected_sgd,4a91b525a05403bd2ba4d60081a6b7d241a91ee42b190c869365c0435cb30eac,0.0513137094676494,1.5101149983820503e-06,0.2265252918004989,1.578559160232544,0.0205926243215799,3.905933111906051,8.40459388586266e-06,8.0,16.0,16.0,137.0,30018.0,33980.0,0.0128284273669123,0.5,0.0513137094676494,0.0128284273669123
van_havre,19,18,64,rseto_ipa_R64,291.3786926269531,158.71282958984375,64.0,128.0,137.0,0.5,0.05,50,50,64,9050,projected_sgd,4a91b525a05403bd2ba4d60081a6b7d241a91ee42b190c869365c0435cb30eac,0.0034095565788447,1.0034010244908133e-07,0.0583914071321487,1.4679888486862185,0.0015821673441678,3.906683176755905,2.7705961370218446e-06,8.0,16.0,64.0,137.0,30018.0,33980.0,0.0008523891447111,0.5,0.0034095565788447,0.0008523891447111
van_havre,19,18,256,rseto_ipa_R256,291.49566650390625,158.13351440429688,256.0,128.0,137.0,0.5,0.05,50,50,64,9050,projected_sgd,4a91b525a05403bd2ba4d60081a6b7d241a91ee42b190c869365c0435cb30eac,0.0013122991658747,3.861975272911877e-08,0.0362256690859794,1.4836077690124512,0.000596203666646,3.9051128923892975,4.956362015410118e-07,8.0,16.0,256.0,137.0,30018.0,33980.0,0.0003280747914686,0.5,0.0013122991658747,0.0003280747914686
van_havre,19,14,1,rseto_ipa_R1,282.8498840332031,173.734619140625,1.0,128.0,137.0,0.5,0.05,50,50,64,9050,projected_sgd,8b60cc7cd2d0502657b6d4a688ac57f4e62662c311c90c8b07a99216e8412a45,2.4577975273132324,7.233070937218145e-05,1.5677363872528076,2.334601879119873,0.4509417414665222,3.838241159915924,0.0003908698011392,8.0,16.0,1.0,137.0,30014.0,33980.0,0.6144493818283081,0.5,2.4577975273132324,0.6144493818283081
van_havre,19,14,4,rseto_ipa_R4,283.1247863769531,173.3290557861328,4.0,128.0,137.0,0.5,0.05,50,50,64,9050,projected_sgd,8b60cc7cd2d0502657b6d4a688ac57f4e62662c311c90c8b07a99216e8412a45,0.5171884298324585,1.5220377463265322e-05,0.7191581130027771,2.571049928665161,0.0782398134469986,3.829364240169525,0.0002286688634082,8.0,16.0,4.0,137.0,30014.0,33980.0,0.1292971074581146,0.5,0.5171884298324585,0.1292971074581146
van_havre,19,14,16,rseto_ipa_R16,282.3260803222656,173.89390563964844,16.0,128.0,137.0,0.5,0.05,50,50,64,9050,projected_sgd,8b60cc7cd2d0502657b6d4a688ac57f4e62662c311c90c8b07a99216e8412a45,0.0797821730375289,2.3479155970562715e-06,0.2824573814868927,2.220493793487549,0.0161810517311096,3.8462992310523982,3.643236641031373e-05,8.0,16.0,16.0,137.0,30014.0,33980.0,0.0199455432593822,0.5,0.0797821730375289,0.0199455432593822
van_havre,19,14,64,rseto_ipa_R64,283.6474304199219,174.49627685546875,64.0,128.0,137.0,0.5,0.05,50,50,64,9050,projected_sgd,8b60cc7cd2d0502657b6d4a688ac57f4e62662c311c90c8b07a99216e8412a45,0.0277675986289978,8.171747936103202e-07,0.166636124253273,2.6452038288116455,0.0039684418588876,3.824647754430771,2.454007541631751e-05,8.0,16.0,64.0,137.0,30014.0,33980.0,0.0069418996572494,0.5,0.0277675986289978,0.0069418996572494
van_havre,19,14,256,rseto_ipa_R256,283.5266418457031,174.1775665283203,256.0,128.0,137.0,0.5,0.05,50,50,64,9050,projected_sgd,8b60cc7cd2d0502657b6d4a688ac57f4e62662c311c90c8b07a99216e8412a45,0.0157538410276174,4.636209780528589e-07,0.1255142986774444,2.605454683303833,0.0023207021877169,3.8265833854675297,3.073536406970691e-06,8.0,16.0,256.0,137.0,30014.0,33980.0,0.0039384602569043,0.5,0.0157538410276174,0.0039384602569043
van_havre,19,87,1,rseto_ipa_R1,275.4684753417969,175.20562744140625,1.0,128.0,137.0,0.5,0.05,50,50,64,9050,projected_sgd,2d8482644992adbc5177e00461037ae5db4729538c8910256bd5a2d680a792dc,12.918256759643556,0.0003801723651122,3.5941977500915527,18.512706756591797,0.0376932881772518,16.002152681350708,0.00985742410681,8.0,16.0,1.0,137.0,30087.0,33980.0,3.2295641899108887,0.5,12.918256759643556,3.2295641899108887
van_havre,19,87,4,rseto_ipa_R4,275.4653015136719,175.4898681640625,4.0,128.0,137.0,0.5,0.05,50,50,64,9050,projected_sgd,2d8482644992adbc5177e00461037ae5db4729538c8910256bd5a2d680a792dc,4.749379634857178,0.000139769850648,2.179307222366333,16.587478637695312,0.0172614026814699,15.938018679618835,0.0025629340035493,8.0,16.0,4.0,137.0,30087.0,33980.0,1.1873449087142944,0.5,4.749379634857178,1.1873449087142944
van_havre,19,87,16,rseto_ipa_R16,275.34515380859375,179.11459350585938,16.0,128.0,137.0,0.5,0.05,50,50,64,9050,projected_sgd,2d8482644992adbc5177e00461037ae5db4729538c8910256bd5a2d680a792dc,5.6026225090026855,0.0001648800098337,2.366986036300659,16.811992645263672,0.0198222510516643,15.944117665290833,0.001271177757433,8.0,16.0,16.0,137.0,30087.0,33980.0,1.4006556272506714,0.5,5.6026225090026855,1.4006556272506714
van_havre,19,87,64,rseto_ipa_R64,275.4300537109375,177.0376434326172,64.0,128.0,137.0,0.5,0.05,50,50,64,9050,projected_sgd,2d8482644992adbc5177e00461037ae5db4729538c8910256bd5a2d680a792dc,6.791532516479492,0.0001998685329454,2.6060569286346436,17.054317474365234,0.0233506560325622,15.95794928073883,0.0071267135538326,8.0,16.0,64.0,137.0,30087.0,33980.0,1.697883129119873,0.5,6.791532516479492,1.697883129119873
van_havre,19,87,256,rseto_ipa_R256,275.26104736328125,182.9483184814453,256.0,128.0,137.0,0.5,0.05,50,50,64,9050,projected_sgd,2d8482644992adbc5177e00461037ae5db4729538c8910256bd5a2d680a792dc,6.932102680206299,0.0002040053805103,2.6328885555267334,16.277000427246094,0.0261647291481494,15.888657808303831,0.0015335842500202,8.0,16.0,256.0,137.0,30087.0,33980.0,1.7330256700515747,0.5,6.932102680206299,1.7330256700515747
van_havre,24,82,1,rseto_ipa_R1,296.8445129394531,194.9517059326172,1.0,128.0,137.0,0.5,0.05,50,50,64,9050,projected_sgd,f65e2e3fee45552dfb040927016ac1bc1e174b76c30dedf9d31858b6be12e52a,2.152315139770508,6.104126805439591e-05,1.4670770168304443,1.795351266860962,0.6677393913269043,3.859330654144287,0.0006400807474327,8.0,16.0,1.0,137.0,30082.0,35260.0,0.538078784942627,0.5,2.152315139770508,0.538078784942627
van_havre,24,82,4,rseto_ipa_R4,296.1184997558594,195.1986541748047,4.0,128.0,137.0,0.5,0.05,50,50,64,9050,projected_sgd,f65e2e3fee45552dfb040927016ac1bc1e174b76c30dedf9d31858b6be12e52a,0.5466557741165161,1.550356682855636e-05,0.7393617033958435,1.5832091569900513,0.2180908024311065,3.870301514863968,8.59957527420566e-05,8.0,16.0,4.0,137.0,30082.0,35260.0,0.136663943529129,0.5,0.5466557741165161,0.136663943529129
van_havre,24,82,16,rseto_ipa_R16,296.24652099609375,194.09266662597656,16.0,128.0,137.0,0.5,0.05,50,50,64,9050,projected_sgd,f65e2e3fee45552dfb040927016ac1bc1e174b76c30dedf9d31858b6be12e52a,0.2655355334281921,7.530786660936428e-06,0.5153014063835144,1.7175047397613523,0.0900174528360366,3.869441330432892,1.7603170862555218e-05,8.0,16.0,16.0,137.0,30082.0,35260.0,0.066383883357048,0.5,0.2655355334281921,0.066383883357048
van_havre,24,82,64,rseto_ipa_R64,296.1556396484375,194.22555541992188,64.0,128.0,137.0,0.5,0.05,50,50,64,9050,projected_sgd,f65e2e3fee45552dfb040927016ac1bc1e174b76c30dedf9d31858b6be12e52a,0.0695243552327156,1.971762685570866e-06,0.2636747062206268,1.5014907121658323,0.0308383870869874,3.8706753849983215,6.184809352914401e-06,8.0,16.0,64.0,137.0,30082.0,35260.0,0.0173810888081789,0.5,0.0695243552327156,0.0173810888081789
van_havre,24,82,256,rseto_ipa_R256,296.09466552734375,194.18421936035156,256.0,128.0,137.0,0.5,0.05,50,50,64,9050,projected_sgd,f65e2e3fee45552dfb040927016ac1bc1e174b76c30dedf9d31858b6be12e52a,0.0106394914910197,3.0174393828019674e-07,0.1031479090452194,1.391089677810669,0.0054980739951133,3.87380912899971,8.722118575324853e-07,8.0,16.0,256.0,137.0,30082.0,35260.0,0.0026598728727549,0.5,0.0106394914910197,0.0026598728727549
van_havre,24,15,1,rseto_ipa_R1,317.1802673339844,167.0242156982422,1.0,128.0,137.0,0.5,0.05,50,50,64,9050,projected_sgd,5a78676afe9eb620446c1fe56d9a29cfcfcf328a303b8ba592aa354981a60fa2,1.8723535537719729,5.3101350204087794e-05,1.3683396577835083,4.8152689933776855,0.0807507783174514,3.779195129871368,0.0003580560513317,8.0,16.0,1.0,137.0,30015.0,35260.0,0.4680883884429931,0.5,1.8723535537719729,0.4680883884429931
van_havre,24,15,4,rseto_ipa_R4,313.9024353027344,168.7451629638672,4.0,128.0,137.0,0.5,0.05,50,50,64,9050,projected_sgd,5a78676afe9eb620446c1fe56d9a29cfcfcf328a303b8ba592aa354981a60fa2,1.346552491188049,3.8189235056051984e-05,1.1604105234146118,4.1279754638671875,0.0790221989154815,3.8171226382255554,0.0002113605019522,8.0,16.0,4.0,137.0,30015.0,35260.0,0.3366381227970123,0.5,1.346552491188049,0.3366381227970123
van_havre,24,15,16,rseto_ipa_R16,314.5096130371094,167.7898406982422,16.0,128.0,137.0,0.5,0.05,50,50,64,9050,projected_sgd,5a78676afe9eb620446c1fe56d9a29cfcfcf328a303b8ba592aa354981a60fa2,0.0703429654240608,1.994979129449348e-06,0.2652224898338318,4.047872066497803,0.0042930617928504,3.8131851255893703,1.6591134371627243e-05,8.0,16.0,16.0,137.0,30015.0,35260.0,0.0175857413560152,0.5,0.0703429654240608,0.0175857413560152
van_havre,24,15,64,rseto_ipa_R64,314.42474365234375,167.98712158203125,64.0,128.0,137.0,0.5,0.05,50,50,64,9050,projected_sgd,5a78676afe9eb620446c1fe56d9a29cfcfcf328a303b8ba592aa354981a60fa2,0.0797577425837516,2.2619892661168706e-06,0.2824141383171081,4.147438049316406,0.0046367431059479,3.81077241897583,2.020933456086433e-05,8.0,16.0,64.0,137.0,30015.0,35260.0,0.0199394356459379,0.5,0.0797577425837516,0.0199394356459379
van_havre,24,15,256,rseto_ipa_R256,317.39703369140625,166.8550262451172,256.0,128.0,137.0,0.5,0.05,50,50,64,9050,projected_sgd,5a78676afe9eb620446c1fe56d9a29cfcfcf328a303b8ba592aa354981a60fa2,0.0344378426671028,9.766830544322147e-07,0.1855743527412414,4.825394630432129,0.0014790070708841,3.776691347360611,6.416196793931509e-06,8.0,16.0,256.0,137.0,30015.0,35260.0,0.0086094606667757,0.5,0.0344378426671028,0.0086094606667757
van_havre,24,4,1,rseto_ipa_R1,273.9786682128906,157.3851776123047,1.0,128.0,137.0,0.5,0.05,50,50,64,9050,projected_sgd,24f8fdf6639f15d45bc8b33c914ce3cae4852577ec012af04d0679354cfd478e,0.4219807088375091,1.1967688806180377e-05,0.6496004462242126,1.5117411613464355,0.1846450716257095,3.7449082136154175,0.0004315736799428,8.0,16.0,1.0,137.0,30004.0,35260.0,0.1054951772093772,0.5,0.4219807088375091,0.1054951772093772
van_havre,24,4,4,rseto_ipa_R4,273.95550537109375,157.38739013671875,4.0,128.0,137.0,0.5,0.05,50,50,64,9050,projected_sgd,24f8fdf6639f15d45bc8b33c914ce3cae4852577ec012af04d0679354cfd478e,0.0816830992698669,2.3165939637692645e-06,0.2858025431632995,1.327792763710022,0.046330988407135,3.7567138969898224,7.648999398363847e-05,8.0,16.0,4.0,137.0,30004.0,35260.0,0.0204207748174667,0.5,0.0816830992698669,0.0204207748174667
van_havre,24,4,16,rseto_ipa_R16,273.95526123046875,157.57833862304688,16.0,128.0,137.0,0.5,0.05,50,50,64,9050,projected_sgd,24f8fdf6639f15d45bc8b33c914ce3cae4852577ec012af04d0679354cfd478e,0.040240965783596,1.1412639651098289e-06,0.2006015032529831,1.360201120376587,0.0217501427978277,3.756220579147339,1.5507840868979527e-05,8.0,16.0,16.0,137.0,30004.0,35260.0,0.010060241445899,0.5,0.040240965783596,0.010060241445899
van_havre,24,4,64,rseto_ipa_R64,273.950927734375,157.31198120117188,64.0,128.0,137.0,0.5,0.05,50,50,64,9050,projected_sgd,24f8fdf6639f15d45bc8b33c914ce3cae4852577ec012af04d0679354cfd478e,0.0059607913717627,1.6905251243315433e-07,0.0772061645984649,1.3186208009719849,0.0034281834959983,3.758063018321991,1.8681211478061804e-06,8.0,16.0,64.0,137.0,30004.0,35260.0,0.0014901978429406,0.5,0.0059607913717627,0.0014901978429406
van_havre,24,4,256,rseto_ipa_R256,273.9516906738281,157.5309600830078,256.0,128.0,137.0,0.5,0.05,50,50,64,9050,projected_sgd,24f8fdf6639f15d45bc8b33c914ce3cae4852577ec012af04d0679354cfd478e,0.0024014555383473,6.810707731119693e-08,0.0490046478807926,1.316889762878418,0.001384763745591,3.7583882808685303,2.427591799200205e-06,8.0,16.0,256.0,137.0,30004.0,35260.0,0.0006003638845868,0.5,0.0024014555383473,0.0006003638845868
van_havre,24,95,1,rseto_ipa_R1,301.2046813964844,190.9679718017578,1.0,128.0,137.0,0.5,0.05,50,50,64,9050,projected_sgd,034a99a1b5b26fc7df9732d0902f029688a018e153bc371c25ec215c4322a6d6,1.1363520622253418,3.222779560019262e-05,1.0659981966018677,2.808480024337769,0.1440688967704773,3.7176401615142822,0.000178243643534,8.0,16.0,1.0,137.0,30095.0,35260.0,0.2840880155563354,0.5,1.1363520622253418,0.2840880155563354
van_havre,24,95,4,rseto_ipa_R4,301.2313232421875,191.02037048339844,4.0,128.0,137.0,0.5,0.05,50,50,64,9050,projected_sgd,034a99a1b5b26fc7df9732d0902f029688a018e153bc371c25ec215c4322a6d6,0.160693734884262,4.557394731818931e-06,0.4008662402629852,2.872722864151001,0.0194720402359962,3.712019443511963,0.0001830162681406,8.0,16.0,4.0,137.0,30095.0,35260.0,0.0401734337210655,0.5,0.160693734884262,0.0401734337210655
van_havre,24,95,16,rseto_ipa_R16,301.2226867675781,191.1608734130859,16.0,128.0,137.0,0.5,0.05,50,50,64,9050,projected_sgd,034a99a1b5b26fc7df9732d0902f029688a018e153bc371c25ec215c4322a6d6,0.055288016796112,1.5680095657444326e-06,0.2351340353488922,2.930210828781128,0.0064392206259071,3.714529871940613,1.2815516259122108e-05,8.0,16.0,16.0,137.0,30095.0,35260.0,0.013822004199028,0.5,0.055288016796112,0.013822004199028
van_havre,24,95,64,rseto_ipa_R64,301.2254333496094,191.0667266845703,64.0,128.0,137.0,0.5,0.05,50,50,64,9050,projected_sgd,034a99a1b5b26fc7df9732d0902f029688a018e153bc371c25ec215c4322a6d6,0.0459158532321453,1.3022079201618908e-06,0.2142798453569412,3.0438642501831055,0.0049557806923985,3.712503701448441,6.625924136471895e-06,8.0,16.0,64.0,137.0,30095.0,35260.0,0.0114789633080363,0.5,0.0459158532321453,0.0114789633080363
van_havre,24,95,256,rseto_ipa_R256,301.2481384277344,191.2532196044922,256.0,128.0,137.0,0.5,0.05,50,50,64,9050,projected_sgd,034a99a1b5b26fc7df9732d0902f029688a018e153bc371c25ec215c4322a6d6,0.0045245019719004,1.2831826268211446e-07,0.0672644153237342,3.002993583679199,0.0005017206422053,3.7131486237049103,1.956461402536596e-06,8.0,16.0,256.0,137.0,30095.0,35260.0,0.0011311254929751,0.5,0.0045245019719004,0.0011311254929751
van_havre,24,36,1,rseto_ipa_R1,294.9388427734375,157.2416534423828,1.0,128.0,137.0,0.5,0.05,50,50,64,9050,projected_sgd,38edd7c92e557218e0e5da00079ebae40f281643899ce6f87ea9cc759703b5d7,11.110825538635254,0.0003151113342028,3.3332905769348145,26.57183074951172,0.0157363265752792,21.206807374954224,0.0138506489227308,8.0,16.0,1.0,137.0,30036.0,35260.0,2.7777063846588135,0.5,11.110825538635254,2.7777063846588135
van_havre,24,36,4,rseto_ipa_R4,295.3883361816406,157.06842041015625,4.0,128.0,137.0,0.5,0.05,50,50,64,9050,projected_sgd,38edd7c92e557218e0e5da00079ebae40f281643899ce6f87ea9cc759703b5d7,6.041721820831299,0.0001713477540761,2.457991361618042,27.943696975708008,0.0077373636886477,21.316601753234863,0.0056393232454346,8.0,16.0,4.0,137.0,30036.0,35260.0,1.5104304552078247,0.5,6.041721820831299,1.5104304552078247
van_havre,24,36,16,rseto_ipa_R16,295.3609619140625,156.33396911621094,16.0,128.0,137.0,0.5,0.05,50,50,64,9050,projected_sgd,38edd7c92e557218e0e5da00079ebae40f281643899ce6f87ea9cc759703b5d7,9.542052268981934,0.0002706197556108,3.0890212059020996,28.19634056091309,0.0120020741596817,21.325639009475708,0.0036547840748945,8.0,16.0,16.0,137.0,30036.0,35260.0,2.3855130672454834,0.5,9.542052268981934,2.3855130672454834
van_havre,24,36,64,rseto_ipa_R64,295.13018798828125,155.99659729003906,64.0,128.0,137.0,0.5,0.05,50,50,64,9050,projected_sgd,38edd7c92e557218e0e5da00079ebae40f281643899ce6f87ea9cc759703b5d7,1.4543428421020508,4.124625047552399e-05,1.2059613466262815,27.55019187927246,0.0019160972442477,21.2617347240448,0.0007421101669413,8.0,16.0,64.0,137.0,30036.0,35260.0,0.3635857105255127,0.5,1.4543428421020508,0.3635857105255127
van_havre,24,36,256,rseto_ipa_R256,295.51678466796875,158.24380493164062,256.0,128.0,137.0,0.5,0.05,50,50,64,9050,projected_sgd,38edd7c92e557218e0e5da00079ebae40f281643899ce6f87ea9cc759703b5d7,0.242077350616455,6.865494924568338e-06,0.4920135736465454,28.327463150024418,0.0003016746486537,21.332452297210693,0.0006078311549312,8.0,16.0,256.0,137.0,30036.0,35260.0,0.0605193376541137,0.5,0.242077350616455,0.0605193376541137
van_havre,24,32,1,rseto_ipa_R1,293.7807922363281,167.1687774658203,1.0,128.0,137.0,0.5,0.05,50,50,64,9050,projected_sgd,7ddc4c2625d48f6738f51037be51831c37c04e58a0aa4965b9790c3ecd0145bb,1.196589112281799,3.393616134417243e-05,1.093887209892273,2.740727424621582,0.1592991203069687,3.815688282251358,0.0001540630250106,8.0,16.0,1.0,137.0,30032.0,35260.0,0.2991472780704498,0.5,1.196589112281799,0.2991472780704498
van_havre,24,32,4,rseto_ipa_R4,293.84234619140625,166.84275817871094,4.0,128.0,137.0,0.5,0.05,50,50,64,9050,projected_sgd,7ddc4c2625d48f6738f51037be51831c37c04e58a0aa4965b9790c3ecd0145bb,0.0618399679660797,1.7538277461426333e-06,0.2486764341592788,2.617257595062256,0.0090276831761002,3.8160753548145294,2.2425818354828868e-05,8.0,16.0,4.0,137.0,30032.0,35260.0,0.0154599919915199,0.5,0.0618399679660797,0.0154599919915199
van_havre,24,32,16,rseto_ipa_R16,293.9270935058594,166.75360107421875,16.0,128.0,137.0,0.5,0.05,50,50,64,9050,projected_sgd,7ddc4c2625d48f6738f51037be51831c37c04e58a0aa4965b9790c3ecd0145bb,0.0606872104108333,1.7211347085321904e-06,0.2463477402925491,2.6550838947296143,0.0086087612435221,3.8144030272960663,2.2408536055300893e-05,8.0,16.0,16.0,137.0,30032.0,35260.0,0.0151718026027083,0.5,0.0606872104108333,0.0151718026027083
van_havre,24,32,64,rseto_ipa_R64,293.83355712890625,167.2432861328125,64.0,128.0,137.0,0.5,0.05,50,50,64,9050,projected_sgd,7ddc4c2625d48f6738f51037be51831c37c04e58a0aa4965b9790c3ecd0145bb,0.0162626784294843,4.6122173102958186e-07,0.1275252103805542,2.724360942840576,0.0021911030635237,3.8128969073295593,1.1573215447567366e-06,8.0,16.0,64.0,137.0,30032.0,35260.0,0.004065669607371,0.5,0.0162626784294843,0.004065669607371
van_havre,24,32,256,rseto_ipa_R256,293.6547546386719,167.07177734375,256.0,128.0,137.0,0.5,0.05,50,50,64,9050,projected_sgd,7ddc4c2625d48f6738f51037be51831c37c04e58a0aa4965b9790c3ecd0145bb,0.4686753451824188,1.3291984032548498e-05,0.6845986843109131,2.586460828781128,0.0700584053993225,3.8191204369068146,2.178970322473463e-05,8.0,16.0,256.0,137.0,30032.0,35260.0,0.1171688362956047,0.5,0.4686753451824188,0.1171688362956047
van_havre,24,29,1,rseto_ipa_R1,304.2948303222656,167.3448486328125,1.0,128.0,137.0,0.5,0.05,50,50,64,9050,projected_sgd,ebc5b3dcf6b371418d919278962342ffc5663f5fc9ed357ebc15e858e930a4bf,0.0093323960900306,2.6467373004379624e-07,0.0966043248772621,1.4752997159957886,0.0042877816595137,4.1114948987960815,4.248543341743373e-05,8.0,16.0,1.0,137.0,30029.0,35260.0,0.0023330990225076,0.5,0.0093323960900306,0.0023330990225076
van_havre,24,29,4,rseto_ipa_R4,304.3154602050781,166.68116760253906,4.0,128.0,137.0,0.5,0.05,50,50,64,9050,projected_sgd,ebc5b3dcf6b371418d919278962342ffc5663f5fc9ed357ebc15e858e930a4bf,0.0838573426008224,2.3782570224284427e-06,0.2895813286304474,1.5624210834503174,0.0343514345586299,4.109641671180725,7.080051204866322e-06,8.0,16.0,4.0,137.0,30029.0,35260.0,0.0209643356502056,0.5,0.0838573426008224,0.0209643356502056
van_havre,24,29,16,rseto_ipa_R16,304.2437438964844,167.078125,16.0,128.0,137.0,0.5,0.05,50,50,64,9050,projected_sgd,ebc5b3dcf6b371418d919278962342ffc5663f5fc9ed357ebc15e858e930a4bf,0.0407873056828975,1.1567585715965834e-06,0.2019586712121963,1.5919489860534668,0.0160941015928983,4.109914422035217,9.514888574813083e-06,8.0,16.0,16.0,137.0,30029.0,35260.0,0.0101968264207243,0.5,0.0407873056828975,0.0101968264207243
van_havre,24,29,64,rseto_ipa_R64,304.2673034667969,166.90472412109375,64.0,128.0,137.0,0.5,0.05,50,50,64,9050,projected_sgd,ebc5b3dcf6b371418d919278962342ffc5663f5fc9ed357ebc15e858e930a4bf,0.0074897380545735,2.1241457659471052e-07,0.0865432694554328,1.6015572547912598,0.0029199919663369,4.109467327594757,1.28308354874207e-06,8.0,16.0,64.0,137.0,30029.0,35260.0,0.0018724345136433,0.5,0.0074897380545735,0.0018724345136433
van_havre,24,29,256,rseto_ipa_R256,304.2611083984375,166.9984588623047,256.0,128.0,137.0,0.5,0.05,50,50,64,9050,projected_sgd,ebc5b3dcf6b371418d919278962342ffc5663f5fc9ed357ebc15e858e930a4bf,0.0022991048172116,6.520433259993298e-08,0.047948982566595,1.6368845701217651,0.000858069921378,4.108371436595917,2.1101192666200017e-07,8.0,16.0,256.0,137.0,30029.0,35260.0,0.0005747762043029,0.5,0.0022991048172116,0.0005747762043029
van_havre,24,18,1,rseto_ipa_R1,292.16546630859375,155.71556091308594,1.0,128.0,137.0,0.5,0.05,50,50,64,9050,projected_sgd,0e2f7db9d430b70dafb98508e2df300aff9a26a16a7056561d22b8ab74998288,0.5551371574401855,1.5744104530313052e-05,0.7450752854347229,1.1160818338394165,0.4456647038459778,3.838098973035813,0.0001415999183375,8.0,16.0,1.0,137.0,30018.0,35260.0,0.1387842893600464,0.5,0.5551371574401855,0.1387842893600464
van_havre,24,18,4,rseto_ipa_R4,292.2099304199219,155.72250366210938,4.0,128.0,137.0,0.5,0.05,50,50,64,9050,projected_sgd,0e2f7db9d430b70dafb98508e2df300aff9a26a16a7056561d22b8ab74998288,0.0542896650731563,1.539695517749351e-06,0.2330014258623123,1.008105754852295,0.0534201301634311,3.8356741964817047,2.2267304756391176e-05,8.0,16.0,4.0,137.0,30018.0,35260.0,0.013572416268289,0.5,0.0542896650731563,0.013572416268289
van_havre,24,18,16,rseto_ipa_R16,292.1644287109375,155.74758911132812,16.0,128.0,137.0,0.5,0.05,50,50,64,9050,projected_sgd,0e2f7db9d430b70dafb98508e2df300aff9a26a16a7056561d22b8ab74998288,0.0143743939697742,4.07668579782694e-07,0.1198932603001594,1.0102169513702393,0.0140851093456149,3.835370659828186,3.3623427303349932e-06,8.0,16.0,16.0,137.0,30018.0,35260.0,0.0035935984924435,0.5,0.0143743939697742,0.0035935984924435
van_havre,24,18,64,rseto_ipa_R64,292.197998046875,155.7559356689453,64.0,128.0,137.0,0.5,0.05,50,50,64,9050,projected_sgd,0e2f7db9d430b70dafb98508e2df300aff9a26a16a7056561d22b8ab74998288,0.0048960354179143,1.388552277603594e-07,0.0699716731905937,1.0206069946289062,0.0047003207728266,3.8343886137008663,2.2413189526560018e-06,8.0,16.0,64.0,137.0,30018.0,35260.0,0.0012240088544785,0.5,0.0048960354179143,0.0012240088544785
van_havre,24,18,256,rseto_ipa_R256,292.1626281738281,155.8111572265625,256.0,128.0,137.0,0.5,0.05,50,50,64,9050,projected_sgd,0e2f7db9d430b70dafb98508e2df300aff9a26a16a7056561d22b8ab74998288,0.0011515726801007,3.2659464466178185e-08,0.0339348316192626,1.010422706604004,0.0011279376922175,3.83535236120224,4.548402127316617e-07,8.0,16.0,256.0,137.0,30018.0,35260.0,0.0002878931700251,0.5,0.0011515726801007,0.0002878931700251
van_havre,24,14,1,rseto_ipa_R1,323.7627868652344,173.49301147460938,1.0,128.0,137.0,0.5,0.05,50,50,64,9050,projected_sgd,2c92acfd77cf80bff02e46f06aa0e2ca1ff366c0ffab8f9b69d5edf783a95097,8.102577209472656,0.0002297951577929,2.8465025424957275,4.76978874206543,0.3561433851718902,3.7517062723636623,0.0007074630151779,8.0,16.0,1.0,137.0,30014.0,35260.0,2.025644302368164,0.5,8.102577209472656,2.025644302368164
van_havre,24,14,4,rseto_ipa_R4,325.0473327636719,172.9214324951172,4.0,128.0,137.0,0.5,0.05,50,50,64,9050,projected_sgd,2c92acfd77cf80bff02e46f06aa0e2ca1ff366c0ffab8f9b69d5edf783a95097,0.8887203931808472,2.520477573852986e-05,0.9427196979522704,3.814544439315796,0.0610772967338562,3.725420594215393,0.0003498233534823,8.0,16.0,4.0,137.0,30014.0,35260.0,0.2221800982952118,0.5,0.8887203931808472,0.2221800982952118
van_havre,24,14,16,rseto_ipa_R16,325.15704345703125,171.64183044433594,16.0,128.0,137.0,0.5,0.05,50,50,64,9050,projected_sgd,2c92acfd77cf80bff02e46f06aa0e2ca1ff366c0ffab8f9b69d5edf783a95097,0.0350101068615913,9.929128736985149e-07,0.1871098726987838,3.51009202003479,0.0028415576089173,3.734722137451172,6.515480973640868e-05,8.0,16.0,16.0,137.0,30014.0,35260.0,0.0087525267153978,0.5,0.0350101068615913,0.0087525267153978
van_havre,24,14,64,rseto_ipa_R64,325.1083679199219,173.00172424316406,64.0,128.0,137.0,0.5,0.05,50,50,64,9050,projected_sgd,2c92acfd77cf80bff02e46f06aa0e2ca1ff366c0ffab8f9b69d5edf783a95097,0.0474073439836502,1.3445077229334856e-06,0.2177322804927826,3.512665033340454,0.0038421307690441,3.729613304138184,3.2385660866956254e-05,8.0,16.0,64.0,137.0,30014.0,35260.0,0.0118518359959125,0.5,0.0474073439836502,0.0118518359959125
van_havre,24,14,256,rseto_ipa_R256,325.21771240234375,173.13975524902344,256.0,128.0,137.0,0.5,0.05,50,50,64,9050,projected_sgd,2c92acfd77cf80bff02e46f06aa0e2ca1ff366c0ffab8f9b69d5edf783a95097,0.0160923134535551,4.563900688481226e-07,0.1268554776906967,3.5030806064605713,0.0013113487511873,3.729469925165176,5.2157564423639864e-06,8.0,16.0,256.0,137.0,30014.0,35260.0,0.0040230783633887,0.5,0.0160923134535551,0.0040230783633887
van_havre,24,87,1,rseto_ipa_R1,304.20806884765625,176.01425170898438,1.0,128.0,137.0,0.5,0.05,50,50,64,9050,projected_sgd,e4453e527e95ae1c147f9b7a80fde3dc501e467112c48e3eac40895c6108e4ee,4.570040225982666,0.0001296097616432,2.1377651691436768,3.497016191482544,0.3737014234066009,3.420606791973114,0.0013235254970912,8.0,16.0,1.0,137.0,30087.0,35260.0,1.1425100564956665,0.5,4.570040225982666,1.1425100564956665
van_havre,24,87,4,rseto_ipa_R4,303.9974670410156,176.64427185058594,4.0,128.0,137.0,0.5,0.05,50,50,64,9050,projected_sgd,e4453e527e95ae1c147f9b7a80fde3dc501e467112c48e3eac40895c6108e4ee,1.2163673639297483,3.449709038250148e-05,1.1028904914855957,3.5631017684936523,0.0958094447851181,3.4209227859973907,0.000484420949524,8.0,16.0,4.0,137.0,30087.0,35260.0,0.3040918409824371,0.5,1.2163673639297483,0.3040918409824371
van_havre,24,87,16,rseto_ipa_R16,304.3518371582031,176.25794982910156,16.0,128.0,137.0,0.5,0.05,50,50,64,9050,projected_sgd,e4453e527e95ae1c147f9b7a80fde3dc501e467112c48e3eac40895c6108e4ee,0.358508437871933,1.01675677797175e-05,0.5987557172775269,3.576092481613159,0.0280337948352098,3.4235052168369293,8.080123110789015e-05,8.0,16.0,16.0,137.0,30087.0,35260.0,0.0896271094679832,0.5,0.358508437871933,0.0896271094679832
van_havre,24,87,64,rseto_ipa_R64,304.6934509277344,176.1116485595703,64.0,128.0,137.0,0.5,0.05,50,50,64,9050,projected_sgd,e4453e527e95ae1c147f9b7a80fde3dc501e467112c48e3eac40895c6108e4ee,0.6225550770759583,1.7656127965892665e-05,0.7890216112136841,3.31612491607666,0.0566129758954048,3.42496857047081,0.0001735495772621,8.0,16.0,64.0,137.0,30087.0,35260.0,0.1556387692689895,0.5,0.6225550770759583,0.1556387692689895
van_havre,24,87,256,rseto_ipa_R256,304.4931640625,178.9154052734375,256.0,128.0,137.0,0.5,0.05,50,50,64,9050,projected_sgd,e4453e527e95ae1c147f9b7a80fde3dc501e467112c48e3eac40895c6108e4ee,0.1282131522893905,3.6362209812068617e-06,0.3580686450004577,3.2286932468414307,0.0122992601245641,3.4272444546222687,2.032043684912261e-05,8.0,16.0,256.0,137.0,30087.0,35260.0,0.0320532880723476,0.5,0.1282131522893905,0.0320532880723476
