dataset,dim,random_state,method,metric1,metric2,bcmo_metric1,bcmo_metric2,metric1_difference,metric2_difference
exp5,4,4,ERM,198.4183864447237,356.76157720411464,198.3592454172314,282.90648727571863,0.0591410274923021,73.85508992839601
exp5,4,4,ERM-NN,199.05936610617968,358.5077281168941,198.3592454172314,282.90648727571863,0.7001206889482887,75.60124084117547
exp5,4,4,LightGBM,198.6521973829045,357.17900636780126,198.3592454172314,282.90648727571863,0.29295196567309745,74.27251909208263
exp5,4,4,M=128,199.332275390625,286.73876953125,198.3592454172314,282.90648727571863,0.9730299733936079,3.832282255531368
exp5,4,4,M=2048,199.2947692871094,286.8070373535156,198.3592454172314,282.90648727571863,0.9355238698780113,3.900550077796993
exp5,4,4,M=32,199.0966796875,286.9961242675781,198.3592454172314,282.90648727571863,0.7374342702686079,4.089636991859493
exp5,4,4,M=512,199.4022674560547,286.8474731445312,198.3592454172314,282.90648727571863,1.0430220388232954,3.940985868812561
exp5,4,4,M=8,199.0614776611328,290.8353576660156,198.3592454172314,282.90648727571863,0.7022322439014204,7.928870390296993
exp5,4,4,R=1,199.3941192626953,286.8462219238281,198.3592454172314,282.90648727571863,1.0348738454639204,3.939734648109493
exp5,4,4,R=16,199.332275390625,286.73876953125,198.3592454172314,282.90648727571863,0.9730299733936079,3.832282255531368
exp5,4,4,R=256,199.1067962646484,286.2821655273438,198.3592454172314,282.90648727571863,0.7475508474170169,3.3756782516251747
exp5,4,4,R=4,199.314697265625,286.7186584472656,198.3592454172314,282.90648727571863,0.9554518483936079,3.812171171546993
exp5,4,4,R=64,199.3344879150391,286.7771301269531,198.3592454172314,282.90648727571863,0.9752424978076988,3.870642851234493
exp5,4,4,Spline-ETO,198.5054321289062,285.0360412597656,198.3592454172314,282.90648727571863,0.14618671167480102,2.129553984046993
exp5,4,4,Spline-QFR,211.3409881591797,324.7723388671875,198.3592454172314,282.90648727571863,12.981742741948295,41.86585159146887
exp5,4,4,lambda=0.1,198.8962249755859,301.2360229492188,198.3592454172314,282.90648727571863,0.5369795583545169,18.329535673500175
exp5,4,4,lambda=0.3,199.1552886962891,287.8211364746094,198.3592454172314,282.90648727571863,0.7960432790576988,4.914649198890743
exp5,4,4,lambda=0.5,199.332275390625,286.73876953125,198.3592454172314,282.90648727571863,0.9730299733936079,3.832282255531368
exp5,4,4,lambda=0.7,199.0553894042969,285.5259704589844,198.3592454172314,282.90648727571863,0.6961439870655113,2.619483183265743
exp5,4,4,lambda=0.9,198.6976318359375,285.3022766113281,198.3592454172314,282.90648727571863,0.33838641870610786,2.395789335609493
exp5,4,14,ERM,94.35508439532464,206.69780042808873,94.34395058083958,159.6204209924365,0.011133814485063454,47.07737943565223
exp5,4,14,ERM-NN,94.85849766031062,209.5383429622728,94.34395058083958,159.6204209924365,0.5145470794710434,49.9179219698363
exp5,4,14,LightGBM,95.28754106282952,213.51647524340345,94.34395058083958,159.6204209924365,0.9435904819899434,53.896054250966955
exp5,4,14,M=128,94.92406463623047,164.6861724853516,94.34395058083958,159.6204209924365,0.5801140553908937,5.065751492915098
exp5,4,14,M=2048,94.89317321777344,165.8523712158203,94.34395058083958,159.6204209924365,0.5492226369338624,6.231950223383819
exp5,4,14,M=32,95.43395233154297,166.5228271484375,94.34395058083958,159.6204209924365,1.0900017507033937,6.902406156001007
exp5,4,14,M=512,95.1313247680664,164.2169647216797,94.34395058083958,159.6204209924365,0.7873741872268312,4.596543729243194
exp5,4,14,M=8,95.07926177978516,163.2801208496094,94.34395058083958,159.6204209924365,0.7353111989455812,3.6596998571729102
exp5,4,14,R=1,95.09040832519531,166.2537536621094,94.34395058083958,159.6204209924365,0.7464577443557374,6.63333266967291
exp5,4,14,R=16,94.92406463623047,164.6861724853516,94.34395058083958,159.6204209924365,0.5801140553908937,5.065751492915098
exp5,4,14,R=256,94.91445922851562,165.5481414794922,94.34395058083958,159.6204209924365,0.5705086476760499,5.927720487055694
exp5,4,14,R=4,95.2790756225586,166.2401885986328,94.34395058083958,159.6204209924365,0.9351250417190187,6.619767606196319
exp5,4,14,R=64,94.94956970214844,165.281494140625,94.34395058083958,159.6204209924365,0.6056191213088624,5.661073148188507
exp5,4,14,Spline-ETO,94.94635772705078,161.6231384277344,94.34395058083958,159.6204209924365,0.6024071462112062,2.0027174352979102
exp5,4,14,Spline-QFR,110.7609786987305,168.3733520507812,94.34395058083958,159.6204209924365,16.417028117890922,8.7529310583447
exp5,4,14,lambda=0.1,95.33699035644531,192.3425598144531,94.34395058083958,159.6204209924365,0.9930397756057374,32.7221388220166
exp5,4,14,lambda=0.3,95.16776275634766,171.2069091796875,94.34395058083958,159.6204209924365,0.8238121755080812,11.586488187251007
exp5,4,14,lambda=0.5,94.92406463623047,164.6861724853516,94.34395058083958,159.6204209924365,0.5801140553908937,5.065751492915098
exp5,4,14,lambda=0.7,94.95124053955078,162.9326324462891,94.34395058083958,159.6204209924365,0.6072899587112062,3.3122114538525977
exp5,4,14,lambda=0.9,94.77184295654297,161.6960754394531,94.34395058083958,159.6204209924365,0.42789237570339367,2.0756544470166034
exp5,4,15,ERM,265.67718124431855,263.67928510203217,265.3937075570243,150.47346593177562,0.28347368729424716,113.20581917025655
exp5,4,15,ERM-NN,265.66993777989103,263.5818219265452,265.3937075570243,150.47346593177562,0.2762302228667295,113.1083559947696
exp5,4,15,LightGBM,266.219636018485,261.668605360791,265.3937075570243,150.47346593177562,0.8259284614607054,111.19513942901537
exp5,4,15,M=128,267.0153198242188,151.7052612304688,265.3937075570243,150.47346593177562,1.6216122671945072,1.2317952986931857
exp5,4,15,M=2048,267.2543029785156,152.2427978515625,265.3937075570243,150.47346593177562,1.8605954214913254,1.7693319197868789
exp5,4,15,M=32,267.2421875,153.2088165283203,265.3937075570243,150.47346593177562,1.8484799429757004,2.7353505965446914
exp5,4,15,M=512,267.0305786132812,151.8129119873047,265.3937075570243,150.47346593177562,1.6368710562568936,1.3394460555290664
exp5,4,15,M=8,266.5020751953125,161.4207916259766,265.3937075570243,150.47346593177562,1.1083676382882004,10.94732569420097
exp5,4,15,R=1,267.3485107421875,152.2413330078125,265.3937075570243,150.47346593177562,1.9548031851632004,1.7678670760368789
exp5,4,15,R=16,267.0153198242188,151.7052612304688,265.3937075570243,150.47346593177562,1.6216122671945072,1.2317952986931857
exp5,4,15,R=256,267.1172790527344,151.9894256591797,265.3937075570243,150.47346593177562,1.7235714957100754,1.5159597274040664
exp5,4,15,R=4,267.090087890625,151.8128967285156,265.3937075570243,150.47346593177562,1.6963803336007004,1.3394307967399754
exp5,4,15,R=64,267.1598205566406,151.783203125,265.3937075570243,150.47346593177562,1.7661129996163254,1.3097371932243789
exp5,4,15,Spline-ETO,269.2718505859375,151.4497375488281,265.3937075570243,150.47346593177562,3.8781430289132004,0.9762716170524754
exp5,4,15,Spline-QFR,273.7652893066406,155.6202545166016,265.3937075570243,150.47346593177562,8.371581749616325,5.14678858482597
exp5,4,15,lambda=0.1,266.7147216796875,188.9084777832031,265.3937075570243,150.47346593177562,1.3210141226632004,38.435011851427475
exp5,4,15,lambda=0.3,266.918701171875,163.1237640380859,265.3937075570243,150.47346593177562,1.5249936148507004,12.650298106310288
exp5,4,15,lambda=0.5,267.0153198242188,151.7052612304688,265.3937075570243,150.47346593177562,1.6216122671945072,1.2317952986931857
exp5,4,15,lambda=0.7,267.5088806152344,151.6522521972656,265.3937075570243,150.47346593177562,2.1151730582100754,1.1787862654899754
exp5,4,15,lambda=0.9,268.3521423339844,151.7925720214844,265.3937075570243,150.47346593177562,2.9584347769600754,1.3191060897087823
exp5,4,18,ERM,187.2592179135984,226.55887297602504,186.98379312129265,140.28438933923564,0.2754247923057562,86.2744836367894
exp5,4,18,ERM-NN,187.27747010646968,225.31465424770408,186.98379312129265,140.28438933923564,0.29367698517702934,85.03026490846844
exp5,4,18,LightGBM,188.25992453985535,228.14446019576556,186.98379312129265,140.28438933923564,1.2761314185626986,87.86007085652992
exp5,4,18,M=128,187.1405639648438,142.3475036621094,186.98379312129265,140.28438933923564,0.15677084355115767,2.0631143228737585
exp5,4,18,M=2048,187.2887725830078,141.7408752441406,186.98379312129265,140.28438933923564,0.3049794617151633,1.4564859049049517
exp5,4,18,M=32,187.1385803222656,142.3416137695312,186.98379312129265,140.28438933923564,0.1547872009729474,2.0572244302955482
exp5,4,18,M=512,187.2025146484375,141.8726654052734,186.98379312129265,140.28438933923564,0.21872152714485082,1.5882760660377642
exp5,4,18,M=8,187.0587768554688,142.2695770263672,186.98379312129265,140.28438933923564,0.07498373417615767,1.9851876871315426
exp5,4,18,R=1,187.1889190673828,141.8197326660156,186.98379312129265,140.28438933923564,0.20512594609016332,1.5353433267799517
exp5,4,18,R=16,187.1405639648438,142.3475036621094,186.98379312129265,140.28438933923564,0.15677084355115767,2.0631143228737585
exp5,4,18,R=256,187.2252655029297,141.9987487792969,186.98379312129265,140.28438933923564,0.24147238163703832,1.7143594400612585
exp5,4,18,R=4,187.2278747558594,142.0081787109375,186.98379312129265,140.28438933923564,0.24408163456675425,1.723789371701855
exp5,4,18,R=64,187.2480163574219,141.6328430175781,186.98379312129265,140.28438933923564,0.26422323612925425,1.3484536783424517
exp5,4,18,Spline-ETO,187.9143524169922,141.3197174072266,186.98379312129265,140.28438933923564,0.9305592956995383,1.035328067990946
exp5,4,18,Spline-QFR,190.931396484375,154.7441864013672,186.98379312129265,140.28438933923564,3.947603363082351,14.459797062131543
exp5,4,18,lambda=0.1,187.1441497802734,154.7056121826172,186.98379312129265,140.28438933923564,0.1603566589807599,14.421222843381543
exp5,4,18,lambda=0.3,187.0888214111328,144.3860778808594,186.98379312129265,140.28438933923564,0.10502828984016332,4.1016885416237585
exp5,4,18,lambda=0.5,187.1405639648438,142.3475036621094,186.98379312129265,140.28438933923564,0.15677084355115767,2.0631143228737585
exp5,4,18,lambda=0.7,187.427490234375,141.3069305419922,186.98379312129265,140.28438933923564,0.4436971130823508,1.0225412027565426
exp5,4,18,lambda=0.9,187.6666107177734,141.3457336425781,186.98379312129265,140.28438933923564,0.6828175964807599,1.0613443033424517
exp5,4,29,ERM,308.2459027133697,251.7753297009396,308.1527559458605,208.58142629569565,0.09314676750915396,43.19390340524396
exp5,4,29,ERM-NN,309.4453819476485,252.0467899529346,308.1527559458605,208.58142629569565,1.292626001787994,43.46536365723895
exp5,4,29,LightGBM,309.04912063731547,251.5267722646211,308.1527559458605,208.58142629569565,0.8963646914549486,42.94534596892544
exp5,4,29,M=128,309.1747131347656,210.7394256591797,308.1527559458605,208.58142629569565,1.0219571889051053,2.1579993634840378
exp5,4,29,M=2048,309.1574096679688,211.117919921875,308.1527559458605,208.58142629569565,1.0046537221082872,2.5364936261793503
exp5,4,29,M=32,309.0367126464844,209.7241058349609,308.1527559458605,208.58142629569565,0.8839567006238553,1.1426795392652593
exp5,4,29,M=512,309.1919860839844,211.0728912353516,308.1527559458605,208.58142629569565,1.0392301381238553,2.491464939655941
exp5,4,29,M=8,309.1107788085938,213.4873199462891,308.1527559458605,208.58142629569565,0.9580228627332872,4.905893650593441
exp5,4,29,R=1,309.1838989257812,210.6584625244141,308.1527559458605,208.58142629569565,1.0311429799206735,2.077036228718441
exp5,4,29,R=16,309.1747131347656,210.7394256591797,308.1527559458605,208.58142629569565,1.0219571889051053,2.1579993634840378
exp5,4,29,R=256,309.3058166503906,211.1543273925781,308.1527559458605,208.58142629569565,1.1530607045301053,2.572901096882447
exp5,4,29,R=4,309.3408203125,211.1392211914062,308.1527559458605,208.58142629569565,1.1880643666394803,2.5577948957105434
exp5,4,29,R=64,309.2805786132812,211.1838989257812,308.1527559458605,208.58142629569565,1.1278226674206735,2.6024726300855434
exp5,4,29,Spline-ETO,310.072265625,210.4024353027344,308.1527559458605,208.58142629569565,1.9195096791394803,1.8210090070387537
exp5,4,29,Spline-QFR,337.4723205566406,219.3419342041016,308.1527559458605,208.58142629569565,29.319564610780105,10.760507908405941
exp5,4,29,lambda=0.1,309.4426879882812,212.7423095703125,308.1527559458605,208.58142629569565,1.2899320424206735,4.16088327461685
exp5,4,29,lambda=0.3,309.51171875,211.1382904052734,308.1527559458605,208.58142629569565,1.3589628041394803,2.5568641095777593
exp5,4,29,lambda=0.5,309.1747131347656,210.7394256591797,308.1527559458605,208.58142629569565,1.0219571889051053,2.1579993634840378
exp5,4,29,lambda=0.7,309.5034790039062,210.4134674072266,308.1527559458605,208.58142629569565,1.3507230580456735,1.8320411115309412
exp5,4,29,lambda=0.9,309.9142150878906,210.2664794921875,308.1527559458605,208.58142629569565,1.7614591420301053,1.6850531964918503
exp5,4,32,ERM,206.0773571504934,980.621540491766,206.09519202236532,403.0724976539577,-0.017834871871912128,577.5490428378083
exp5,4,32,ERM-NN,210.2400271926682,973.906991183949,206.09519202236532,403.0724976539577,4.144835170302883,570.8344935299913
exp5,4,32,LightGBM,207.32050549248063,963.710884866264,206.09519202236532,403.0724976539577,1.22531347011531,560.6383872123063
exp5,4,32,M=128,206.8094024658203,407.5595092773438,206.09519202236532,403.0724976539577,0.7142104434549879,4.487011623386081
exp5,4,32,M=2048,206.6772155761719,407.1817016601562,206.09519202236532,403.0724976539577,0.5820235538065788,4.109204006198468
exp5,4,32,M=32,206.9222564697266,409.3057861328125,206.09519202236532,403.0724976539577,0.8270644473612663,6.233288478854774
exp5,4,32,M=512,206.7324676513672,407.0506896972656,206.09519202236532,403.0724976539577,0.6372756290018629,3.9781920433078994
exp5,4,32,M=8,206.7791595458984,414.0005187988281,206.09519202236532,403.0724976539577,0.6839675235330844,10.9280211448704
exp5,4,32,R=1,206.8502044677734,407.9338073730469,206.09519202236532,403.0724976539577,0.7550124454080844,4.861309719089149
exp5,4,32,R=16,206.8094024658203,407.5595092773438,206.09519202236532,403.0724976539577,0.7142104434549879,4.487011623386081
exp5,4,32,R=256,206.7986145019531,408.0614624023438,206.09519202236532,403.0724976539577,0.7034224795877719,4.988964748386081
exp5,4,32,R=4,206.8274230957031,407.440185546875,206.09519202236532,403.0724976539577,0.7322310733377719,4.367687892917274
exp5,4,32,R=64,206.8467864990234,407.2435913085938,206.09519202236532,403.0724976539577,0.7515944766580844,4.171093654636081
exp5,4,32,Spline-ETO,206.7291259765625,406.3735656738281,206.09519202236532,403.0724976539577,0.6339339541971754,3.3010680198703994
exp5,4,32,Spline-QFR,242.592529296875,432.9200134277344,206.09519202236532,403.0724976539577,36.497337274509675,29.84751577377665
exp5,4,32,lambda=0.1,207.2025146484375,413.978515625,206.09519202236532,403.0724976539577,1.1073226260721754,10.906017971042274
exp5,4,32,lambda=0.3,206.8805541992188,409.6799926757812,206.09519202236532,403.0724976539577,0.7853621768534822,6.607495021823468
exp5,4,32,lambda=0.5,206.8094024658203,407.5595092773438,206.09519202236532,403.0724976539577,0.7142104434549879,4.487011623386081
exp5,4,32,lambda=0.7,206.7132568359375,406.9106140136719,206.09519202236532,403.0724976539577,0.6180648135721754,3.8381163597141494
exp5,4,32,lambda=0.9,206.4113464355469,405.8782958984375,206.09519202236532,403.0724976539577,0.3161544131815788,2.8057982444797744
exp5,4,36,ERM,182.56926608999424,194.23445616858896,182.59396416434177,155.0444612636039,-0.024698074347526244,39.18999490498507
exp5,4,36,ERM-NN,183.0659756498406,197.0369082416019,182.59396416434177,155.0444612636039,0.4720114854988253,41.992446977998014
exp5,4,36,LightGBM,185.38623412693997,211.95008799744863,182.59396416434177,155.0444612636039,2.7922699625981977,56.90562673384474
exp5,4,36,M=128,182.7766723632812,158.9768218994141,182.59396416434177,155.0444612636039,0.18270819893942303,3.9323606358101983
exp5,4,36,M=2048,182.7736206054688,158.2522430419922,182.59396416434177,155.0444612636039,0.17965644112703671,3.207781778388295
exp5,4,36,M=32,182.9634704589844,160.6685180664062,182.59396416434177,155.0444612636039,0.3695062946426333,5.624056802802301
exp5,4,36,M=512,182.7504730224609,159.0001068115234,182.59396416434177,155.0444612636039,0.15650885811913895,3.9556455479195165
exp5,4,36,M=8,182.9276428222656,161.1659698486328,182.59396416434177,155.0444612636039,0.33367865792382645,6.12150858502892
exp5,4,36,R=1,182.7704162597656,158.9456329345703,182.59396416434177,155.0444612636039,0.17645209542382645,3.90117167096642
exp5,4,36,R=16,182.7766723632812,158.9768218994141,182.59396416434177,155.0444612636039,0.18270819893942303,3.9323606358101983
exp5,4,36,R=256,182.768310546875,159.8629608154297,182.59396416434177,155.0444612636039,0.17434638253322987,4.818499551825795
exp5,4,36,R=4,182.7493133544922,158.9146728515625,182.59396416434177,155.0444612636039,0.15534919015041737,3.8702115879586074
exp5,4,36,R=64,182.7582092285156,158.8940277099609,182.59396416434177,155.0444612636039,0.16424506417382645,3.8495664463570165
exp5,4,36,Spline-ETO,182.7122192382812,155.9936828613281,182.59396416434177,155.0444612636039,0.11825507393942303,0.949221597724204
exp5,4,36,Spline-QFR,184.7100067138672,165.2043914794922,182.59396416434177,155.0444612636039,2.1160425495254174,10.159930215888295
exp5,4,36,lambda=0.1,183.2968444824219,165.8772735595703,182.59396416434177,155.0444612636039,0.7028803180801333,10.83281229596642
exp5,4,36,lambda=0.3,183.0210266113281,162.9255523681641,182.59396416434177,155.0444612636039,0.42706244698632645,7.881091104560198
exp5,4,36,lambda=0.5,182.7766723632812,158.9768218994141,182.59396416434177,155.0444612636039,0.18270819893942303,3.9323606358101983
exp5,4,36,lambda=0.7,182.7253723144531,156.9642333984375,182.59396416434177,155.0444612636039,0.13140815011132645,1.9197721348336074
exp5,4,36,lambda=0.9,182.7529754638672,156.5345153808594,182.59396416434177,155.0444612636039,0.15901129952541737,1.4900541172555108
exp5,4,82,ERM,57.23225749613669,70.97513893567663,57.23188636944394,65.2368901996019,0.00037112669274819154,5.738248736074723
exp5,4,82,ERM-NN,57.39142429406053,71.2070232281428,57.23188636944394,65.2368901996019,0.15953792461658622,5.9701330285409
exp5,4,82,LightGBM,57.33216343667635,71.11352658405899,57.23188636944394,65.2368901996019,0.10027706723241181,5.876636384457086
exp5,4,82,M=128,57.51580429077148,65.84015655517578,57.23188636944394,65.2368901996019,0.2839179213275358,0.6032663555738793
exp5,4,82,M=2048,57.49248123168945,65.82919311523438,57.23188636944394,65.2368901996019,0.26059486224551165,0.5923029156324731
exp5,4,82,M=32,57.51322555541992,65.87688446044922,57.23188636944394,65.2368901996019,0.2813391859759804,0.6399942608473168
exp5,4,82,M=512,57.49859237670898,65.84776306152344,57.23188636944394,65.2368901996019,0.2667060072650358,0.6108728619215356
exp5,4,82,M=8,57.4992561340332,65.91168975830078,57.23188636944394,65.2368901996019,0.26736976458926165,0.6747995586988793
exp5,4,82,R=1,57.5339469909668,65.85610961914062,57.23188636944394,65.2368901996019,0.3020606215228554,0.6192194195387231
exp5,4,82,R=16,57.51580429077148,65.84015655517578,57.23188636944394,65.2368901996019,0.2839179213275358,0.6032663555738793
exp5,4,82,R=256,57.49531555175781,65.82391357421875,57.23188636944394,65.2368901996019,0.263429182313871,0.5870233746168481
exp5,4,82,R=4,57.52578353881836,65.85075378417969,57.23188636944394,65.2368901996019,0.2938971693744179,0.6138635845777856
exp5,4,82,R=64,57.51425552368164,65.84174346923828,57.23188636944394,65.2368901996019,0.28236915423769915,0.6048532696363793
exp5,4,82,Spline-ETO,57.70661544799805,66.0331802368164,57.23188636944394,65.2368901996019,0.4747290785541054,0.7962900372145043
exp5,4,82,Spline-QFR,57.74517440795898,66.73455047607422,57.23188636944394,65.2368901996019,0.5132880385150358,1.4976602764723168
exp5,4,82,lambda=0.1,57.45790863037109,66.30635833740234,57.23188636944394,65.2368901996019,0.22602226092714517,1.0694681378004418
exp5,4,82,lambda=0.3,57.47731399536133,65.90604400634766,57.23188636944394,65.2368901996019,0.24542762591738665,0.6691538067457543
exp5,4,82,lambda=0.5,57.51580429077148,65.84015655517578,57.23188636944394,65.2368901996019,0.2839179213275358,0.6032663555738793
exp5,4,82,lambda=0.7,57.50394058227539,65.81976318359375,57.23188636944394,65.2368901996019,0.27205421283144915,0.5828729839918481
exp5,4,82,lambda=0.9,57.6195182800293,65.9744873046875,57.23188636944394,65.2368901996019,0.3876319105853554,0.7375971050855981
exp5,4,87,ERM,323.38249596898936,230.08446886342955,323.34321530547004,185.18818755439335,0.039280663519321024,44.8962813090362
exp5,4,87,ERM-NN,324.01551448219317,231.135488904582,323.34321530547004,185.18818755439335,0.6722991767231292,45.94730135018864
exp5,4,87,LightGBM,323.5726998327626,230.90814441854872,323.34321530547004,185.18818755439335,0.22948452729258406,45.719956864155364
exp5,4,87,M=128,324.5289611816406,186.0059967041016,323.34321530547004,185.18818755439335,1.1857458761705857,0.8178091497082391
exp5,4,87,M=2048,324.5557861328125,185.9364166259766,323.34321530547004,185.18818755439335,1.2125708273424607,0.7482290715832391
exp5,4,87,M=32,324.5369873046875,186.1615142822266,323.34321530547004,185.18818755439335,1.1937719992174607,0.9733267278332391
exp5,4,87,M=512,324.5467834472656,185.9160461425781,323.34321530547004,185.18818755439335,1.2035681417955857,0.7278585881847448
exp5,4,87,M=8,324.5072631835938,186.7836761474609,323.34321530547004,185.18818755439335,1.1640478781237675,1.5954885930675573
exp5,4,87,R=1,324.5217895507812,185.9966888427734,323.34321530547004,185.18818755439335,1.1785742453111538,0.8085012883800573
exp5,4,87,R=16,324.5289611816406,186.0059967041016,323.34321530547004,185.18818755439335,1.1857458761705857,0.8178091497082391
exp5,4,87,R=256,324.6872863769531,185.8333129882812,323.34321530547004,185.18818755439335,1.3440710714830857,0.6451254338878414
exp5,4,87,R=4,324.6680908203125,185.813232421875,323.34321530547004,185.18818755439335,1.3248755148424607,0.6250448674816482
exp5,4,87,R=64,324.6891174316406,185.8155517578125,323.34321530547004,185.18818755439335,1.3459021261705857,0.6273642034191482
exp5,4,87,Spline-ETO,325.2708129882812,185.9337310791016,323.34321530547004,185.18818755439335,1.9275976828111538,0.7455435247082391
exp5,4,87,Spline-QFR,330.4437866210938,191.0256195068359,323.34321530547004,185.18818755439335,7.1005713156237675,5.837431952442557
exp5,4,87,lambda=0.1,324.2506713867188,189.2250061035156,323.34321530547004,185.18818755439335,0.9074560812487675,4.036818549122245
exp5,4,87,lambda=0.3,324.3467102050781,186.1745452880859,323.34321530547004,185.18818755439335,1.0034948996080857,0.9863577336925573
exp5,4,87,lambda=0.5,324.5289611816406,186.0059967041016,323.34321530547004,185.18818755439335,1.1857458761705857,0.8178091497082391
exp5,4,87,lambda=0.7,325.0262145996094,185.8353576660156,323.34321530547004,185.18818755439335,1.6829992941393357,0.6471701116222448
exp5,4,87,lambda=0.9,325.8363037109375,186.0118103027344,323.34321530547004,185.18818755439335,2.4930884054674607,0.8236227483410516
exp5,4,95,ERM,74.06914437832127,354.3029341855203,74.06419320956442,286.68868257011246,0.004951168756846869,67.61425161540785
exp5,4,95,ERM-NN,75.26854213395833,357.88439760324155,74.06419320956442,286.68868257011246,1.204348924393912,71.19571503312909
exp5,4,95,LightGBM,74.15294835426768,352.6549868196657,74.06419320956442,286.68868257011246,0.0887551447032564,65.96630424955322
exp5,4,95,M=128,75.48216247558594,289.5493774414062,74.06419320956442,286.68868257011246,1.4179692660215153,2.860694871293731
exp5,4,95,M=2048,75.42347717285156,289.3630981445312,74.06419320956442,286.68868257011246,1.3592839632871403,2.674415574418731
exp5,4,95,M=32,75.28195190429688,289.3285522460938,74.06419320956442,286.68868257011246,1.2177586947324528,2.6398696759813447
exp5,4,95,M=512,75.43461608886719,289.6471862792969,74.06419320956442,286.68868257011246,1.3704228793027653,2.958503709184413
exp5,4,95,M=8,75.19287109375,288.8880615234375,74.06419320956442,286.68868257011246,1.1286778841855778,2.199378953325038
exp5,4,95,R=1,75.40628051757812,289.4838256835938,74.06419320956442,286.68868257011246,1.3420873080137028,2.7951431134813447
exp5,4,95,R=16,75.48216247558594,289.5493774414062,74.06419320956442,286.68868257011246,1.4179692660215153,2.860694871293731
exp5,4,95,R=256,75.41901397705078,289.633544921875,74.06419320956442,286.68868257011246,1.354820767486359,2.944862351762538
exp5,4,95,R=4,75.4852066040039,289.5107727050781,74.06419320956442,286.68868257011246,1.421013394439484,2.822090134965663
exp5,4,95,R=64,75.406494140625,289.4525756835938,74.06419320956442,286.68868257011246,1.3423009310605778,2.7638931134813447
exp5,4,95,Spline-ETO,74.64073181152344,289.5552978515625,74.06419320956442,286.68868257011246,0.5765386019590153,2.866615281450038
exp5,4,95,Spline-QFR,75.62967681884766,293.5680847167969,74.06419320956442,286.68868257011246,1.565483609283234,6.879402146684413
exp5,4,95,lambda=0.1,75.13111877441406,316.3634948730469,74.06419320956442,286.68868257011246,1.0669255648496403,29.674812302934413
exp5,4,95,lambda=0.3,75.48245239257812,297.8152160644531,74.06419320956442,286.68868257011246,1.4182591830137028,11.126533494340663
exp5,4,95,lambda=0.5,75.48216247558594,289.5493774414062,74.06419320956442,286.68868257011246,1.4179692660215153,2.860694871293731
exp5,4,95,lambda=0.7,75.08979797363281,289.3093566894531,74.06419320956442,286.68868257011246,1.0256047640683903,2.620674119340663
exp5,4,95,lambda=0.9,74.9504165649414,289.2066345214844,74.06419320956442,286.68868257011246,0.886223355376984,2.517951951371913
exp5,9,4,ERM,287.5889026674987,499.5934344290886,287.3083852296984,381.9364486044747,0.280517437800313,117.65698582461386
exp5,9,4,ERM-NN,288.53734603533985,502.4223934850841,287.3083852296984,381.9364486044747,1.2289608056414636,120.4859448806094
exp5,9,4,LightGBM,288.97746389893683,503.6634226637676,287.3083852296984,381.9364486044747,1.669078669238445,121.7269740592929
exp5,9,4,M=128,293.1789855957031,392.4060668945312,287.3083852296984,381.9364486044747,5.870600366004737,10.469618290056474
exp5,9,4,M=2048,293.4274291992188,392.1766662597656,287.3083852296984,381.9364486044747,6.119043969520419,10.240217655290905
exp5,9,4,M=32,293.0025024414062,392.8454284667969,287.3083852296984,381.9364486044747,5.694117211707805,10.908979862322155
exp5,9,4,M=512,293.4168395996094,392.9169311523438,287.3083852296984,381.9364486044747,6.108454369910987,10.980482547869087
exp5,9,4,M=8,292.3652648925781,409.4266357421875,287.3083852296984,381.9364486044747,5.056879662879737,27.49018713771278
exp5,9,4,R=1,292.6052856445312,389.5783081054688,287.3083852296984,381.9364486044747,5.296900414832805,7.641859500994087
exp5,9,4,R=16,293.1789855957031,392.4060668945312,287.3083852296984,381.9364486044747,5.870600366004737,10.469618290056474
exp5,9,4,R=256,292.1455688476562,388.8283081054688,287.3083852296984,381.9364486044747,4.837183617957805,6.891859500994087
exp5,9,4,R=4,292.760498046875,390.9803161621094,287.3083852296984,381.9364486044747,5.452112817176612,9.043867557634655
exp5,9,4,R=64,292.4695739746094,390.3252563476562,287.3083852296984,381.9364486044747,5.161188744910987,8.388807743181474
exp5,9,4,Spline-ETO,292.2861633300781,389.6213073730469,287.3083852296984,381.9364486044747,4.977778100379737,7.684858768572155
exp5,9,4,Spline-QFR,296.6251220703125,407.0617980957031,287.3083852296984,381.9364486044747,9.316736840614112,25.125349491228405
exp5,9,4,lambda=0.1,292.8569030761719,403.6297607421875,287.3083852296984,381.9364486044747,5.548517846473487,21.69331213771278
exp5,9,4,lambda=0.3,294.379638671875,396.08447265625,287.3083852296984,381.9364486044747,7.071253442176612,14.14802405177528
exp5,9,4,lambda=0.5,293.1789855957031,392.4060668945312,287.3083852296984,381.9364486044747,5.870600366004737,10.469618290056474
exp5,9,4,lambda=0.7,292.0970153808594,392.5853881835938,287.3083852296984,381.9364486044747,4.788630151160987,10.648939579119087
exp5,9,4,lambda=0.9,291.7417602539062,389.7301330566406,287.3083852296984,381.9364486044747,4.433375024207805,7.793684452165905
exp5,9,14,ERM,108.68211495554674,425.7016975212452,108.64003214455688,275.8132220264702,0.04208281098985367,149.88847549477498
exp5,9,14,ERM-NN,110.19531667609446,430.3852522165234,108.64003214455688,275.8132220264702,1.5552845315375805,154.57203019005317
exp5,9,14,LightGBM,108.89675824321132,424.22291612871646,108.64003214455688,275.8132220264702,0.25672609865443974,148.40969410224625
exp5,9,14,M=128,110.2551727294922,281.8796081542969,108.64003214455688,275.8132220264702,1.6151405849353182,6.066386127826661
exp5,9,14,M=2048,110.3156585693359,281.6876831054688,108.64003214455688,275.8132220264702,1.6756264247790114,5.874461078998593
exp5,9,14,M=32,110.4113311767578,285.1314697265625,108.64003214455688,275.8132220264702,1.7712990322009148,9.318247700092286
exp5,9,14,M=512,110.2550048828125,281.6522216796875,108.64003214455688,275.8132220264702,1.6149727382556165,5.838999653217286
exp5,9,14,M=8,110.1828918457031,283.3594055175781,108.64003214455688,275.8132220264702,1.542859701146213,7.546183491107911
exp5,9,14,R=1,110.2267990112305,281.7067565917969,108.64003214455688,275.8132220264702,1.5867668666736137,5.893534565326661
exp5,9,14,R=16,110.2551727294922,281.8796081542969,108.64003214455688,275.8132220264702,1.6151405849353182,6.066386127826661
exp5,9,14,R=256,110.0549468994141,281.3992309570312,108.64003214455688,275.8132220264702,1.4149147548572216,5.586008930560979
exp5,9,14,R=4,110.1767501831055,281.5563049316406,108.64003214455688,275.8132220264702,1.5367180385486137,5.743082905170411
exp5,9,14,R=64,110.2893295288086,281.8436584472656,108.64003214455688,275.8132220264702,1.6492973842517102,6.030436420795411
exp5,9,14,Spline-ETO,109.8589172363281,281.4254455566406,108.64003214455688,275.8132220264702,1.218885091771213,5.612223530170411
exp5,9,14,Spline-QFR,124.3567504882812,310.0012817382812,108.64003214455688,275.8132220264702,15.71671834372431,34.18805971181098
exp5,9,14,lambda=0.1,110.4504089355469,353.1896057128906,108.64003214455688,275.8132220264702,1.81037679099002,77.37638368642041
exp5,9,14,lambda=0.3,110.3765106201172,305.4883422851562,108.64003214455688,275.8132220264702,1.7364784755603182,29.67512025868598
exp5,9,14,lambda=0.5,110.2551727294922,281.8796081542969,108.64003214455688,275.8132220264702,1.6151405849353182,6.066386127826661
exp5,9,14,lambda=0.7,109.5791397094727,278.8417663574219,108.64003214455688,275.8132220264702,0.9391075649158154,3.028544330951661
exp5,9,14,lambda=0.9,110.2465133666992,281.6493835449219,108.64003214455688,275.8132220264702,1.606481222142321,5.836161518451661
exp5,9,15,ERM,491.1467731538438,273.3497893772513,490.9512131741817,228.39143508903368,0.19555997966210725,44.958354288217606
exp5,9,15,ERM-NN,493.1718298970063,275.3749613854085,490.9512131741817,228.39143508903368,2.220616722824616,46.983526296374805
exp5,9,15,LightGBM,493.12632491656007,275.8361983236883,490.9512131741817,228.39143508903368,2.1751117423783626,47.4447632346546
exp5,9,15,M=128,492.5242614746094,230.3046569824219,490.9512131741817,228.39143508903368,1.573048300427672,1.9132218933882257
exp5,9,15,M=2048,492.4114074707031,232.1983184814453,490.9512131741817,228.39143508903368,1.460194296521422,3.8068833924116348
exp5,9,15,M=32,492.3788146972656,230.1120300292969,490.9512131741817,228.39143508903368,1.427601523083922,1.7205949402632257
exp5,9,15,M=512,492.6122436523438,230.4933471679688,490.9512131741817,228.39143508903368,1.661030478162104,2.101912078935129
exp5,9,15,M=8,492.4739990234375,230.6084289550781,490.9512131741817,228.39143508903368,1.522785849255797,2.216993866044419
exp5,9,15,R=1,491.7868347167969,230.2287445068359,490.9512131741817,228.39143508903368,0.8356215426151721,1.8373094178022313
exp5,9,15,R=16,492.5242614746094,230.3046569824219,490.9512131741817,228.39143508903368,1.573048300427672,1.9132218933882257
exp5,9,15,R=256,492.5113220214844,230.3132629394531,490.9512131741817,228.39143508903368,1.560108847302672,1.9218278504194188
exp5,9,15,R=4,492.1704406738281,230.5865020751953,490.9512131741817,228.39143508903368,1.219227499646422,2.1950669861616348
exp5,9,15,R=64,492.5062561035156,230.2769012451172,490.9512131741817,228.39143508903368,1.555042929333922,1.8854661560835098
exp5,9,15,Spline-ETO,493.6387634277344,231.0235137939453,490.9512131741817,228.39143508903368,2.687550253552672,2.6320787049116348
exp5,9,15,Spline-QFR,579.16943359375,252.7246246337891,490.9512131741817,228.39143508903368,88.2182204195683,24.333189544755413
exp5,9,15,lambda=0.1,491.8786010742188,234.2349853515625,490.9512131741817,228.39143508903368,0.9273879000371039,5.843550262528822
exp5,9,15,lambda=0.3,492.050048828125,232.8715362548828,490.9512131741817,228.39143508903368,1.098835653943297,4.480101165849135
exp5,9,15,lambda=0.5,492.5242614746094,230.3046569824219,490.9512131741817,228.39143508903368,1.573048300427672,1.9132218933882257
exp5,9,15,lambda=0.7,492.7530212402344,230.0625762939453,490.9512131741817,228.39143508903368,1.801808066052672,1.6711412049116348
exp5,9,15,lambda=0.9,493.0764465332031,230.121337890625,490.9512131741817,228.39143508903368,2.125233359021422,1.7299028015913223
exp5,9,18,ERM,284.7093240939451,643.9458799559279,284.68023956238346,377.2165492297179,0.029084531561636595,266.72933072621004
exp5,9,18,ERM-NN,287.38020321770296,650.4673527437777,284.68023956238346,377.2165492297179,2.6999636553194932,273.25080351405984
exp5,9,18,LightGBM,284.7119534009571,642.5436767036094,284.68023956238346,377.2165492297179,0.031713838573637076,265.32712747389155
exp5,9,18,M=128,287.0928039550781,384.6665954589844,284.68023956238346,377.2165492297179,2.4125643926946623,7.450046229266491
exp5,9,18,M=2048,287.0601806640625,381.7606201171875,284.68023956238346,377.2165492297179,2.3799411016790373,4.544070887469616
exp5,9,18,M=32,287.1637878417969,385.2756652832031,284.68023956238346,377.2165492297179,2.4835482794134123,8.05911605348524
exp5,9,18,M=512,287.4825134277344,382.4129638671875,284.68023956238346,377.2165492297179,2.8022738653509123,5.196414637469616
exp5,9,18,M=8,286.9718627929688,397.3225708007812,284.68023956238346,377.2165492297179,2.291623230585344,20.10602157106331
exp5,9,18,R=1,287.9618225097656,386.9888916015625,284.68023956238346,377.2165492297179,3.2815829473821623,9.772342371844616
exp5,9,18,R=16,287.0928039550781,384.6665954589844,284.68023956238346,377.2165492297179,2.4125643926946623,7.450046229266491
exp5,9,18,R=256,287.1658325195312,384.7965087890625,284.68023956238346,377.2165492297179,2.4855929571477304,7.579959559344616
exp5,9,18,R=4,287.1777648925781,384.8727416992188,284.68023956238346,377.2165492297179,2.4975253301946623,7.6561924695009225
exp5,9,18,R=64,287.1544494628906,390.1727294921875,284.68023956238346,377.2165492297179,2.4742099005071623,12.956180262469616
exp5,9,18,Spline-ETO,287.0424194335938,382.7777099609375,284.68023956238346,377.2165492297179,2.362179871210344,5.561160731219616
exp5,9,18,Spline-QFR,308.7032470703125,398.5977783203125,284.68023956238346,377.2165492297179,24.023007507929037,21.381229090594616
exp5,9,18,lambda=0.1,287.5578918457031,401.5498046875,284.68023956238346,377.2165492297179,2.8776522833196623,24.333255457782116
exp5,9,18,lambda=0.3,286.9970703125,383.9789428710938,284.68023956238346,377.2165492297179,2.3168307501165373,6.7623936413759225
exp5,9,18,lambda=0.5,287.0928039550781,384.6665954589844,284.68023956238346,377.2165492297179,2.4125643926946623,7.450046229266491
exp5,9,18,lambda=0.7,287.1338806152344,383.0572509765625,284.68023956238346,377.2165492297179,2.4536410528509123,5.840701746844616
exp5,9,18,lambda=0.9,287.1684875488281,382.8708801269531,284.68023956238346,377.2165492297179,2.4882479864446623,5.654330897235241
exp5,9,29,ERM,657.1878644244113,469.8117813738056,656.9113743950943,293.34809118734637,0.2764900293169603,176.46369018645925
exp5,9,29,ERM-NN,656.7439481152255,466.742545919505,656.9113743950943,293.34809118734637,-0.16742627986877778,173.39445473215864
exp5,9,29,LightGBM,658.7036259285336,459.52684368482295,656.9113743950943,293.34809118734637,1.7922515334392983,166.17875249747658
exp5,9,29,M=128,659.9434814453125,299.3407287597656,656.9113743950943,293.34809118734637,3.032107050218201,5.992637572419255
exp5,9,29,M=2048,659.8798217773438,299.4353332519531,656.9113743950943,293.34809118734637,2.968447382249451,6.087242064606755
exp5,9,29,M=32,660.425048828125,299.7337036132812,656.9113743950943,293.34809118734637,3.513674433030701,6.3856124259348235
exp5,9,29,M=512,659.8809814453125,299.2355041503906,656.9113743950943,293.34809118734637,2.969607050218201,5.887412963044255
exp5,9,29,M=8,660.5330200195312,305.3103637695312,656.9113743950943,293.34809118734637,3.621645624436951,11.962272582184823
exp5,9,29,R=1,659.9580688476562,299.3202819824219,656.9113743950943,293.34809118734637,3.046694452561951,5.972190795075505
exp5,9,29,R=16,659.9434814453125,299.3407287597656,656.9113743950943,293.34809118734637,3.032107050218201,5.992637572419255
exp5,9,29,R=256,659.9132080078125,299.3273620605469,656.9113743950943,293.34809118734637,3.001833612718201,5.979270873200505
exp5,9,29,R=4,659.9182739257812,299.3688354492188,656.9113743950943,293.34809118734637,3.006899530686951,6.020744261872437
exp5,9,29,R=64,659.9489135742188,299.3373413085938,656.9113743950943,293.34809118734637,3.037539179124451,5.989250121247437
exp5,9,29,Spline-ETO,659.4991455078125,296.1454467773438,656.9113743950943,293.34809118734637,2.587771112718201,2.797355589997437
exp5,9,29,Spline-QFR,669.408935546875,312.470458984375,656.9113743950943,293.34809118734637,12.497561151780701,19.12236779702863
exp5,9,29,lambda=0.1,659.1934814453125,324.3622741699219,656.9113743950943,293.34809118734637,2.282107050218201,31.014182982575505
exp5,9,29,lambda=0.3,658.9879150390625,302.6081848144531,656.9113743950943,293.34809118734637,2.076540643968201,9.260093627106755
exp5,9,29,lambda=0.5,659.9434814453125,299.3407287597656,656.9113743950943,293.34809118734637,3.032107050218201,5.992637572419255
exp5,9,29,lambda=0.7,660.5020141601562,297.6002197265625,656.9113743950943,293.34809118734637,3.590639765061951,4.25212853921613
exp5,9,29,lambda=0.9,661.008544921875,296.5680847167969,656.9113743950943,293.34809118734637,4.097170526780701,3.2199935294505053
exp5,9,32,ERM,212.3957621146668,513.5368260608157,212.31865315461064,327.22099884152476,0.07710896005616519,186.3158272192909
exp5,9,32,ERM-NN,212.84714999877696,516.9321466112278,212.31865315461064,327.22099884152476,0.5284968441663125,189.71114776970308
exp5,9,32,LightGBM,212.9012875506851,556.6495889775598,212.31865315461064,327.22099884152476,0.582634396074468,229.42859013603504
exp5,9,32,M=128,213.9445648193359,330.6107177734375,212.31865315461064,327.22099884152476,1.6259116647252654,3.389718931912739
exp5,9,32,M=2048,214.4968109130859,333.3771057128906,212.31865315461064,327.22099884152476,2.1781577584752654,6.156106871365864
exp5,9,32,M=32,214.1285400390625,330.1671142578125,212.31865315461064,327.22099884152476,1.8098868844518563,2.946115416287739
exp5,9,32,M=512,214.343505859375,331.4170227050781,212.31865315461064,327.22099884152476,2.0248527047643563,4.196023863553364
exp5,9,32,M=8,218.6900329589844,330.74169921875,212.31865315461064,327.22099884152476,6.37137980437376,3.520700377225239
exp5,9,32,R=1,214.4869232177734,332.5344543457031,212.31865315461064,327.22099884152476,2.1682700631627654,5.313455504178364
exp5,9,32,R=16,213.9445648193359,330.6107177734375,212.31865315461064,327.22099884152476,1.6259116647252654,3.389718931912739
exp5,9,32,R=256,214.2446746826172,330.8301696777344,212.31865315461064,327.22099884152476,1.9260215280065438,3.609170836209614
exp5,9,32,R=4,213.8405303955078,330.8804321289062,212.31865315461064,327.22099884152476,1.5218772408971688,3.6594332873814324
exp5,9,32,R=64,214.2475128173828,330.7574157714844,212.31865315461064,327.22099884152476,1.9288596627721688,3.536416929959614
exp5,9,32,Spline-ETO,216.2805633544922,329.22509765625,212.31865315461064,327.22099884152476,3.961910199881544,2.004098814725239
exp5,9,32,Spline-QFR,222.3592681884766,346.291015625,212.31865315461064,327.22099884152476,10.040615033865947,19.07001678347524
exp5,9,32,lambda=0.1,212.6586151123047,412.7185363769531,212.31865315461064,327.22099884152476,0.3399619576940438,85.49753753542836
exp5,9,32,lambda=0.3,214.6159057617188,333.694091796875,212.31865315461064,327.22099884152476,2.297252607108163,6.473092955350239
exp5,9,32,lambda=0.5,213.9445648193359,330.6107177734375,212.31865315461064,327.22099884152476,1.6259116647252654,3.389718931912739
exp5,9,32,lambda=0.7,212.8225250244141,329.78515625,212.31865315461064,327.22099884152476,0.5038718698034472,2.564157408475239
exp5,9,32,lambda=0.9,214.6896514892578,329.1303405761719,212.31865315461064,327.22099884152476,2.370998334647169,1.9093417346471142
exp5,9,36,ERM,258.95062658879704,406.187924861883,258.8738010761667,306.5272325698357,0.07682551263030746,99.66069229204732
exp5,9,36,ERM-NN,260.2439867061478,408.4589276067902,258.8738010761667,306.5272325698357,1.3701856299810515,101.93169503695452
exp5,9,36,LightGBM,260.66292980538486,409.64225019611234,258.8738010761667,306.5272325698357,1.7891287292181346,103.11501762627665
exp5,9,36,M=128,260.8908081054688,314.7288818359375,258.8738010761667,306.5272325698357,2.0170070293020785,8.20164926610181
exp5,9,36,M=2048,260.8868408203125,316.5160522460938,258.8738010761667,306.5272325698357,2.0130397441457717,9.988819676258117
exp5,9,36,M=32,260.7972106933594,312.21875,258.8738010761667,306.5272325698357,1.9234096171926467,5.6915174301643106
exp5,9,36,M=512,261.0192260742188,315.4216003417969,258.8738010761667,306.5272325698357,2.1454249980520785,8.894367771961186
exp5,9,36,M=8,260.6994323730469,310.0564270019531,258.8738010761667,306.5272325698357,1.8256312968801467,3.5291944321174356
exp5,9,36,R=1,260.9480285644531,313.7847290039062,258.8738010761667,306.5272325698357,2.0742274882863967,7.257496434070504
exp5,9,36,R=16,260.8908081054688,314.7288818359375,258.8738010761667,306.5272325698357,2.0170070293020785,8.20164926610181
exp5,9,36,R=256,260.8570251464844,314.2942199707031,258.8738010761667,306.5272325698357,1.9832240703176467,7.7669874008674356
exp5,9,36,R=4,260.8524169921875,314.4762268066406,258.8738010761667,306.5272325698357,1.9786159160207717,7.9489942368049356
exp5,9,36,R=64,260.8345642089844,315.7099304199219,258.8738010761667,306.5272325698357,1.9607631328176467,9.182697850086186
exp5,9,36,Spline-ETO,259.771484375,308.7273559570312,258.8738010761667,306.5272325698357,0.8976832988332717,2.2001233871955037
exp5,9,36,Spline-QFR,265.6495056152344,316.0309753417969,258.8738010761667,306.5272325698357,6.775704539067647,9.503742771961186
exp5,9,36,lambda=0.1,261.1903076171875,310.4349975585938,258.8738010761667,306.5272325698357,2.3165065410207717,3.9077649887581174
exp5,9,36,lambda=0.3,260.8452453613281,315.8930969238281,258.8738010761667,306.5272325698357,1.9714442851613967,9.365864353992436
exp5,9,36,lambda=0.5,260.8908081054688,314.7288818359375,258.8738010761667,306.5272325698357,2.0170070293020785,8.20164926610181
exp5,9,36,lambda=0.7,260.298583984375,309.1746826171875,258.8738010761667,306.5272325698357,1.4247829082082717,2.6474500473518106
exp5,9,36,lambda=0.9,259.9075012207031,309.0753784179688,258.8738010761667,306.5272325698357,1.0337001445363967,2.5481458481331174
exp5,9,82,ERM,96.59281493949022,116.58979201178036,96.5535652590198,111.26224993720491,0.039249680470419435,5.327542074575447
exp5,9,82,ERM-NN,98.04177521670312,118.4612134130459,96.5535652590198,111.26224993720491,1.4882099576833099,7.1989634758409835
exp5,9,82,LightGBM,96.8713251659251,116.980946405653,96.5535652590198,111.26224993720491,0.31775990690529454,5.718696468448087
exp5,9,82,M=128,97.6724624633789,112.8611602783203,96.5535652590198,111.26224993720491,1.1188972043591008,1.5989103411153849
exp5,9,82,M=2048,97.60222625732422,112.7883605957031,96.5535652590198,111.26224993720491,1.0486609983044133,1.5261106584981832
exp5,9,82,M=32,97.65756225585938,112.8700561523438,96.5535652590198,111.26224993720491,1.1039969968395695,1.6078062151388934
exp5,9,82,M=512,97.70549011230469,112.8775863647461,96.5535652590198,111.26224993720491,1.151924853284882,1.6153364275411803
exp5,9,82,M=8,97.68922424316406,112.8304977416992,96.5535652590198,111.26224993720491,1.135658984144257,1.5682478044942911
exp5,9,82,R=1,97.66696166992188,112.8789520263672,96.5535652590198,111.26224993720491,1.1133964109020695,1.6167020891622883
exp5,9,82,R=16,97.6724624633789,112.8611602783203,96.5535652590198,111.26224993720491,1.1188972043591008,1.5989103411153849
exp5,9,82,R=256,97.71519470214844,112.9173812866211,96.5535652590198,111.26224993720491,1.161629443128632,1.6551313494161803
exp5,9,82,R=4,97.68732452392578,112.900146484375,96.5535652590198,111.26224993720491,1.1337592649059758,1.6378965471700866
exp5,9,82,R=64,97.64913940429688,112.8272247314453,96.5535652590198,111.26224993720491,1.0955741452770695,1.5649747942403849
exp5,9,82,Spline-ETO,97.62672424316406,112.6501846313477,96.5535652590198,111.26224993720491,1.073158984144257,1.3879346941427855
exp5,9,82,Spline-QFR,101.9476089477539,116.0591278076172,96.5535652590198,111.26224993720491,5.394043688734101,4.796877870412288
exp5,9,82,lambda=0.1,97.80760955810547,113.3552780151367,96.5535652590198,111.26224993720491,1.2540442990856633,2.093028077931791
exp5,9,82,lambda=0.3,97.83001708984375,113.1320343017578,96.5535652590198,111.26224993720491,1.2764518308239445,1.8697843645528849
exp5,9,82,lambda=0.5,97.6724624633789,112.8611602783203,96.5535652590198,111.26224993720491,1.1188972043591008,1.5989103411153849
exp5,9,82,lambda=0.7,97.58537292480469,112.7008514404297,96.5535652590198,111.26224993720491,1.031807665784882,1.4386015032247883
exp5,9,82,lambda=0.9,97.51449584960938,112.5634078979492,96.5535652590198,111.26224993720491,0.9609305905895695,1.3011579607442911
exp5,9,87,ERM,98.23778740814012,70.38581624502366,98.17441461899928,60.41109163012346,0.06337278914084266,9.974724614900204
exp5,9,87,ERM-NN,99.05901559545796,71.03890541374354,98.17441461899928,60.41109163012346,0.8846009764586853,10.627813783620077
exp5,9,87,LightGBM,98.56904848939844,70.60326131774346,98.17441461899928,60.41109163012346,0.3946338703991614,10.192169687620002
exp5,9,87,M=128,99.00364685058594,61.19472503662109,98.17441461899928,60.41109163012346,0.8292322315866585,0.7836334064976285
exp5,9,87,M=2048,99.23263549804688,61.27223587036133,98.17441461899928,60.41109163012346,1.058220879047596,0.86114424023787
exp5,9,87,M=32,99.24720764160156,61.26648330688477,98.17441461899928,60.41109163012346,1.0727930226022835,0.8553916767613146
exp5,9,87,M=512,99.19318389892578,61.28599166870117,98.17441461899928,60.41109163012346,1.0187692799265022,0.8749000385777137
exp5,9,87,M=8,99.25634765625,61.23960494995117,98.17441461899928,60.41109163012346,1.081933037250721,0.8285133198277137
exp5,9,87,R=1,99.03192138671875,61.21735000610352,98.17441461899928,60.41109163012346,0.857506767719471,0.8062583759800646
exp5,9,87,R=16,99.00364685058594,61.19472503662109,98.17441461899928,60.41109163012346,0.8292322315866585,0.7836334064976285
exp5,9,87,R=256,99.14043426513672,61.18852233886719,98.17441461899928,60.41109163012346,0.9660196461374397,0.7774307087437293
exp5,9,87,R=4,99.08727264404297,61.17464447021484,98.17441461899928,60.41109163012346,0.9128580250436897,0.7635528400913785
exp5,9,87,R=64,99.14903259277344,61.19227981567383,98.17441461899928,60.41109163012346,0.9746179737741585,0.78118818555037
exp5,9,87,Spline-ETO,99.81288146972656,61.60641098022461,98.17441461899928,60.41109163012346,1.6384668507272835,1.1953193501011512
exp5,9,87,Spline-QFR,101.4045639038086,70.63136291503906,98.17441461899928,60.41109163012346,3.2301492848093147,10.220271284915604
exp5,9,87,lambda=0.1,98.77493286132812,68.21185302734375,98.17441461899928,60.41109163012346,0.600518242328846,7.800761397220292
exp5,9,87,lambda=0.3,98.82865905761719,61.4357795715332,98.17441461899928,60.41109163012346,0.6542444386179085,1.024687941409745
exp5,9,87,lambda=0.5,99.00364685058594,61.19472503662109,98.17441461899928,60.41109163012346,0.8292322315866585,0.7836334064976285
exp5,9,87,lambda=0.7,99.22405242919922,61.30746459960938,98.17441461899928,60.41109163012346,1.0496378101999397,0.8963729694859239
exp5,9,87,lambda=0.9,99.58912658691406,61.52006530761719,98.17441461899928,60.41109163012346,1.4147119679147835,1.1089736774937293
exp5,9,95,ERM,88.19301353517824,416.95270294271535,88.17553206596409,315.62658427819656,0.017481469214146728,101.32611866451879
exp5,9,95,ERM-NN,88.99449236036607,418.2796974761585,88.17553206596409,315.62658427819656,0.8189602944019754,102.65311319796194
exp5,9,95,LightGBM,88.39037685302523,413.5103175962572,88.17553206596409,315.62658427819656,0.2148447870611392,97.88373331806065
exp5,9,95,M=128,89.23918914794922,320.7177124023438,88.17553206596409,315.62658427819656,1.0636570819851272,5.091128124147247
exp5,9,95,M=2048,89.11183166503906,321.7266540527344,88.17553206596409,315.62658427819656,0.936299599074971,6.100069774537815
exp5,9,95,M=32,89.18260192871094,319.7418212890625,88.17553206596409,315.62658427819656,1.007069862746846,4.11523701086594
exp5,9,95,M=512,89.23641204833984,320.7904663085938,88.17553206596409,315.62658427819656,1.0608799823757522,5.163882030397247
exp5,9,95,M=8,88.96337890625,319.2837219238281,88.17553206596409,315.62658427819656,0.7878468402859085,3.6571376456315647
exp5,9,95,R=1,89.23670196533203,320.4095764160156,88.17553206596409,315.62658427819656,1.0611698993679397,4.782992137819065
exp5,9,95,R=16,89.23918914794922,320.7177124023438,88.17553206596409,315.62658427819656,1.0636570819851272,5.091128124147247
exp5,9,95,R=256,89.18512725830078,320.1935424804688,88.17553206596409,315.62658427819656,1.0095951923366897,4.566958202272247
exp5,9,95,R=4,89.22294616699219,320.2147521972656,88.17553206596409,315.62658427819656,1.047414101028096,4.588167919069065
exp5,9,95,R=64,89.17425537109375,320.41845703125,88.17553206596409,315.62658427819656,0.9987233051296585,4.79187275305344
exp5,9,95,Spline-ETO,88.68395233154297,318.358154296875,88.17553206596409,315.62658427819656,0.5084202655788772,2.7315700186784397
exp5,9,95,Spline-QFR,127.4429931640625,345.8360290527344,88.17553206596409,315.62658427819656,39.26746109809841,30.209444774537815
exp5,9,95,lambda=0.1,89.97686004638672,366.4730529785156,88.17553206596409,315.62658427819656,1.8013279804226272,50.846468700319065
exp5,9,95,lambda=0.3,89.08745574951172,345.7964172363281,88.17553206596409,315.62658427819656,0.9119236835476272,30.169832958131565
exp5,9,95,lambda=0.5,89.23918914794922,320.7177124023438,88.17553206596409,315.62658427819656,1.0636570819851272,5.091128124147247
exp5,9,95,lambda=0.7,89.05390930175781,318.8207092285156,88.17553206596409,315.62658427819656,0.878377235793721,3.1941249503190647
exp5,9,95,lambda=0.9,88.9041976928711,318.5361022949219,88.17553206596409,315.62658427819656,0.7286656269070022,2.9095180167253147
exp5,14,4,ERM,250.4549605503436,433.7078238961416,250.4063436506827,338.4071355747494,0.04861689966091376,95.30068832139216
exp5,14,4,ERM-NN,251.4949727949352,435.4687841539864,250.4063436506827,338.4071355747494,1.0886291442525078,97.06164857923699
exp5,14,4,LightGBM,251.64821537420752,435.7916344276082,250.4063436506827,338.4071355747494,1.241871723524838,97.38449885285877
exp5,14,4,M=128,254.5889587402344,346.5162963867188,250.4063436506827,338.4071355747494,4.182615089551717,8.109160811969389
exp5,14,4,M=2048,255.3851623535156,352.6558532714844,250.4063436506827,338.4071355747494,4.9788187028329105,14.248717696734957
exp5,14,4,M=32,254.2626495361328,349.9275817871094,250.4063436506827,338.4071355747494,3.8563058854501264,11.520446212359957
exp5,14,4,M=512,254.0540008544922,348.4510192871094,250.4063436506827,338.4071355747494,3.6476572038095014,10.043883712359957
exp5,14,4,M=8,253.2894744873047,352.2696838378906,250.4063436506827,338.4071355747494,2.8831308366220014,13.862548263141207
exp5,14,4,R=1,253.9697418212891,345.1332397460938,250.4063436506827,338.4071355747494,3.563398170606405,6.726104171344389
exp5,14,4,R=16,254.5889587402344,346.5162963867188,250.4063436506827,338.4071355747494,4.182615089551717,8.109160811969389
exp5,14,4,R=256,253.8392333984375,346.1906127929688,250.4063436506827,338.4071355747494,3.432889747754814,7.783477218219389
exp5,14,4,R=4,254.1391448974609,347.90576171875,250.4063436506827,338.4071355747494,3.732801246778223,9.498626144000582
exp5,14,4,R=64,253.9460296630859,345.8130798339844,250.4063436506827,338.4071355747494,3.539686012403223,7.405944259234957
exp5,14,4,Spline-ETO,255.3169097900391,344.6924133300781,250.4063436506827,338.4071355747494,4.910566139356405,6.285277755328707
exp5,14,4,Spline-QFR,267.0865783691406,357.548828125,250.4063436506827,338.4071355747494,16.68023471845794,19.141692550250582
exp5,14,4,lambda=0.1,253.7100830078125,349.2258605957031,250.4063436506827,338.4071355747494,3.303739357129814,10.818725020953707
exp5,14,4,lambda=0.3,253.6092681884766,347.6453857421875,250.4063436506827,338.4071355747494,3.202924537793905,9.238250167438082
exp5,14,4,lambda=0.5,254.5889587402344,346.5162963867188,250.4063436506827,338.4071355747494,4.182615089551717,8.109160811969389
exp5,14,4,lambda=0.7,254.9558410644531,345.5382385253906,250.4063436506827,338.4071355747494,4.5494974137704105,7.131102950641207
exp5,14,4,lambda=0.9,257.2893676757812,352.7018737792969,250.4063436506827,338.4071355747494,6.883024025098507,14.294738204547457
exp5,14,14,ERM,131.81416037845355,330.93241759116194,131.7633887644848,268.51458061254306,0.05077161396874885,62.41783697861888
exp5,14,14,ERM-NN,132.9502972430626,336.8058399902669,131.7633887644848,268.51458061254306,1.1869084785778057,68.29125937772386
exp5,14,14,LightGBM,133.4801767557238,341.945837044021,131.7633887644848,268.51458061254306,1.7167879912389878,73.43125643147795
exp5,14,14,M=128,133.1226043701172,272.3179626464844,131.7633887644848,268.51458061254306,1.3592156056323859,3.8033820339413182
exp5,14,14,M=2048,133.2099609375,272.0155639648438,131.7633887644848,268.51458061254306,1.4465721730151984,3.50098335230075
exp5,14,14,M=32,133.1860046386719,272.4772338867188,131.7633887644848,268.51458061254306,1.4226158741871018,3.96265327417575
exp5,14,14,M=512,133.1766967773438,271.9224548339844,131.7633887644848,268.51458061254306,1.4133080128590052,3.4078742214413182
exp5,14,14,M=8,133.2987823486328,272.0208740234375,131.7633887644848,268.51458061254306,1.5353935841480109,3.5062934108944432
exp5,14,14,R=1,133.4467468261719,273.3151245117188,131.7633887644848,268.51458061254306,1.6833580616871018,4.80054389917575
exp5,14,14,R=16,133.1226043701172,272.3179626464844,131.7633887644848,268.51458061254306,1.3592156056323859,3.8033820339413182
exp5,14,14,R=256,133.2042236328125,272.0049743652344,131.7633887644848,268.51458061254306,1.4408348683276984,3.4903937526913182
exp5,14,14,R=4,133.4567565917969,273.4375915527344,131.7633887644848,268.51458061254306,1.6933678273121018,4.923010940191318
exp5,14,14,R=64,133.0715942382812,271.863525390625,131.7633887644848,268.51458061254306,1.3082054737963915,3.3489447780819432
exp5,14,14,Spline-ETO,140.5164489746094,274.4637145996094,131.7633887644848,268.51458061254306,8.753060210124602,5.949133987066318
exp5,14,14,Spline-QFR,150.8982238769531,282.9431457519531,131.7633887644848,268.51458061254306,19.134835112468295,14.428565139410068
exp5,14,14,lambda=0.1,133.9137878417969,279.8594055175781,131.7633887644848,268.51458061254306,2.150399077312102,11.344824905035068
exp5,14,14,lambda=0.3,133.4068450927734,272.7087097167969,131.7633887644848,268.51458061254306,1.6434563282886074,4.194129104253818
exp5,14,14,lambda=0.5,133.1226043701172,272.3179626464844,131.7633887644848,268.51458061254306,1.3592156056323859,3.8033820339413182
exp5,14,14,lambda=0.7,133.066162109375,271.8272705078125,131.7633887644848,268.51458061254306,1.3027733448901984,3.3126898952694432
exp5,14,14,lambda=0.9,132.9317932128906,271.384033203125,131.7633887644848,268.51458061254306,1.168404448405795,2.8694525905819432
exp5,14,15,ERM,737.5897086115017,896.2725723327296,737.4249356191227,509.2830308605183,0.16477299237897114,386.98954147221133
exp5,14,15,ERM-NN,742.774010783603,895.9629285009213,737.4249356191227,509.2830308605183,5.3490751644802685,386.679897640403
exp5,14,15,LightGBM,744.181311594685,883.7256663288347,737.4249356191227,509.2830308605183,6.756375975562264,374.4426354683164
exp5,14,15,M=128,740.2160034179688,516.588623046875,737.4249356191227,509.2830308605183,2.7910677988460293,7.305592186356705
exp5,14,15,M=2048,741.2412109375,514.8427124023438,737.4249356191227,509.2830308605183,3.8162753183772793,5.559681541825455
exp5,14,15,M=32,740.439453125,527.76513671875,737.4249356191227,509.2830308605183,3.0145175058772793,18.482105858231705
exp5,14,15,M=512,740.6993408203125,515.186767578125,737.4249356191227,509.2830308605183,3.2744052011897793,5.903736717606705
exp5,14,15,M=8,741.5763549804688,563.4075927734375,737.4249356191227,509.2830308605183,4.151419361346029,54.124561912919205
exp5,14,15,R=1,740.0341186523438,516.6617431640625,737.4249356191227,509.2830308605183,2.6091830332210293,7.378712303544205
exp5,14,15,R=16,740.2160034179688,516.588623046875,737.4249356191227,509.2830308605183,2.7910677988460293,7.305592186356705
exp5,14,15,R=256,740.1737060546875,516.6238403320312,737.4249356191227,509.2830308605183,2.7487704355647793,7.340809471512955
exp5,14,15,R=4,740.2598266601562,516.4525146484375,737.4249356191227,509.2830308605183,2.8348910410335293,7.169483787919205
exp5,14,15,R=64,740.2781982421875,516.5112915039062,737.4249356191227,509.2830308605183,2.8532626230647793,7.228260643387955
exp5,14,15,Spline-ETO,742.4843139648438,514.9000854492188,737.4249356191227,509.2830308605183,5.059378345721029,5.617054588700455
exp5,14,15,Spline-QFR,802.0803833007812,534.1587524414062,737.4249356191227,509.2830308605183,64.65544768165853,24.875721580887955
exp5,14,15,lambda=0.1,741.6964111328125,540.04443359375,737.4249356191227,509.2830308605183,4.271475513689779,30.761402733231705
exp5,14,15,lambda=0.3,740.1686401367188,517.1328735351562,737.4249356191227,509.2830308605183,2.7437045175960293,7.849842674637955
exp5,14,15,lambda=0.5,740.2160034179688,516.588623046875,737.4249356191227,509.2830308605183,2.7910677988460293,7.305592186356705
exp5,14,15,lambda=0.7,740.4191284179688,515.3163452148438,737.4249356191227,509.2830308605183,2.9941927988460293,6.033314354325455
exp5,14,15,lambda=0.9,740.8900756835938,514.373046875,737.4249356191227,509.2830308605183,3.4651400644710293,5.090016014481705
exp5,14,18,ERM,649.9252508742574,1016.415106610094,649.8073690412635,503.1113040538941,0.11788183299381672,513.3038025561998
exp5,14,18,ERM-NN,652.9654094147967,1015.1408859967636,649.8073690412635,503.1113040538941,3.15804037353314,512.0295819428695
exp5,14,18,LightGBM,653.542357967171,988.298049269356,649.8073690412635,503.1113040538941,3.734988925907487,485.18674521546194
exp5,14,18,M=128,652.6372680664062,507.0142517089844,649.8073690412635,503.1113040538941,2.8298990251427085,3.9029476550902586
exp5,14,18,M=2048,652.8867797851562,506.7863159179688,649.8073690412635,503.1113040538941,3.0794107438927085,3.6750118640746905
exp5,14,18,M=32,652.6572875976562,508.3582763671875,649.8073690412635,503.1113040538941,2.8499185563927085,5.246972313293384
exp5,14,18,M=512,652.7540893554688,506.8379211425781,649.8073690412635,503.1113040538941,2.9467203142052085,3.7266170886840086
exp5,14,18,M=8,653.420166015625,513.9387817382812,649.8073690412635,503.1113040538941,3.6127969743614585,10.827477684387134
exp5,14,18,R=1,652.61376953125,507.1104736328125,649.8073690412635,503.1113040538941,2.8064004899864585,3.9991695789183836
exp5,14,18,R=16,652.6372680664062,507.0142517089844,649.8073690412635,503.1113040538941,2.8298990251427085,3.9029476550902586
exp5,14,18,R=256,652.578369140625,507.02978515625,649.8073690412635,503.1113040538941,2.7710000993614585,3.9184811023558836
exp5,14,18,R=4,652.5621948242188,507.0307006835938,649.8073690412635,503.1113040538941,2.7548257829552085,3.9193966296996905
exp5,14,18,R=64,652.5881958007812,507.0383911132812,649.8073690412635,503.1113040538941,2.7808267595177085,3.927087059387077
exp5,14,18,Spline-ETO,653.740966796875,505.7488098144531,649.8073690412635,503.1113040538941,3.9335977556114585,2.6375057605590086
exp5,14,18,Spline-QFR,661.0518188476562,513.0715942382812,649.8073690412635,503.1113040538941,11.244449806392709,9.960290184387134
exp5,14,18,lambda=0.1,653.796142578125,514.5741577148438,649.8073690412635,503.1113040538941,3.9887735368614585,11.462853660949634
exp5,14,18,lambda=0.3,653.300537109375,508.9365234375,649.8073690412635,503.1113040538941,3.4931680681114585,5.825219383605884
exp5,14,18,lambda=0.5,652.6372680664062,507.0142517089844,649.8073690412635,503.1113040538941,2.8298990251427085,3.9029476550902586
exp5,14,18,lambda=0.7,652.4204711914062,506.1712951660156,649.8073690412635,503.1113040538941,2.6131021501427085,3.0599911121215086
exp5,14,18,lambda=0.9,652.6620483398438,505.6041564941406,649.8073690412635,503.1113040538941,2.8546792985802085,2.4928524402465086
exp5,14,29,ERM,987.7648733522916,662.9412485375605,987.3076786380803,506.9459271023018,0.4571947142112549,155.99532143525863
exp5,14,29,ERM-NN,990.4096291192787,667.3628559796039,987.3076786380803,506.9459271023018,3.1019504811984007,160.41692887730204
exp5,14,29,LightGBM,994.1596125477032,685.6266877873026,987.3076786380803,506.9459271023018,6.851933909622858,178.68076068500073
exp5,14,29,M=128,990.3142700195312,518.7506713867188,987.3076786380803,506.9459271023018,3.006591381450903,11.804744284416927
exp5,14,29,M=2048,990.1107177734375,514.4158935546875,987.3076786380803,506.9459271023018,2.803039135357153,7.469966452385677
exp5,14,29,M=32,991.2721557617188,524.0938110351562,987.3076786380803,506.9459271023018,3.964477123638403,17.147883932854427
exp5,14,29,M=512,990.0025634765625,515.4320068359375,987.3076786380803,506.9459271023018,2.694884838482153,8.486079733635677
exp5,14,29,M=8,990.6806030273438,526.3117065429688,987.3076786380803,506.9459271023018,3.372924389263403,19.365779440666927
exp5,14,29,R=1,990.19873046875,518.4412841796875,987.3076786380803,506.9459271023018,2.891051830669653,11.495357077385677
exp5,14,29,R=16,990.3142700195312,518.7506713867188,987.3076786380803,506.9459271023018,3.006591381450903,11.804744284416927
exp5,14,29,R=256,990.430908203125,518.775390625,987.3076786380803,506.9459271023018,3.123229565044653,11.829463522698177
exp5,14,29,R=4,990.328125,518.4010620117188,987.3076786380803,506.9459271023018,3.020446361919653,11.455134909416927
exp5,14,29,R=64,990.355224609375,518.5723876953125,987.3076786380803,506.9459271023018,3.047545971294653,11.626460593010677
exp5,14,29,Spline-ETO,993.4244384765625,511.4371337890625,987.3076786380803,506.9459271023018,6.116759838482153,4.491206686760677
exp5,14,29,Spline-QFR,1041.639282226562,519.5261840820312,987.3076786380803,506.9459271023018,54.3316035884817,12.580256979729427
exp5,14,29,lambda=0.1,991.6947021484375,572.3838500976562,987.3076786380803,506.9459271023018,4.387023510357153,65.43792299535443
exp5,14,29,lambda=0.3,990.7055053710938,526.1237182617188,987.3076786380803,506.9459271023018,3.397826733013403,19.177791159416927
exp5,14,29,lambda=0.5,990.3142700195312,518.7506713867188,987.3076786380803,506.9459271023018,3.006591381450903,11.804744284416927
exp5,14,29,lambda=0.7,990.1495361328125,516.8058471679688,987.3076786380803,506.9459271023018,2.841857494732153,9.859920065666927
exp5,14,29,lambda=0.9,989.4666748046875,514.9637451171875,987.3076786380803,506.9459271023018,2.158996166607153,8.017818014885677
exp5,14,32,ERM,75.07643005739283,342.85377642842695,75.02426231981626,296.52070244174575,0.052167737576567674,46.3330739866812
exp5,14,32,ERM-NN,76.85058494644487,348.9762410810409,75.02426231981626,296.52070244174575,1.8263226266286097,52.45553863929513
exp5,14,32,LightGBM,75.25855607850693,340.30872316488586,75.02426231981626,296.52070244174575,0.2342937586906686,43.78802072314011
exp5,14,32,M=128,76.314697265625,300.0323486328125,75.02426231981626,296.52070244174575,1.290434945808741,3.5116461910667454
exp5,14,32,M=2048,76.3288803100586,300.0252380371094,75.02426231981626,296.52070244174575,1.3046179902423347,3.5045355953636204
exp5,14,32,M=32,76.30030059814453,300.0406188964844,75.02426231981626,296.52070244174575,1.2760382783282722,3.5199164547386204
exp5,14,32,M=512,76.30197143554688,300.0119018554688,75.02426231981626,296.52070244174575,1.277709115730616,3.491199413723052
exp5,14,32,M=8,76.2562255859375,299.9941711425781,75.02426231981626,296.52070244174575,1.231963266121241,3.4734687008323704
exp5,14,32,R=1,76.30191040039062,300.0268249511719,75.02426231981626,296.52070244174575,1.277648080574366,3.5061225094261204
exp5,14,32,R=16,76.314697265625,300.0323486328125,75.02426231981626,296.52070244174575,1.290434945808741,3.5116461910667454
exp5,14,32,R=256,76.2805404663086,300.0372924804688,75.02426231981626,296.52070244174575,1.2562781464923347,3.516590038723052
exp5,14,32,R=4,76.30179595947266,300.0221252441406,75.02426231981626,296.52070244174575,1.2775336396563972,3.5014228023948704
exp5,14,32,R=64,76.28028106689453,300.0267944335938,75.02426231981626,296.52070244174575,1.2560187470782722,3.506091991848052
exp5,14,32,Spline-ETO,75.94713592529297,298.8924865722656,75.02426231981626,296.52070244174575,0.9228736054767097,2.3717841305198704
exp5,14,32,Spline-QFR,84.64788818359375,321.7151489257812,75.02426231981626,296.52070244174575,9.623625863777491,25.19444648403544
exp5,14,32,lambda=0.1,76.77298736572266,324.558349609375,75.02426231981626,296.52070244174575,1.7487250459063972,28.037647167629245
exp5,14,32,lambda=0.3,76.5928955078125,301.5422058105469,75.02426231981626,296.52070244174575,1.568633187996241,5.02150336880112
exp5,14,32,lambda=0.5,76.314697265625,300.0323486328125,75.02426231981626,296.52070244174575,1.290434945808741,3.5116461910667454
exp5,14,32,lambda=0.7,76.17253875732422,299.4388122558594,75.02426231981626,296.52070244174575,1.1482764375079597,2.9181098141136204
exp5,14,32,lambda=0.9,75.96619415283203,299.2047424316406,75.02426231981626,296.52070244174575,0.9419318330157722,2.6840399898948704
exp5,14,36,ERM,105.82713017861886,238.87321345480728,105.79492266988647,186.3537065408141,0.03220750873238387,52.51950691399318
exp5,14,36,ERM-NN,107.31542868171788,239.99506889928983,105.79492266988647,186.3537065408141,1.5205060118314009,53.64136235847573
exp5,14,36,LightGBM,106.12380149066853,238.0919929457399,105.79492266988647,186.3537065408141,0.32887882078205166,51.73828640492579
exp5,14,36,M=128,108.079345703125,194.6097717285156,105.79492266988647,186.3537065408141,2.284423033238525,8.256065187701495
exp5,14,36,M=2048,108.0371475219727,194.6389617919922,105.79492266988647,186.3537065408141,2.242224852086224,8.285255251178086
exp5,14,36,M=32,108.1113052368164,194.5775146484375,105.79492266988647,186.3537065408141,2.3163825669299314,8.223808107623398
exp5,14,36,M=512,108.0480728149414,194.6098480224609,105.79492266988647,186.3537065408141,2.2531501450549314,8.256141481646807
exp5,14,36,M=8,107.7819061279297,194.6728668212891,105.79492266988647,186.3537065408141,1.9869834580432268,8.31916028047499
exp5,14,36,R=1,108.0820693969727,194.7353363037109,105.79492266988647,186.3537065408141,2.287146727086224,8.381629762896807
exp5,14,36,R=16,108.079345703125,194.6097717285156,105.79492266988647,186.3537065408141,2.284423033238525,8.256065187701495
exp5,14,36,R=256,108.0927276611328,194.6157379150391,105.79492266988647,186.3537065408141,2.2978049912463234,8.26203137422499
exp5,14,36,R=4,108.077522277832,194.5816955566406,105.79492266988647,186.3537065408141,2.282599607945528,8.227989015826495
exp5,14,36,R=64,108.0853271484375,194.5466918945312,105.79492266988647,186.3537065408141,2.290404478551025,8.192985353717091
exp5,14,36,Spline-ETO,107.2831954956055,196.1346740722656,105.79492266988647,186.3537065408141,1.4882728257190223,9.780967531451495
exp5,14,36,Spline-QFR,123.1751022338867,229.8330841064453,105.79492266988647,186.3537065408141,17.38017956400023,43.47937756563121
exp5,14,36,lambda=0.1,107.7547073364258,215.4608764648438,105.79492266988647,186.3537065408141,1.9597846665393206,29.107169924029705
exp5,14,36,lambda=0.3,107.81103515625,198.3301696777344,105.79492266988647,186.3537065408141,2.016112486363525,11.976463136920302
exp5,14,36,lambda=0.5,108.079345703125,194.6097717285156,105.79492266988647,186.3537065408141,2.284423033238525,8.256065187701495
exp5,14,36,lambda=0.7,108.0170059204102,194.5782470703125,105.79492266988647,186.3537065408141,2.222083250523724,8.224540529498398
exp5,14,36,lambda=0.9,107.9160308837891,195.7662353515625,105.79492266988647,186.3537065408141,2.1211082139026303,9.412528810748398
exp5,14,82,ERM,175.561633276157,210.8755986692002,175.4897083423699,192.72330728416512,0.07192493378710196,18.152291385035085
exp5,14,82,ERM-NN,175.9984051975033,211.65169523281884,175.4897083423699,192.72330728416512,0.5086968551333939,18.92838794865372
exp5,14,82,LightGBM,176.9639268140238,213.51091837477324,175.4897083423699,192.72330728416512,1.4742184716538986,20.787611090608124
exp5,14,82,M=128,176.8345336914062,195.5155029296875,175.4897083423699,192.72330728416512,1.3448253490362845,2.7921956455223835
exp5,14,82,M=2048,177.1934204101562,195.6778106689453,175.4897083423699,192.72330728416512,1.7037120677862845,2.954503384780196
exp5,14,82,M=32,176.6590423583984,196.0218658447266,175.4897083423699,192.72330728416512,1.1693340160285004,3.2985585605614745
exp5,14,82,M=512,177.0402984619141,195.5295257568359,175.4897083423699,192.72330728416512,1.5505901195441822,2.8062184726707926
exp5,14,82,M=8,176.6860809326172,197.4019012451172,175.4897083423699,192.72330728416512,1.1963725902472788,4.678593960952071
exp5,14,82,R=1,176.7816925048828,195.5227661132812,175.4897083423699,192.72330728416512,1.2919841625129038,2.7994588291160767
exp5,14,82,R=16,176.8345336914062,195.5155029296875,175.4897083423699,192.72330728416512,1.3448253490362845,2.7921956455223835
exp5,14,82,R=256,176.7900695800781,195.5413513183594,175.4897083423699,192.72330728416512,1.300361237708188,2.818044034194287
exp5,14,82,R=4,176.7729034423828,195.5109710693359,175.4897083423699,192.72330728416512,1.2831951000129038,2.7876637851707926
exp5,14,82,R=64,176.7856292724609,195.5204162597656,175.4897083423699,192.72330728416512,1.2959209300910004,2.79710897560048
exp5,14,82,Spline-ETO,177.8217163085938,196.1080780029297,175.4897083423699,192.72330728416512,2.332007966223898,3.384770718764571
exp5,14,82,Spline-QFR,179.3677215576172,198.4799346923828,175.4897083423699,192.72330728416512,3.878013215247279,5.756627408217696
exp5,14,82,lambda=0.1,176.3777008056641,199.8411712646484,175.4897083423699,192.72330728416512,0.8879924632941822,7.117863980483293
exp5,14,82,lambda=0.3,176.7776184082031,196.0537872314453,175.4897083423699,192.72330728416512,1.287910065833188,3.330479947280196
exp5,14,82,lambda=0.5,176.8345336914062,195.5155029296875,175.4897083423699,192.72330728416512,1.3448253490362845,2.7921956455223835
exp5,14,82,lambda=0.7,176.9005584716797,195.3784790039062,175.4897083423699,192.72330728416512,1.4108501293097788,2.6551717197410767
exp5,14,82,lambda=0.9,177.1804046630859,195.6016235351562,175.4897083423699,192.72330728416512,1.6906963207160004,2.8783162509910767
exp5,14,87,ERM,616.2256539158634,382.9565676906016,616.2444329872881,321.596647128742,-0.018779071424660287,61.35992056185961
exp5,14,87,ERM-NN,617.1323547914112,385.6100887385382,616.2444329872881,321.596647128742,0.8879218041231525,64.01344160979619
exp5,14,87,LightGBM,617.3643973804128,387.744162314747,616.2444329872881,321.596647128742,1.1199643931247465,66.14751518600497
exp5,14,87,M=128,618.1168823242188,330.4876403808594,616.2444329872881,321.596647128742,1.8724493369306856,8.890993252117369
exp5,14,87,M=2048,617.9871215820312,330.1058959960938,616.2444329872881,321.596647128742,1.7426885947431856,8.5092488673518
exp5,14,87,M=32,617.9035034179688,332.4272766113281,616.2444329872881,321.596647128742,1.6590704306806856,10.830629482586119
exp5,14,87,M=512,618.0813598632812,329.9062805175781,616.2444329872881,321.596647128742,1.8369268759931856,8.309633388836119
exp5,14,87,M=8,619.11083984375,335.8125610351562,616.2444329872881,321.596647128742,2.8664068564619356,14.215913906414187
exp5,14,87,R=1,618.0364379882812,332.0512390136719,616.2444329872881,321.596647128742,1.7920050009931856,10.454591884929869
exp5,14,87,R=16,618.1168823242188,330.4876403808594,616.2444329872881,321.596647128742,1.8724493369306856,8.890993252117369
exp5,14,87,R=256,618.2034912109375,330.5646667480469,616.2444329872881,321.596647128742,1.9590582236494356,8.968019619304869
exp5,14,87,R=4,618.1027221679688,330.27880859375,616.2444329872881,321.596647128742,1.8582891806806856,8.682161465007994
exp5,14,87,R=64,618.1204223632812,330.4049377441406,616.2444329872881,321.596647128742,1.8759893759931856,8.808290615398619
exp5,14,87,Spline-ETO,623.8009643554688,328.276611328125,616.2444329872881,321.596647128742,7.556531368180686,6.679964199382994
exp5,14,87,Spline-QFR,624.220947265625,341.2730407714844,616.2444329872881,321.596647128742,7.976514278336936,19.67639364274237
exp5,14,87,lambda=0.1,618.5991821289062,365.2679748535156,616.2444329872881,321.596647128742,2.3547491416181856,43.67132772477362
exp5,14,87,lambda=0.3,618.5416259765625,340.9158020019531,616.2444329872881,321.596647128742,2.2971929892744356,19.31915487321112
exp5,14,87,lambda=0.5,618.1168823242188,330.4876403808594,616.2444329872881,321.596647128742,1.8724493369306856,8.890993252117369
exp5,14,87,lambda=0.7,618.6591796875,329.617431640625,616.2444329872881,321.596647128742,2.4147467002119356,8.020784511882994
exp5,14,87,lambda=0.9,620.43896484375,328.1742248535156,616.2444329872881,321.596647128742,4.194531856461936,6.577577724773619
exp5,14,95,ERM,51.73503260100115,235.93303931223656,51.70875925856729,154.77257742399055,0.02627334243386059,81.160461888246
exp5,14,95,ERM-NN,52.55967698901847,237.96181261967976,51.70875925856729,154.77257742399055,0.8509177304511795,83.1892351956892
exp5,14,95,LightGBM,51.99187963743885,233.44143923714353,51.70875925856729,154.77257742399055,0.2831203788715584,78.66886181315297
exp5,14,95,M=128,52.81105804443359,157.4284362792969,51.70875925856729,154.77257742399055,1.1022987858662958,2.6558588553063487
exp5,14,95,M=2048,52.96088790893555,157.5016784667969,51.70875925856729,154.77257742399055,1.252128650368256,2.7291010428063487
exp5,14,95,M=32,52.95020294189453,157.3553619384766,51.70875925856729,154.77257742399055,1.2414436833272404,2.582784514486036
exp5,14,95,M=512,53.06629943847656,157.2702484130859,51.70875925856729,154.77257742399055,1.3575401799092717,2.4976709890953543
exp5,14,95,M=8,53.00127410888672,157.3835296630859,51.70875925856729,154.77257742399055,1.292514850319428,2.6109522390953543
exp5,14,95,R=1,52.93174743652344,157.3005065917969,51.70875925856729,154.77257742399055,1.2229881779561467,2.5279291678063487
exp5,14,95,R=16,52.81105804443359,157.4284362792969,51.70875925856729,154.77257742399055,1.1022987858662958,2.6558588553063487
exp5,14,95,R=256,52.92349243164062,157.3210144042969,51.70875925856729,154.77257742399055,1.214733173073327,2.5484369803063487
exp5,14,95,R=4,52.94537734985352,157.6184844970703,51.70875925856729,154.77257742399055,1.236618091286232,2.8459070730797578
exp5,14,95,R=64,52.99079513549805,157.3707427978516,51.70875925856729,154.77257742399055,1.282035876930756,2.598165373861036
exp5,14,95,Spline-ETO,53.34200668334961,156.9505310058594,51.70875925856729,154.77257742399055,1.6332474247823185,2.1779535818688487
exp5,14,95,Spline-QFR,54.9625129699707,158.5270690917969,51.70875925856729,154.77257742399055,3.2537537114034123,3.7544916678063487
exp5,14,95,lambda=0.1,52.69888687133789,158.2174072265625,51.70875925856729,154.77257742399055,0.9901276127705998,3.4448298025719453
exp5,14,95,lambda=0.3,52.74533843994141,157.74560546875,51.70875925856729,154.77257742399055,1.0365791813741225,2.9730280447594453
exp5,14,95,lambda=0.5,52.81105804443359,157.4284362792969,51.70875925856729,154.77257742399055,1.1022987858662958,2.6558588553063487
exp5,14,95,lambda=0.7,53.07416534423828,157.1740417480469,51.70875925856729,154.77257742399055,1.3654060856709904,2.4014643240563487
exp5,14,95,lambda=0.9,53.38196563720703,157.0309295654297,51.70875925856729,154.77257742399055,1.6732063786397404,2.2583521414391328
exp5,19,4,ERM,102.2613378938797,184.11704482687455,102.22502874728904,168.84146549560012,0.03630914659065354,15.275579331274429
exp5,19,4,ERM-NN,103.43751336622314,185.95113965610105,102.22502874728904,168.84146549560012,1.2124846189340985,17.10967416050093
exp5,19,4,LightGBM,102.58845630236708,184.53065057293503,102.22502874728904,168.84146549560012,0.36342755507803304,15.689185077334912
exp5,19,4,M=128,103.0163650512695,170.1909637451172,102.22502874728904,168.84146549560012,0.791336303980458,1.3494982495170689
exp5,19,4,M=2048,102.9939346313477,170.1647338867188,102.22502874728904,168.84146549560012,0.768905884058654,1.3232683911186882
exp5,19,4,M=32,103.1663436889648,170.1125030517578,102.22502874728904,168.84146549560012,0.9413149416757562,1.2710375561576939
exp5,19,4,M=512,102.9654769897461,170.153564453125,102.22502874728904,168.84146549560012,0.7404482424570489,1.3120989575248814
exp5,19,4,M=8,103.1754150390625,170.1005859375,102.22502874728904,168.84146549560012,0.9503862917734551,1.2591204418998814
exp5,19,4,R=1,102.973991394043,170.1739044189453,102.22502874728904,168.84146549560012,0.7489626467539523,1.3324389233451939
exp5,19,4,R=16,103.0163650512695,170.1909637451172,102.22502874728904,168.84146549560012,0.791336303980458,1.3494982495170689
exp5,19,4,R=256,103.1718597412109,170.0967712402344,102.22502874728904,168.84146549560012,0.94683099392185,1.2553057446342848
exp5,19,4,R=4,103.1837539672852,170.1442718505859,102.22502874728904,168.84146549560012,0.958725219996154,1.3028063549857904
exp5,19,4,R=64,102.9859466552734,170.2633972167969,102.22502874728904,168.84146549560012,0.76091790798435,1.4219317211967848
exp5,19,4,Spline-ETO,103.1843185424805,171.3348083496094,102.22502874728904,168.84146549560012,0.9592897951914523,2.493342854009285
exp5,19,4,Spline-QFR,105.0843734741211,188.3801727294922,102.22502874728904,168.84146549560012,2.859344726832049,19.53870723389207
exp5,19,4,lambda=0.1,103.1156997680664,179.7312927246094,102.22502874728904,168.84146549560012,0.8906710207773614,10.889827229009285
exp5,19,4,lambda=0.3,103.0227279663086,170.9413452148438,102.22502874728904,168.84146549560012,0.7976992190195489,2.099879719243688
exp5,19,4,lambda=0.5,103.0163650512695,170.1909637451172,102.22502874728904,168.84146549560012,0.791336303980458,1.3494982495170689
exp5,19,4,lambda=0.7,103.1136322021484,169.9826965332031,102.22502874728904,168.84146549560012,0.88860345485935,1.141231037602978
exp5,19,4,lambda=0.9,103.256721496582,171.21728515625,102.22502874728904,168.84146549560012,1.031692749292958,2.3758196606498814
exp5,19,14,ERM,67.44437104381426,285.4980686526666,67.34881731656797,208.28498853938697,0.09555372724628342,77.2130801132796
exp5,19,14,ERM-NN,68.43720412447426,290.08443543596474,67.34881731656797,208.28498853938697,1.0883868079062893,81.79944689657776
exp5,19,14,LightGBM,67.78811725325508,285.26413950209525,67.34881731656797,208.28498853938697,0.43929993668710665,76.97915096270827
exp5,19,14,M=128,69.78439331054688,218.0120849609375,67.34881731656797,208.28498853938697,2.435575993978901,9.727096421550527
exp5,19,14,M=2048,69.76647186279297,217.9723815917969,67.34881731656797,208.28498853938697,2.4176545462249948,9.68739305240993
exp5,19,14,M=32,69.63275146484375,218.0218658447266,67.34881731656797,208.28498853938697,2.283934148275776,9.736877305339618
exp5,19,14,M=512,69.7851333618164,217.9657592773438,67.34881731656797,208.28498853938697,2.4363160452484323,9.680770737956834
exp5,19,14,M=8,69.67008972167969,219.5126037597656,67.34881731656797,208.28498853938697,2.3212724051117135,11.227615220378624
exp5,19,14,R=1,69.67939758300781,217.9089202880859,67.34881731656797,208.28498853938697,2.3305802664398385,9.623931748698936
exp5,19,14,R=16,69.78439331054688,218.0120849609375,67.34881731656797,208.28498853938697,2.435575993978901,9.727096421550527
exp5,19,14,R=256,69.75102233886719,217.9799499511719,67.34881731656797,208.28498853938697,2.4022050222992135,9.69496141178493
exp5,19,14,R=4,69.75935363769531,217.925537109375,67.34881731656797,208.28498853938697,2.4105363211273385,9.640548569988027
exp5,19,14,R=64,69.82147216796875,218.1443939208984,67.34881731656797,208.28498853938697,2.472654851400776,9.859405381511436
exp5,19,14,Spline-ETO,70.10535430908203,214.5525665283203,67.34881731656797,208.28498853938697,2.7565369925140573,6.26757798893334
exp5,19,14,Spline-QFR,109.2100219726562,238.6077728271484,67.34881731656797,208.28498853938697,41.86120465608822,30.322784287761436
exp5,19,14,lambda=0.1,69.5904541015625,230.7227020263672,67.34881731656797,208.28498853938697,2.241636784994526,22.437713486980215
exp5,19,14,lambda=0.3,69.68479919433594,222.9873352050781,67.34881731656797,208.28498853938697,2.3359818777679635,14.702346665691124
exp5,19,14,lambda=0.5,69.78439331054688,218.0120849609375,67.34881731656797,208.28498853938697,2.435575993978901,9.727096421550527
exp5,19,14,lambda=0.7,69.9450454711914,215.745849609375,67.34881731656797,208.28498853938697,2.5962281546234323,7.460861069988027
exp5,19,14,lambda=0.9,70.12646484375,215.2390289306641,67.34881731656797,208.28498853938697,2.777647527182026,6.954040391277118
exp5,19,15,ERM,662.2783057656371,625.0484626731591,662.0503699442705,391.96416660757495,0.22793582136660007,233.0842960655841
exp5,19,15,ERM-NN,664.9367717655764,630.7367695821071,662.0503699442705,391.96416660757495,2.886401821305867,238.7726029745321
exp5,19,15,LightGBM,664.3658974512055,630.4819896283382,662.0503699442705,391.96416660757495,2.3155275069349273,238.51782302076322
exp5,19,15,M=128,665.2007446289062,399.2390747070312,662.0503699442705,391.96416660757495,3.1503746846357217,7.2749080994562405
exp5,19,15,M=2048,666.3026123046875,398.6900939941406,662.0503699442705,391.96416660757495,4.252242360416972,6.725927386565672
exp5,19,15,M=32,665.636474609375,402.9476013183594,662.0503699442705,391.96416660757495,3.5861046651044717,10.983434710784422
exp5,19,15,M=512,665.3446044921875,401.6349487304688,662.0503699442705,391.96416660757495,3.2942345479169717,9.670782122893854
exp5,19,15,M=8,665.1871948242188,432.5184631347656,662.0503699442705,391.96416660757495,3.1368248799482217,40.55429652719067
exp5,19,15,R=1,665.107177734375,399.2635803222656,662.0503699442705,391.96416660757495,3.0568077901044717,7.299413714690672
exp5,19,15,R=16,665.2007446289062,399.2390747070312,662.0503699442705,391.96416660757495,3.1503746846357217,7.2749080994562405
exp5,19,15,R=256,665.322998046875,400.9238891601562,662.0503699442705,391.96416660757495,3.2726281026044717,8.95972255258124
exp5,19,15,R=4,666.5762939453125,398.9084777832031,662.0503699442705,391.96416660757495,4.525924001041972,6.944311175628172
exp5,19,15,R=64,665.5028686523438,401.430908203125,662.0503699442705,391.96416660757495,3.4524987080732217,9.466741595550047
exp5,19,15,Spline-ETO,676.5191040039062,398.6200256347656,662.0503699442705,391.96416660757495,14.468734059635722,6.655859027190672
exp5,19,15,Spline-QFR,677.8306274414062,425.5423889160156,662.0503699442705,391.96416660757495,15.780257497135722,33.57822230844067
exp5,19,15,lambda=0.1,665.5203247070312,432.5524291992188,662.0503699442705,391.96416660757495,3.4699547627607217,40.588262591643854
exp5,19,15,lambda=0.3,665.5431518554688,407.6432495117188,662.0503699442705,391.96416660757495,3.4927819111982217,15.679082904143854
exp5,19,15,lambda=0.5,665.2007446289062,399.2390747070312,662.0503699442705,391.96416660757495,3.1503746846357217,7.2749080994562405
exp5,19,15,lambda=0.7,668.7566528320312,400.7528381347656,662.0503699442705,391.96416660757495,6.706282887760722,8.788671527190672
exp5,19,15,lambda=0.9,669.9854125976562,397.577392578125,662.0503699442705,391.96416660757495,7.935042653385722,5.613225970550047
exp5,19,18,ERM,511.5394988242738,1213.8045973428527,511.2175992592605,409.4972185532571,0.32189956501326833,804.3073787895956
exp5,19,18,ERM-NN,516.9195154471563,1160.1806236712307,511.2175992592605,409.4972185532571,5.70191618789579,750.6834051179736
exp5,19,18,LightGBM,524.6441370432372,1117.6372633618223,511.2175992592605,409.4972185532571,13.426537783976642,708.1400448085652
exp5,19,18,M=128,517.899169921875,418.9214782714844,511.2175992592605,409.4972185532571,6.68157066261449,9.42425971822729
exp5,19,18,M=2048,518.6653442382812,418.1077880859375,511.2175992592605,409.4972185532571,7.44774497902074,8.610569532680415
exp5,19,18,M=32,517.3972778320312,427.9407653808594,511.2175992592605,409.4972185532571,6.17967857277074,18.44354682760229
exp5,19,18,M=512,518.5010986328125,417.1994018554688,511.2175992592605,409.4972185532571,7.28349937355199,7.702183302211722
exp5,19,18,M=8,517.3571166992188,440.6241149902344,511.2175992592605,409.4972185532571,6.13951743995824,31.12689643697729
exp5,19,18,R=1,517.9854125976562,418.8769836425781,511.2175992592605,409.4972185532571,6.76781333839574,9.37976508932104
exp5,19,18,R=16,517.899169921875,418.9214782714844,511.2175992592605,409.4972185532571,6.68157066261449,9.42425971822729
exp5,19,18,R=256,517.9151000976562,418.8219604492188,511.2175992592605,409.4972185532571,6.69750083839574,9.324741895961722
exp5,19,18,R=4,517.855224609375,418.766357421875,511.2175992592605,409.4972185532571,6.63762535011449,9.269138868617915
exp5,19,18,R=64,518.0386962890625,419.0865783691406,511.2175992592605,409.4972185532571,6.82109702980199,9.58935981588354
exp5,19,18,Spline-ETO,530.6503295898438,417.4482421875,511.2175992592605,409.4972185532571,19.43273033058324,7.951023634242915
exp5,19,18,Spline-QFR,549.0093994140625,434.0904235839844,511.2175992592605,409.4972185532571,37.79180015480199,24.59320503072729
exp5,19,18,lambda=0.1,516.6979370117188,436.3274536132812,511.2175992592605,409.4972185532571,5.48033775245824,26.83023506002411
exp5,19,18,lambda=0.3,516.8626098632812,425.1553344726562,511.2175992592605,409.4972185532571,5.64501060402074,15.658115919399108
exp5,19,18,lambda=0.5,517.899169921875,418.9214782714844,511.2175992592605,409.4972185532571,6.68157066261449,9.42425971822729
exp5,19,18,lambda=0.7,518.6770629882812,416.4436340332031,511.2175992592605,409.4972185532571,7.45946372902074,6.94641547994604
exp5,19,18,lambda=0.9,521.3846435546875,415.5155334472656,511.2175992592605,409.4972185532571,10.16704429542699,6.01831489400854
exp5,19,29,ERM,562.5635305347979,437.3331709059545,562.4419073157538,394.01432521237155,0.12162321904406781,43.318845693582944
exp5,19,29,ERM-NN,566.2450152950145,439.9860964246484,562.4419073157538,394.01432521237155,3.8031079792606306,45.97177121227685
exp5,19,29,LightGBM,563.8331465280173,437.9918865842705,562.4419073157538,394.01432521237155,1.3912392122634856,43.97756137189896
exp5,19,29,M=128,568.292724609375,397.7325744628906,562.4419073157538,394.01432521237155,5.850817293621162,3.7182492505190794
exp5,19,29,M=2048,567.7005004882812,397.7581787109375,562.4419073157538,394.01432521237155,5.258593172527412,3.7438534985659544
exp5,19,29,M=32,568.0899047851562,397.6454467773438,562.4419073157538,394.01432521237155,5.647997469402412,3.6311215649722612
exp5,19,29,M=512,568.2418212890625,397.7922973632812,562.4419073157538,394.01432521237155,5.799913973308662,3.7779721509096476
exp5,19,29,M=8,567.8705444335938,398.6263732910156,562.4419073157538,394.01432521237155,5.428637117839912,4.612048078644079
exp5,19,29,R=1,568.4140625,397.7503051757812,562.4419073157538,394.01432521237155,5.972155184246162,3.7359799634096476
exp5,19,29,R=16,568.292724609375,397.7325744628906,562.4419073157538,394.01432521237155,5.850817293621162,3.7182492505190794
exp5,19,29,R=256,568.1592407226562,397.6925354003906,562.4419073157538,394.01432521237155,5.717333406902412,3.6782101880190794
exp5,19,29,R=4,568.2246704101562,397.6274108886719,562.4419073157538,394.01432521237155,5.782763094402412,3.6130856763003294
exp5,19,29,R=64,568.3377075195312,397.7147216796875,562.4419073157538,394.01432521237155,5.895800203777412,3.7003964673159544
exp5,19,29,Spline-ETO,567.6348266601562,396.5539245605469,562.4419073157538,394.01432521237155,5.192919344402412,2.5395993481753294
exp5,19,29,Spline-QFR,582.7786865234375,402.1347351074219,562.4419073157538,394.01432521237155,20.336779207683662,8.12040989505033
exp5,19,29,lambda=0.1,571.0368041992188,411.0472717285156,562.4419073157538,394.01432521237155,8.594896883464912,17.03294651614408
exp5,19,29,lambda=0.3,567.4527587890625,398.4717102050781,562.4419073157538,394.01432521237155,5.010851473308662,4.457384992706579
exp5,19,29,lambda=0.5,568.292724609375,397.7325744628906,562.4419073157538,394.01432521237155,5.850817293621162,3.7182492505190794
exp5,19,29,lambda=0.7,568.0684814453125,398.223876953125,562.4419073157538,394.01432521237155,5.626574129558662,4.209551740753454
exp5,19,29,lambda=0.9,568.2499389648438,398.0104064941406,562.4419073157538,394.01432521237155,5.808031649089912,3.9960812817690794
exp5,19,32,ERM,225.62689049945195,994.2032183278984,225.55516490713927,652.7192311689968,0.07172559231267428,341.48398715890164
exp5,19,32,ERM-NN,232.65327033402016,1016.5757908037116,225.55516490713927,652.7192311689968,7.098105426880892,363.8565596347148
exp5,19,32,LightGBM,225.89244516364937,993.1192208532232,225.55516490713927,652.7192311689968,0.3372802565100983,340.3999896842264
exp5,19,32,M=128,227.5647735595703,668.5131225585938,225.55516490713927,652.7192311689968,2.009608652431041,15.793891389596979
exp5,19,32,M=2048,227.5809631347656,668.1132202148438,225.55516490713927,652.7192311689968,2.025798227626325,15.393989045846979
exp5,19,32,M=32,227.5296173095703,666.5526733398438,225.55516490713927,652.7192311689968,1.9744524024310408,13.833442170846979
exp5,19,32,M=512,227.5799255371094,668.3046264648438,225.55516490713927,652.7192311689968,2.0247606299701317,15.585395295846979
exp5,19,32,M=8,227.5136260986328,666.230712890625,225.55516490713927,652.7192311689968,1.9584611914935408,13.511481721628229
exp5,19,32,R=1,227.5479125976562,667.779296875,225.55516490713927,652.7192311689968,1.9927476905169215,15.060065706003229
exp5,19,32,R=16,227.5647735595703,668.5131225585938,225.55516490713927,652.7192311689968,2.009608652431041,15.793891389596979
exp5,19,32,R=256,227.5615997314453,668.5994262695312,225.55516490713927,652.7192311689968,2.006434824306041,15.880195100534479
exp5,19,32,R=4,227.5657043457031,668.0051879882812,225.55516490713927,652.7192311689968,2.010539438563825,15.285956819284479
exp5,19,32,R=64,227.5490570068359,667.3878784179688,225.55516490713927,652.7192311689968,1.9938920996966374,14.668647248971979
exp5,19,32,Spline-ETO,226.6219177246094,659.5407104492188,225.55516490713927,652.7192311689968,1.0667528174701317,6.821479280221979
exp5,19,32,Spline-QFR,267.2661743164062,695.0280151367188,225.55516490713927,652.7192311689968,41.71100940926692,42.30878396772198
exp5,19,32,lambda=0.1,229.0930328369141,683.1954345703125,225.55516490713927,652.7192311689968,3.5378679297748192,30.47620340131573
exp5,19,32,lambda=0.3,228.3537445068359,674.7056274414062,225.55516490713927,652.7192311689968,2.7985795996966374,21.98639627240948
exp5,19,32,lambda=0.5,227.5647735595703,668.5131225585938,225.55516490713927,652.7192311689968,2.009608652431041,15.793891389596979
exp5,19,32,lambda=0.7,227.0780487060547,662.6661987304688,225.55516490713927,652.7192311689968,1.5228837989154158,9.946967561471979
exp5,19,32,lambda=0.9,226.7227020263672,660.468505859375,225.55516490713927,652.7192311689968,1.1675371192279158,7.749274690378229
exp5,19,36,ERM,387.7818209340614,921.6102872344362,387.6345343893205,415.9238758956343,0.14728654474089353,505.6864113388019
exp5,19,36,ERM-NN,389.6920495716113,920.9479354737614,387.6345343893205,415.9238758956343,2.0575151822907856,505.0240595781271
exp5,19,36,LightGBM,391.8769230164796,913.6406038855584,387.6345343893205,415.9238758956343,4.24238862715913,497.71672798992415
exp5,19,36,M=128,391.9310913085938,438.5305480957031,387.6345343893205,415.9238758956343,4.296556919273314,22.60667220006883
exp5,19,36,M=2048,391.2208251953125,440.9947204589844,387.6345343893205,415.9238758956343,3.5862908059920073,25.07084456335008
exp5,19,36,M=32,391.0108642578125,435.3670654296875,387.6345343893205,415.9238758956343,3.3763298684920073,19.443189534053204
exp5,19,36,M=512,389.7976989746094,439.0303344726562,387.6345343893205,415.9238758956343,2.1631645852888823,23.106458577021897
exp5,19,36,M=8,392.2263793945312,466.4461364746094,387.6345343893205,415.9238758956343,4.5918450052107005,50.52226057897508
exp5,19,36,R=1,393.2496032714844,444.4056396484375,387.6345343893205,415.9238758956343,5.615068882163882,28.481763752803204
exp5,19,36,R=16,391.9310913085938,438.5305480957031,387.6345343893205,415.9238758956343,4.296556919273314,22.60667220006883
exp5,19,36,R=256,392.978515625,444.3760375976562,387.6345343893205,415.9238758956343,5.343981235679507,28.452161702021897
exp5,19,36,R=4,391.7895812988281,438.1800842285156,387.6345343893205,415.9238758956343,4.155046909507632,22.25620833288133
exp5,19,36,R=64,391.6248474121094,431.2974548339844,387.6345343893205,415.9238758956343,3.9903130227888823,15.373578938350079
exp5,19,36,Spline-ETO,390.3933410644531,422.3475036621094,387.6345343893205,415.9238758956343,2.7588066751326323,6.423627766475079
exp5,19,36,Spline-QFR,409.1410827636719,459.8179016113281,387.6345343893205,415.9238758956343,21.506548374351382,43.89402571569383
exp5,19,36,lambda=0.1,391.1542358398438,496.0975952148438,387.6345343893205,415.9238758956343,3.519701450523314,80.17371931920951
exp5,19,36,lambda=0.3,390.6692199707031,440.7465515136719,387.6345343893205,415.9238758956343,3.0346855813826323,24.82267561803758
exp5,19,36,lambda=0.5,391.9310913085938,438.5305480957031,387.6345343893205,415.9238758956343,4.296556919273314,22.60667220006883
exp5,19,36,lambda=0.7,391.0519714355469,424.2075500488281,387.6345343893205,415.9238758956343,3.4174370462263823,8.283674153193829
exp5,19,36,lambda=0.9,390.8615112304688,426.0838623046875,387.6345343893205,415.9238758956343,3.226976841148314,10.159986409053204
exp5,19,82,ERM,267.8111381557901,347.0478817855642,267.8309791591566,325.23970578246906,-0.01984100336647998,21.808176003095127
exp5,19,82,ERM-NN,269.8408778779075,349.71883485874315,267.8309791591566,325.23970578246906,2.0098987187508897,24.47912907627409
exp5,19,82,LightGBM,268.5468086564396,347.9906792597522,267.8309791591566,325.23970578246906,0.715829497283039,22.75097347728314
exp5,19,82,M=128,270.5552062988281,328.8801574707031,267.8309791591566,325.23970578246906,2.724227139671541,3.640451688234066
exp5,19,82,M=2048,270.5485229492188,328.8995666503906,267.8309791591566,325.23970578246906,2.717543790062223,3.659860867921566
exp5,19,82,M=32,270.8301391601562,328.7320251464844,267.8309791591566,325.23970578246906,2.999160000999609,3.492319364015316
exp5,19,82,M=512,270.4829406738281,328.8255615234375,267.8309791591566,325.23970578246906,2.651961514671541,3.585855740968441
exp5,19,82,M=8,270.7019958496094,328.9185180664062,267.8309791591566,325.23970578246906,2.871016690452791,3.678812283937134
exp5,19,82,R=1,270.5167541503906,328.824462890625,267.8309791591566,325.23970578246906,2.685774991234041,3.584757108155941
exp5,19,82,R=16,270.5552062988281,328.8801574707031,267.8309791591566,325.23970578246906,2.724227139671541,3.640451688234066
exp5,19,82,R=256,270.6001586914062,328.8703308105469,267.8309791591566,325.23970578246906,2.769179532249609,3.630625028077816
exp5,19,82,R=4,270.8133239746094,328.6224365234375,267.8309791591566,325.23970578246906,2.982344815452791,3.382730740968441
exp5,19,82,R=64,270.5270385742188,328.85498046875,267.8309791591566,325.23970578246906,2.696059415062223,3.615274686280941
exp5,19,82,Spline-ETO,272.4409484863281,329.6558532714844,267.8309791591566,325.23970578246906,4.609969327171541,4.416147489015316
exp5,19,82,Spline-QFR,286.7858276367188,347.3233337402344,267.8309791591566,325.23970578246906,18.954848477562223,22.083627957765316
exp5,19,82,lambda=0.1,270.5040893554688,340.1031799316406,267.8309791591566,325.23970578246906,2.673110196312223,14.863474149171566
exp5,19,82,lambda=0.3,271.2540893554688,337.5869445800781,267.8309791591566,325.23970578246906,3.423110196312223,12.347238797609066
exp5,19,82,lambda=0.5,270.5552062988281,328.8801574707031,267.8309791591566,325.23970578246906,2.724227139671541,3.640451688234066
exp5,19,82,lambda=0.7,271.3340454101562,329.9256896972656,267.8309791591566,325.23970578246906,3.503066250999609,4.685983914796566
exp5,19,82,lambda=0.9,271.6432800292969,328.9393310546875,267.8309791591566,325.23970578246906,3.812300870140291,3.699625272218441
exp5,19,87,ERM,620.3666434588665,414.19526946771595,620.2986746570222,327.06982377960344,0.0679688018443585,87.1254456881125
exp5,19,87,ERM-NN,622.1814855719875,415.7951268139077,620.2986746570222,327.06982377960344,1.8828109149653756,88.72530303430426
exp5,19,87,LightGBM,623.5651887177532,419.27554071779616,620.2986746570222,327.06982377960344,3.266514060731083,92.20571693819272
exp5,19,87,M=128,622.9329223632812,330.2507019042969,620.2986746570222,327.06982377960344,2.6342477062590888,3.180878124693436
exp5,19,87,M=2048,623.0174560546875,330.4096984863281,620.2986746570222,327.06982377960344,2.7187813976653388,3.339874706724686
exp5,19,87,M=32,623.1343994140625,331.1281433105469,620.2986746570222,327.06982377960344,2.8357247570403388,4.058319530943436
exp5,19,87,M=512,623.0047607421875,330.3461608886719,620.2986746570222,327.06982377960344,2.7060860851653388,3.276337109068436
exp5,19,87,M=8,623.61572265625,336.8450012207031,620.2986746570222,327.06982377960344,3.3170479992278388,9.775177441099686
exp5,19,87,R=1,622.9232177734375,330.3387756347656,620.2986746570222,327.06982377960344,2.6245431164153388,3.268951855162186
exp5,19,87,R=16,622.9329223632812,330.2507019042969,620.2986746570222,327.06982377960344,2.6342477062590888,3.180878124693436
exp5,19,87,R=256,622.9029541015625,330.3508605957031,620.2986746570222,327.06982377960344,2.6042794445403388,3.281036816099686
exp5,19,87,R=4,622.941650390625,330.2546997070312,620.2986746570222,327.06982377960344,2.6429757336028388,3.184875927427754
exp5,19,87,R=64,622.8863525390625,330.2694091796875,620.2986746570222,327.06982377960344,2.5876778820403388,3.199585400084061
exp5,19,87,Spline-ETO,658.7597045898438,335.2504272460938,620.2986746570222,327.06982377960344,38.46102993282159,8.180603466490368
exp5,19,87,Spline-QFR,638.2064208984375,356.6495971679688,620.2986746570222,327.06982377960344,17.90774624141534,29.579773388365368
exp5,19,87,lambda=0.1,622.8154907226562,355.2000427246094,620.2986746570222,327.06982377960344,2.5168160656340888,28.130218945005936
exp5,19,87,lambda=0.3,622.8148193359375,339.8528137207031,620.2986746570222,327.06982377960344,2.5161446789153388,12.782989941099686
exp5,19,87,lambda=0.5,622.9329223632812,330.2507019042969,620.2986746570222,327.06982377960344,2.6342477062590888,3.180878124693436
exp5,19,87,lambda=0.7,623.048583984375,330.0210266113281,620.2986746570222,327.06982377960344,2.7499093273528388,2.951202831724686
exp5,19,87,lambda=0.9,622.8641967773438,334.1499938964844,620.2986746570222,327.06982377960344,2.5655221203215888,7.080170116880936
exp5,19,95,ERM,141.10400801590862,681.8783578449775,141.07136714676906,567.454899627379,0.03264086913955566,114.42345821759852
exp5,19,95,ERM-NN,146.2789357595908,699.3056792550573,141.07136714676906,567.454899627379,5.2075686128217455,131.85077962767832
exp5,19,95,LightGBM,141.31021474660403,677.890629373746,141.07136714676906,567.454899627379,0.23884759983496906,110.43572974636709
exp5,19,95,M=128,146.4510192871094,601.5674438476562,141.07136714676906,567.454899627379,5.37965214034034,34.1125442202773
exp5,19,95,M=2048,146.6720123291016,597.5758666992188,141.07136714676906,567.454899627379,5.600645182332528,30.1209670718398
exp5,19,95,M=32,146.1957092285156,599.9256591796875,141.07136714676906,567.454899627379,5.1243420817465335,32.47075955230855
exp5,19,95,M=512,146.6497955322266,598.995849609375,141.07136714676906,567.454899627379,5.578428385457528,31.54094998199605
exp5,19,95,M=8,146.3031463623047,597.277587890625,141.07136714676906,567.454899627379,5.231779215535624,29.82268826324605
exp5,19,95,R=1,146.4018249511719,602.3853149414062,141.07136714676906,567.454899627379,5.33045780440284,34.9304153140273
exp5,19,95,R=16,146.4510192871094,601.5674438476562,141.07136714676906,567.454899627379,5.37965214034034,34.1125442202773
exp5,19,95,R=256,146.5135803222656,601.1301879882812,141.07136714676906,567.454899627379,5.4422131754965335,33.6752883609023
exp5,19,95,R=4,146.5377960205078,601.4749145507812,141.07136714676906,567.454899627379,5.466428873738749,34.0200149234023
exp5,19,95,R=64,146.5171203613281,601.5143432617188,141.07136714676906,567.454899627379,5.4457532145590335,34.0594436343398
exp5,19,95,Spline-ETO,146.1030120849609,582.373046875,141.07136714676906,567.454899627379,5.031644938191846,14.91814724762105
exp5,19,95,Spline-QFR,313.6023254394531,601.6480712890625,141.07136714676906,567.454899627379,172.53095829268406,34.19317166168355
exp5,19,95,lambda=0.1,146.7315826416016,720.99853515625,141.07136714676906,567.454899627379,5.660215494832528,153.54363552887105
exp5,19,95,lambda=0.3,146.8833312988281,660.8020629882812,141.07136714676906,567.454899627379,5.8119641520590335,93.3471633609023
exp5,19,95,lambda=0.5,146.4510192871094,601.5674438476562,141.07136714676906,567.454899627379,5.37965214034034,34.1125442202773
exp5,19,95,lambda=0.7,145.8298034667969,591.496826171875,141.07136714676906,567.454899627379,4.75843632002784,24.04192654449605
exp5,19,95,lambda=0.9,145.2995452880859,585.456787109375,141.07136714676906,567.454899627379,4.228178141316846,18.00188748199605
exp5,24,4,ERM,625.3577778617106,1014.8602054460756,625.2984849094195,764.7058762597395,0.05929295229111631,250.1543291863361
exp5,24,4,ERM-NN,629.9328547813606,1024.5420878009595,625.2984849094195,764.7058762597395,4.6343698719410895,259.83621154122
exp5,24,4,LightGBM,633.0158782773361,1035.7172341915618,625.2984849094195,764.7058762597395,7.717393367916657,271.0113579318223
exp5,24,4,M=128,636.2174072265625,787.9266967773438,625.2984849094195,764.7058762597395,10.918922317143029,23.22082051760424
exp5,24,4,M=2048,638.9140014648438,789.19384765625,625.2984849094195,764.7058762597395,13.615516555424279,24.48797139651049
exp5,24,4,M=32,635.3193969726562,784.2654418945312,625.2984849094195,764.7058762597395,10.020912063236779,19.55956563479174
exp5,24,4,M=512,638.5568237304688,788.7628173828125,625.2984849094195,764.7058762597395,13.258338821049279,24.05694112307299
exp5,24,4,M=8,634.427490234375,786.9425659179688,625.2984849094195,764.7058762597395,9.129005324955529,22.23668965822924
exp5,24,4,R=1,635.9181518554688,785.738037109375,625.2984849094195,764.7058762597395,10.619666946049279,21.03216084963549
exp5,24,4,R=16,636.2174072265625,787.9266967773438,625.2984849094195,764.7058762597395,10.918922317143029,23.22082051760424
exp5,24,4,R=256,636.8081665039062,790.0931396484375,625.2984849094195,764.7058762597395,11.509681594486779,25.38726338869799
exp5,24,4,R=4,636.3294067382812,788.57763671875,625.2984849094195,764.7058762597395,11.030921828861779,23.87176045901049
exp5,24,4,R=64,636.2421875,788.4190673828125,625.2984849094195,764.7058762597395,10.943702590580529,23.71319112307299
exp5,24,4,Spline-ETO,637.6878051757812,783.6578369140625,625.2984849094195,764.7058762597395,12.389320266361779,18.95196065432299
exp5,24,4,Spline-QFR,692.45849609375,887.15185546875,625.2984849094195,764.7058762597395,67.16001118433053,122.44597920901049
exp5,24,4,lambda=0.1,636.6233520507812,851.570556640625,625.2984849094195,764.7058762597395,11.324867141361779,86.86468038088549
exp5,24,4,lambda=0.3,637.1852416992188,793.89892578125,625.2984849094195,764.7058762597395,11.886756789799279,29.19304952151049
exp5,24,4,lambda=0.5,636.2174072265625,787.9266967773438,625.2984849094195,764.7058762597395,10.918922317143029,23.22082051760424
exp5,24,4,lambda=0.7,635.971435546875,782.681396484375,625.2984849094195,764.7058762597395,10.672950637455529,17.97552022463549
exp5,24,4,lambda=0.9,636.0576171875,782.15625,625.2984849094195,764.7058762597395,10.759132278080529,17.45037374026049
exp5,24,14,ERM,148.60748896882646,569.5801331135901,146.05829434254915,241.55256062509193,2.5491946262773126,328.0275724884982
exp5,24,14,ERM-NN,147.86723425148998,437.225600977924,146.05829434254915,241.55256062509193,1.808939908940829,195.67304035283206
exp5,24,14,LightGBM,148.488196910477,538.7257664433421,146.05829434254915,241.55256062509193,2.4299025679278543,297.17320581825015
exp5,24,14,M=128,146.1042785644531,244.5172119140625,146.05829434254915,241.55256062509193,0.04598422190395013,2.964651288970572
exp5,24,14,M=2048,146.1152038574219,244.4288787841797,146.05829434254915,241.55256062509193,0.05690951487275697,2.8763181590877593
exp5,24,14,M=32,146.0869903564453,244.5242919921875,146.05829434254915,241.55256062509193,0.02869601389616605,2.971731367095572
exp5,24,14,M=512,146.1093902587891,244.4485626220703,146.05829434254915,241.55256062509193,0.05109591623994447,2.8960019969783843
exp5,24,14,M=8,146.0942993164062,245.5211639404297,146.05829434254915,241.55256062509193,0.03600497385704671,3.9686033153377593
exp5,24,14,R=1,146.1497650146484,244.5488586425781,146.05829434254915,241.55256062509193,0.09147067209926263,2.9962980174861684
exp5,24,14,R=16,146.1042785644531,244.5172119140625,146.05829434254915,241.55256062509193,0.04598422190395013,2.964651288970572
exp5,24,14,R=256,146.1232147216797,244.4277496337891,146.05829434254915,241.55256062509193,0.06492037913054105,2.8751890086971628
exp5,24,14,R=4,146.174560546875,244.473388671875,146.05829434254915,241.55256062509193,0.11626620432585355,2.920828046783072
exp5,24,14,R=64,146.1006317138672,244.4985198974609,146.05829434254915,241.55256062509193,0.04233737131804105,2.945959272368981
exp5,24,14,Spline-ETO,146.4392547607422,243.7953186035156,146.05829434254915,241.55256062509193,0.38096041819304105,2.2427579784236684
exp5,24,14,Spline-QFR,147.2144622802734,250.6701202392578,146.05829434254915,241.55256062509193,1.1561679377242626,9.117559614165884
exp5,24,14,lambda=0.1,146.3299407958984,251.3076019287109,146.05829434254915,241.55256062509193,0.27164645334926263,9.755041303618981
exp5,24,14,lambda=0.3,146.1247406005859,245.5020904541016,146.05829434254915,241.55256062509193,0.06644625803676263,3.9495298290096628
exp5,24,14,lambda=0.5,146.1042785644531,244.5172119140625,146.05829434254915,241.55256062509193,0.04598422190395013,2.964651288970572
exp5,24,14,lambda=0.7,146.2354583740234,244.0160064697266,146.05829434254915,241.55256062509193,0.17716403147426263,2.4634458446346628
exp5,24,14,lambda=0.9,146.3939971923828,243.8284301757812,146.05829434254915,241.55256062509193,0.33570284983366605,2.275869550689265
exp5,24,15,ERM,469.9022597568477,299.916600463404,469.6900703136978,214.09000108344324,0.21218944314989585,85.82659937996075
exp5,24,15,ERM-NN,471.53906374519903,301.0705965065486,469.6900703136978,214.09000108344324,1.848993431501242,86.98059542310537
exp5,24,15,LightGBM,474.3960163630507,310.2868366005196,469.6900703136978,214.09000108344324,4.705946049352917,96.19683551707638
exp5,24,15,M=128,471.1937866210938,218.3468475341797,469.6900703136978,214.09000108344324,1.5037163073960187,4.256846450736447
exp5,24,15,M=2048,471.3789367675781,217.8316802978516,469.6900703136978,214.09000108344324,1.6888664538803368,3.74167921440835
exp5,24,15,M=32,471.2107543945312,219.1688385009766,469.6900703136978,214.09000108344324,1.520684080833405,5.07883741753335
exp5,24,15,M=512,471.6427612304688,217.6952972412109,469.6900703136978,214.09000108344324,1.9526909167710187,3.6052961577676683
exp5,24,15,M=8,471.08642578125,219.6103973388672,469.6900703136978,214.09000108344324,1.3963554675522118,5.520396255423947
exp5,24,15,R=1,471.4347229003906,218.5830841064453,469.6900703136978,214.09000108344324,1.7446525866928368,4.493083023002072
exp5,24,15,R=16,471.1937866210938,218.3468475341797,469.6900703136978,214.09000108344324,1.5037163073960187,4.256846450736447
exp5,24,15,R=256,471.3890380859375,217.9056091308594,469.6900703136978,214.09000108344324,1.6989677722397118,3.8156080474161627
exp5,24,15,R=4,471.4303588867188,217.9233093261719,469.6900703136978,214.09000108344324,1.7402885730210187,3.8333082427286627
exp5,24,15,R=64,470.9944763183594,218.1726989746094,469.6900703136978,214.09000108344324,1.3044060046615868,4.082697891166163
exp5,24,15,Spline-ETO,470.8264465332031,216.5401000976562,469.6900703136978,214.09000108344324,1.1363762195053368,2.4500990142129524
exp5,24,15,Spline-QFR,473.4588012695312,222.4278564453125,469.6900703136978,214.09000108344324,3.768730955833405,8.33785536186926
exp5,24,15,lambda=0.1,471.2193908691406,225.9080963134766,469.6900703136978,214.09000108344324,1.5293205554428368,11.81809523003335
exp5,24,15,lambda=0.3,471.0708923339844,219.3144683837891,469.6900703136978,214.09000108344324,1.3808220202865868,5.22446730034585
exp5,24,15,lambda=0.5,471.1937866210938,218.3468475341797,469.6900703136978,214.09000108344324,1.5037163073960187,4.256846450736447
exp5,24,15,lambda=0.7,471.7472839355469,217.395751953125,469.6900703136978,214.09000108344324,2.057213621849087,3.3057508696817592
exp5,24,15,lambda=0.9,470.9768676757812,216.7102813720703,469.6900703136978,214.09000108344324,1.286797362083405,2.6202802886270717
exp5,24,18,ERM,191.621812039978,364.4494900955861,191.29582348871432,270.2284476207996,0.3259885512636913,94.22104247478649
exp5,24,18,ERM-NN,193.03338368770093,374.5307463888387,191.29582348871432,270.2284476207996,1.737560198986614,104.30229876803907
exp5,24,18,LightGBM,191.96676549137237,366.07265961021665,191.29582348871432,270.2284476207996,0.6709420026580517,95.84421198941703
exp5,24,18,M=128,192.6320190429688,273.8529357910156,191.29582348871432,270.2284476207996,1.3361955542544877,3.6244881702160114
exp5,24,18,M=2048,193.1679077148438,273.4795227050781,191.29582348871432,270.2284476207996,1.8720842261294877,3.2510750842785114
exp5,24,18,M=32,192.5334167480469,273.8292846679688,191.29582348871432,270.2284476207996,1.2375932593325842,3.6008370471691933
exp5,24,18,M=512,193.0777435302734,273.6042175292969,191.29582348871432,270.2284476207996,1.78192004155909,3.3757699084972614
exp5,24,18,M=8,192.4007568359375,273.1311950683594,191.29582348871432,270.2284476207996,1.1049333472231808,2.9027474475597614
exp5,24,18,R=1,192.6557159423828,273.8374938964844,191.29582348871432,270.2284476207996,1.3598924536684933,3.6090462756847614
exp5,24,18,R=16,192.6320190429688,273.8529357910156,191.29582348871432,270.2284476207996,1.3361955542544877,3.6244881702160114
exp5,24,18,R=256,192.6087493896484,273.7294311523438,191.29582348871432,270.2284476207996,1.31292590093409,3.5009835315441933
exp5,24,18,R=4,192.6325378417969,273.8107299804688,191.29582348871432,270.2284476207996,1.3367143530825842,3.5822823596691933
exp5,24,18,R=64,192.6709136962891,273.8431091308594,191.29582348871432,270.2284476207996,1.3750902075747717,3.6146615100597614
exp5,24,18,Spline-ETO,193.3864135742188,272.2150573730469,191.29582348871432,270.2284476207996,2.0905900855044877,1.9866097522472614
exp5,24,18,Spline-QFR,194.7960052490234,281.8118591308594,191.29582348871432,270.2284476207996,3.50018176030909,11.583411510059761
exp5,24,18,lambda=0.1,193.0603942871094,280.3043518066406,191.29582348871432,270.2284476207996,1.7645707983950842,10.075904185841011
exp5,24,18,lambda=0.3,192.7605285644531,275.9078674316406,191.29582348871432,270.2284476207996,1.4647050757387774,5.679419810841011
exp5,24,18,lambda=0.5,192.6320190429688,273.8529357910156,191.29582348871432,270.2284476207996,1.3361955542544877,3.6244881702160114
exp5,24,18,lambda=0.7,192.6357727050781,272.7887573242188,191.29582348871432,270.2284476207996,1.3399492163637774,2.5603097034191933
exp5,24,18,lambda=0.9,193.1623229980469,272.1840515136719,191.29582348871432,270.2284476207996,1.8664995093325842,1.9556038928722614
exp5,24,29,ERM,258.4681604897884,153.1659747574042,258.288810867805,123.79157885848215,0.1793496219833628,29.374395898922046
exp5,24,29,ERM-NN,260.44134552104333,155.46582358525822,258.288810867805,123.79157885848215,2.1525346532383196,31.674244726776067
exp5,24,29,LightGBM,260.5390922618892,156.63135071065798,258.288810867805,123.79157885848215,2.2502813940841975,32.83977185217583
exp5,24,29,M=128,260.7095336914062,126.6689071655273,258.288810867805,123.79157885848215,2.4207228236011815,2.877328307045147
exp5,24,29,M=2048,260.3661499023438,126.8554153442383,258.288810867805,123.79157885848215,2.077339034538795,3.0638364857561413
exp5,24,29,M=32,260.4586791992188,127.5968551635742,258.288810867805,123.79157885848215,2.169868331413795,3.8052763050920504
exp5,24,29,M=512,260.6077270507812,126.9777984619141,258.288810867805,123.79157885848215,2.3189161829761815,3.186219603431951
exp5,24,29,M=8,260.8645629882812,131.2379150390625,258.288810867805,123.79157885848215,2.5757521204761815,7.446336180580346
exp5,24,29,R=1,260.3556823730469,126.8166656494141,258.288810867805,123.79157885848215,2.0668715052418634,3.025086790931951
exp5,24,29,R=16,260.7095336914062,126.6689071655273,258.288810867805,123.79157885848215,2.4207228236011815,2.877328307045147
exp5,24,29,R=256,260.6570129394531,126.8110427856445,258.288810867805,123.79157885848215,2.3682020716481134,3.0194639271623487
exp5,24,29,R=4,260.9085998535156,126.6545104980469,258.288810867805,123.79157885848215,2.6197889857106134,2.8629316395647493
exp5,24,29,R=64,260.6219482421875,126.7993621826172,258.288810867805,123.79157885848215,2.3331373743824884,3.0077833241350476
exp5,24,29,Spline-ETO,263.0184936523438,125.9399032592773,258.288810867805,123.79157885848215,4.729682784538795,2.148324400795147
exp5,24,29,Spline-QFR,273.4566650390625,130.1728057861328,258.288810867805,123.79157885848215,15.167854171257488,6.381226927650658
exp5,24,29,lambda=0.1,259.9634704589844,128.2880096435547,258.288810867805,123.79157885848215,1.6746595911793634,4.496430785072533
exp5,24,29,lambda=0.3,260.3489990234375,127.2146759033203,258.288810867805,123.79157885848215,2.0601881556324884,3.423097044838144
exp5,24,29,lambda=0.5,260.7095336914062,126.6689071655273,258.288810867805,123.79157885848215,2.4207228236011815,2.877328307045147
exp5,24,29,lambda=0.7,260.9324035644531,126.478271484375,258.288810867805,123.79157885848215,2.6435926966481134,2.686692625892846
exp5,24,29,lambda=0.9,260.8946533203125,126.195426940918,258.288810867805,123.79157885848215,2.6058424525074884,2.403848082435843
exp5,24,32,ERM,89.52902604949736,378.84601205921086,89.15264130716172,230.01102651984033,0.37638474233564523,148.83498553937054
exp5,24,32,ERM-NN,89.30037424542158,376.52281798462377,89.15264130716172,230.01102651984033,0.147732938259864,146.51179146478344
exp5,24,32,LightGBM,89.40873049306906,367.5527784547196,89.15264130716172,230.01102651984033,0.2560891859073422,137.54175193487927
exp5,24,32,M=128,89.8487777709961,235.9136047363281,89.15264130716172,230.01102651984033,0.6961364638343781,5.902578216487768
exp5,24,32,M=2048,89.78846740722656,236.4928131103516,89.15264130716172,230.01102651984033,0.6358261000648469,6.481786590511263
exp5,24,32,M=32,89.97614288330078,234.4423828125,89.15264130716172,230.01102651984033,0.8235015761390656,4.431356292659672
exp5,24,32,M=512,89.82044219970703,236.3639373779297,89.15264130716172,230.01102651984033,0.6678008925453156,6.352910858089359
exp5,24,32,M=8,89.86791229248047,234.7953491210938,89.15264130716172,230.01102651984033,0.7152709853187531,4.7843226012534785
exp5,24,32,R=1,89.87189483642578,236.3215484619141,89.15264130716172,230.01102651984033,0.7192535292640656,6.310521942073763
exp5,24,32,R=16,89.8487777709961,235.9136047363281,89.15264130716172,230.01102651984033,0.6961364638343781,5.902578216487768
exp5,24,32,R=256,89.84026336669922,235.9399719238281,89.15264130716172,230.01102651984033,0.6876220595375031,5.928945403987768
exp5,24,32,R=4,89.84042358398438,236.4967346191406,89.15264130716172,230.01102651984033,0.6877822768226594,6.485708099300268
exp5,24,32,R=64,89.85668182373047,235.8633575439453,89.15264130716172,230.01102651984033,0.7040405165687531,5.852331024104984
exp5,24,32,Spline-ETO,90.13536071777344,233.923828125,89.15264130716172,230.01102651984033,0.9827194106117219,3.9128016051596717
exp5,24,32,Spline-QFR,105.0187606811523,266.2220764160156,89.15264130716172,230.01102651984033,15.866119373990585,36.2110498961753
exp5,24,32,lambda=0.1,89.45392608642578,256.5430908203125,89.15264130716172,230.01102651984033,0.3012847792640656,26.53206430047217
exp5,24,32,lambda=0.3,89.73513793945312,240.8309631347656,89.15264130716172,230.01102651984033,0.5824966322914094,10.819936614925268
exp5,24,32,lambda=0.5,89.8487777709961,235.9136047363281,89.15264130716172,230.01102651984033,0.6961364638343781,5.902578216487768
exp5,24,32,lambda=0.7,89.99491882324219,234.7682952880859,89.15264130716172,230.01102651984033,0.8422775160804719,4.757268768245581
exp5,24,32,lambda=0.9,89.99266815185547,233.9353637695312,89.15264130716172,230.01102651984033,0.8400268446937531,3.924337249690865
exp5,24,36,ERM,181.53900033945143,427.9831678025932,181.45700099712903,279.176416064144,0.0819993423224048,148.80675173844918
exp5,24,36,ERM-NN,183.6100964747755,430.7678358184188,181.45700099712903,279.176416064144,2.153095477646474,151.5914197542748
exp5,24,36,LightGBM,182.037948369708,426.4366104763793,181.45700099712903,279.176416064144,0.5809473725789758,147.2601944122353
exp5,24,36,M=128,185.2100219726562,288.796875,181.45700099712903,279.176416064144,3.753020975527164,9.620458935855993
exp5,24,36,M=2048,185.3522338867188,287.0631103515625,181.45700099712903,279.176416064144,3.895232889589778,7.886694287418493
exp5,24,36,M=32,185.3438262939453,285.0216979980469,181.45700099712903,279.176416064144,3.8868252968162835,5.845281933902868
exp5,24,36,M=512,184.8929443359375,285.4530334472656,181.45700099712903,279.176416064144,3.435943338808471,6.276617383121618
exp5,24,36,M=8,185.4395599365234,288.14013671875,181.45700099712903,279.176416064144,3.98255893939438,8.963720654605993
exp5,24,36,R=1,185.2096405029297,284.0968017578125,181.45700099712903,279.176416064144,3.7526395058006585,4.920385693668493
exp5,24,36,R=16,185.2100219726562,288.796875,181.45700099712903,279.176416064144,3.753020975527164,9.620458935855993
exp5,24,36,R=256,184.9913635253906,289.829345703125,181.45700099712903,279.176416064144,3.5343625282615676,10.652929638980993
exp5,24,36,R=4,185.1816253662109,289.7943725585938,181.45700099712903,279.176416064144,3.72462436908188,10.6179564944498
exp5,24,36,R=64,184.9990234375,289.4216003417969,181.45700099712903,279.176416064144,3.542022440370971,10.245184277652868
exp5,24,36,Spline-ETO,184.1800689697266,282.6006774902344,181.45700099712903,279.176416064144,2.723067972597562,3.424261426090368
exp5,24,36,Spline-QFR,188.1690826416016,303.5436096191406,181.45700099712903,279.176416064144,6.712081644472562,24.367193554996618
exp5,24,36,lambda=0.1,185.2621765136719,290.8245849609375,181.45700099712903,279.176416064144,3.8051755165428744,11.648168896793493
exp5,24,36,lambda=0.3,185.0816802978516,286.3487548828125,181.45700099712903,279.176416064144,3.624679300722562,7.172338818668493
exp5,24,36,lambda=0.5,185.2100219726562,288.796875,181.45700099712903,279.176416064144,3.753020975527164,9.620458935855993
exp5,24,36,lambda=0.7,184.2464141845703,288.7976379394531,181.45700099712903,279.176416064144,2.7894131874412835,9.621221875309118
exp5,24,36,lambda=0.9,183.6114196777344,284.6907043457031,181.45700099712903,279.176416064144,2.1544186806053744,5.514288281559118
exp5,24,82,ERM,142.60624997128124,171.93751815858442,142.492298781598,165.99817797159363,0.11395118968323459,5.9393401869907905
exp5,24,82,ERM-NN,143.9172755534769,173.65470309685463,142.492298781598,165.99817797159363,1.424976771878903,7.656525125260998
exp5,24,82,LightGBM,142.68681706560622,172.0678436508115,142.492298781598,165.99817797159363,0.19451828400821114,6.069665679217877
exp5,24,82,M=128,143.9765777587891,168.0792236328125,142.492298781598,165.99817797159363,1.4842789771910816,2.081045661218866
exp5,24,82,M=2048,144.5691375732422,168.5373992919922,142.492298781598,165.99817797159363,2.076838791644178,2.5392213203985534
exp5,24,82,M=32,143.8397674560547,168.0375061035156,142.492298781598,165.99817797159363,1.3474686744566782,2.0393281319219625
exp5,24,82,M=512,144.568603515625,168.6395568847656,142.492298781598,165.99817797159363,2.0763047340269907,2.6413789131719625
exp5,24,82,M=8,143.9888610839844,168.0896453857422,142.492298781598,165.99817797159363,1.496562302386394,2.0914674141485534
exp5,24,82,R=1,143.9837646484375,168.0839385986328,142.492298781598,165.99817797159363,1.4914658668394907,2.0857606270391784
exp5,24,82,R=16,143.9765777587891,168.0792236328125,142.492298781598,165.99817797159363,1.4842789771910816,2.081045661218866
exp5,24,82,R=256,144.0688934326172,168.1538238525391,142.492298781598,165.99817797159363,1.5765946510191782,2.155645880945457
exp5,24,82,R=4,144.3878021240234,168.4989166259766,142.492298781598,165.99817797159363,1.8955033424253998,2.500738654382957
exp5,24,82,R=64,143.9110870361328,168.0975952148438,142.492298781598,165.99817797159363,1.4187882545348032,2.0994172432501728
exp5,24,82,Spline-ETO,144.0572814941406,167.7996520996094,142.492298781598,165.99817797159363,1.5649827125425873,1.8014741280157693
exp5,24,82,Spline-QFR,163.9580383300781,184.7737884521484,142.492298781598,165.99817797159363,21.465739548480087,18.775610480554775
exp5,24,82,lambda=0.1,144.345947265625,169.8572235107422,142.492298781598,165.99817797159363,1.8536484840269907,3.8590455391485534
exp5,24,82,lambda=0.3,144.4327239990234,168.6080474853516,142.492298781598,165.99817797159363,1.9404252174253998,2.609869513757957
exp5,24,82,lambda=0.5,143.9765777587891,168.0792236328125,142.492298781598,165.99817797159363,1.4842789771910816,2.081045661218866
exp5,24,82,lambda=0.7,144.0108184814453,167.9489440917969,142.492298781598,165.99817797159363,1.5185196998473032,1.9507661202032693
exp5,24,82,lambda=0.9,143.9736480712891,167.7649841308594,142.492298781598,165.99817797159363,1.4813492896910816,1.7668061592657693
exp5,24,87,ERM,1023.1901743974124,722.0977254012953,1023.078995699099,623.507759293232,0.11117869831343796,98.58996610806332
exp5,24,87,ERM-NN,1034.2968260085313,729.5698612453746,1023.078995699099,623.507759293232,11.217830309432316,106.0621019521426
exp5,24,87,LightGBM,1026.5216447133068,724.824442445777,1023.078995699099,623.507759293232,3.442649014207859,101.31668315254501
exp5,24,87,M=128,1032.286987304688,665.5243530273438,1023.078995699099,623.507759293232,9.207991605588973,42.01659373411178
exp5,24,87,M=2048,1033.650268554688,647.5153198242188,1023.078995699099,623.507759293232,10.571272855588973,24.00756053098678
exp5,24,87,M=32,1032.149658203125,665.884033203125,1023.078995699099,623.507759293232,9.070662504026018,42.37627390989303
exp5,24,87,M=512,1034.24169921875,647.801025390625,1023.078995699099,623.507759293232,11.162703519651018,24.29326609739303
exp5,24,87,M=8,1033.036010742188,648.725830078125,1023.078995699099,623.507759293232,9.957015043088973,25.21807078489303
exp5,24,87,R=1,1032.237426757812,663.9808959960938,1023.078995699099,623.507759293232,9.158431058713063,40.47313670286178
exp5,24,87,R=16,1032.286987304688,665.5243530273438,1023.078995699099,623.507759293232,9.207991605588973,42.01659373411178
exp5,24,87,R=256,1032.243774414062,665.1593017578125,1023.078995699099,623.507759293232,9.164778714963063,41.65154246458053
exp5,24,87,R=4,1032.9873046875,650.888427734375,1023.078995699099,623.507759293232,9.908308988401018,27.38066844114303
exp5,24,87,R=64,1032.363525390625,665.5646362304688,1023.078995699099,623.507759293232,9.284529691526018,42.05687693723678
exp5,24,87,Spline-ETO,1040.817260742188,641.87158203125,1023.078995699099,623.507759293232,17.738265043088973,18.36382273801803
exp5,24,87,Spline-QFR,1140.672241210938,683.6393432617188,1023.078995699099,623.507759293232,117.59324551183897,60.13158396848678
exp5,24,87,lambda=0.1,1036.902709960938,702.3240966796875,1023.078995699099,623.507759293232,13.823714261838973,78.81633738645553
exp5,24,87,lambda=0.3,1034.689208984375,686.9765014648438,1023.078995699099,623.507759293232,11.610213285276018,63.46874217161178
exp5,24,87,lambda=0.5,1032.286987304688,665.5243530273438,1023.078995699099,623.507759293232,9.207991605588973,42.01659373411178
exp5,24,87,lambda=0.7,1032.690063476562,638.7206420898438,1023.078995699099,623.507759293232,9.611067777463063,15.21288279661178
exp5,24,87,lambda=0.9,1031.78662109375,638.9762573242188,1023.078995699099,623.507759293232,8.707625394651018,15.46849803098678
exp5,24,95,ERM,105.93005252095158,515.0588488014669,105.87913029187683,343.4284437350835,0.050922229074743086,171.6304050663834
exp5,24,95,ERM-NN,109.16567075622147,525.7155587483202,105.87913029187683,343.4284437350835,3.2865404643446396,182.2871150132367
exp5,24,95,LightGBM,106.77904426691342,514.2242408720928,105.87913029187683,343.4284437350835,0.8999139750365828,170.7957971370093
exp5,24,95,M=128,109.1995315551758,349.497802734375,105.87913029187683,343.4284437350835,3.3204012632989617,6.069358999291524
exp5,24,95,M=2048,109.1311416625977,349.9108276367188,105.87913029187683,343.4284437350835,3.252011370720865,6.48238390163533
exp5,24,95,M=32,109.2461166381836,350.0453491210938,105.87913029187683,343.4284437350835,3.36698634630676,6.61690538601033
exp5,24,95,M=512,109.139892578125,349.5115051269531,105.87913029187683,343.4284437350835,3.260762286248166,6.083061391869649
exp5,24,95,M=8,109.4250106811523,357.8460388183594,105.87913029187683,343.4284437350835,3.5458803892754673,14.417595083275899
exp5,24,95,R=1,109.2846908569336,348.4324951171875,105.87913029187683,343.4284437350835,3.40556056505676,5.004051382104024
exp5,24,95,R=16,109.1995315551758,349.497802734375,105.87913029187683,343.4284437350835,3.3204012632989617,6.069358999291524
exp5,24,95,R=256,109.213005065918,349.3475341796875,105.87913029187683,343.4284437350835,3.3338747740411634,5.919090444604024
exp5,24,95,R=4,109.1868057250977,349.6079711914062,105.87913029187683,343.4284437350835,3.307675433220865,6.179527456322717
exp5,24,95,R=64,109.1623001098633,349.8875122070312,105.87913029187683,343.4284437350835,3.2831698179864617,6.459068471947717
exp5,24,95,Spline-ETO,108.8066177368164,347.8536987304688,105.87913029187683,343.4284437350835,2.9274874449395725,4.42525499538533
exp5,24,95,Spline-QFR,163.5797424316406,363.7091674804688,105.87913029187683,343.4284437350835,57.70061213976376,20.28072374538533
exp5,24,95,lambda=0.1,109.6712112426758,358.8020935058594,105.87913029187683,343.4284437350835,3.7920809507989617,15.373649770775899
exp5,24,95,lambda=0.3,109.4228668212891,351.3130798339844,105.87913029187683,343.4284437350835,3.5437365294122714,7.884636098900899
exp5,24,95,lambda=0.5,109.1995315551758,349.497802734375,105.87913029187683,343.4284437350835,3.3204012632989617,6.069358999291524
exp5,24,95,lambda=0.7,109.0700454711914,348.9198303222656,105.87913029187683,343.4284437350835,3.1909151793145725,5.491386587182149
exp5,24,95,lambda=0.9,108.8746948242188,347.7967834472656,105.87913029187683,343.4284437350835,2.995564532341973,4.368339712182149
van_havre,4,4,ERM,258.9850348731377,1379.0678837000908,257.2461656233202,141.299757705835,1.7388692498174692,1237.7681259942558
van_havre,4,4,ERM-NN,267.44417974575697,1380.0226224232754,257.2461656233202,141.299757705835,10.198014122436746,1238.7228647174404
van_havre,4,4,LightGBM,311.1541142066611,1074.1195504984016,257.2461656233202,141.299757705835,53.9079485833409,932.8197927925667
van_havre,4,4,M=128,319.6518249511719,154.04934692382812,257.2461656233202,141.299757705835,62.40565932785165,12.749589217993133
van_havre,4,4,M=2048,317.91278076171875,154.41134643554688,257.2461656233202,141.299757705835,60.66661513839853,13.111588729711883
van_havre,4,4,M=32,306.98779296875,170.33187866210938,257.2461656233202,141.299757705835,49.74162734542978,29.032120956274383
van_havre,4,4,M=512,318.6351318359375,154.23341369628906,257.2461656233202,141.299757705835,61.38896621261728,12.93365599045407
van_havre,4,4,M=8,301.03985595703125,221.97955322265625,257.2461656233202,141.299757705835,43.79369033371103,80.67979551682126
van_havre,4,4,R=1,319.8372802734375,153.89913940429688,257.2461656233202,141.299757705835,62.59111465011728,12.599381698461883
van_havre,4,4,R=16,319.6518249511719,154.04934692382812,257.2461656233202,141.299757705835,62.40565932785165,12.749589217993133
van_havre,4,4,R=256,320.2323303222656,154.53475952148438,257.2461656233202,141.299757705835,62.9861646989454,13.235001815649383
van_havre,4,4,R=4,320.5777587890625,154.35317993164062,257.2461656233202,141.299757705835,63.33159316574228,13.053422225805633
van_havre,4,4,R=64,319.8693542480469,154.573974609375,257.2461656233202,141.299757705835,62.62318862472665,13.274216903540008
van_havre,4,4,Spline-ETO,404.6307067871094,151.639892578125,257.2461656233202,141.299757705835,147.38454116378915,10.340134872290008
van_havre,4,4,Spline-QFR,373.0069885253906,165.5450897216797,257.2461656233202,141.299757705835,115.7608229020704,24.245332015844696
van_havre,4,4,lambda=0.1,308.8076171875,225.0799560546875,257.2461656233202,141.299757705835,51.56145156417978,83.78019834885251
van_havre,4,4,lambda=0.3,313.54296875,159.31503295898438,257.2461656233202,141.299757705835,56.29680312667978,18.015275253149383
van_havre,4,4,lambda=0.5,319.6518249511719,154.04934692382812,257.2461656233202,141.299757705835,62.40565932785165,12.749589217993133
van_havre,4,4,lambda=0.7,329.36932373046875,152.87301635742188,257.2461656233202,141.299757705835,72.12315810714853,11.573258651586883
van_havre,4,4,lambda=0.9,351.7252197265625,151.45816040039062,257.2461656233202,141.299757705835,94.47905410324228,10.158402694555633
van_havre,4,14,ERM,257.8683716475159,1302.4615102542805,256.81257033395644,156.8596503266693,1.0558013135594706,1145.6018599276113
van_havre,4,14,ERM-NN,261.6930606653596,1279.9233991858612,256.81257033395644,156.8596503266693,4.880490331403166,1123.063748859192
van_havre,4,14,LightGBM,282.5434753686701,1050.4890216109395,256.81257033395644,156.8596503266693,25.730905034713658,893.6293712842702
van_havre,4,14,M=128,288.0516357421875,171.74826049804688,256.81257033395644,156.8596503266693,31.239065408231056,14.888610171377564
van_havre,4,14,M=2048,287.8330383300781,171.5321807861328,256.81257033395644,156.8596503266693,31.02046799612168,14.672530459463502
van_havre,4,14,M=32,287.8350830078125,174.79727172851562,256.81257033395644,156.8596503266693,31.022512673856056,17.937621401846314
van_havre,4,14,M=512,287.830078125,171.38824462890625,256.81257033395644,156.8596503266693,31.017507791043556,14.52859430223694
van_havre,4,14,M=8,287.7167053222656,216.3025054931641,256.81257033395644,156.8596503266693,30.90413498830918,59.44285516649478
van_havre,4,14,R=1,287.97015380859375,171.97125244140625,256.81257033395644,156.8596503266693,31.157583474637306,15.11160211473694
van_havre,4,14,R=16,288.0516357421875,171.74826049804688,256.81257033395644,156.8596503266693,31.239065408231056,14.888610171377564
van_havre,4,14,R=256,288.09625244140625,171.57763671875,256.81257033395644,156.8596503266693,31.283682107449806,14.71798639208069
van_havre,4,14,R=4,287.9752502441406,171.82830810546875,256.81257033395644,156.8596503266693,31.16267991018418,14.96865777879944
van_havre,4,14,R=64,288.06683349609375,171.80056762695312,256.81257033395644,156.8596503266693,31.254263162137306,14.940917300283814
van_havre,4,14,Spline-ETO,370.9919738769531,164.8555908203125,256.81257033395644,156.8596503266693,114.17940354299668,7.9959404936431895
van_havre,4,14,Spline-QFR,359.8449401855469,172.99024963378906,256.81257033395644,156.8596503266693,103.03236985159043,16.130599307119752
van_havre,4,14,lambda=0.1,285.0411071777344,241.44142150878903,256.81257033395644,156.8596503266693,28.22853684377793,84.58177118211972
van_havre,4,14,lambda=0.3,286.1623229980469,182.7509002685547,256.81257033395644,156.8596503266693,29.34975266409043,25.891249941885377
van_havre,4,14,lambda=0.5,288.0516357421875,171.74826049804688,256.81257033395644,156.8596503266693,31.239065408231056,14.888610171377564
van_havre,4,14,lambda=0.7,291.61370849609375,168.1860809326172,256.81257033395644,156.8596503266693,34.801138162137306,11.326430605947877
van_havre,4,14,lambda=0.9,302.2884521484375,165.38006591796875,256.81257033395644,156.8596503266693,45.475881814481056,8.52041559129944
van_havre,4,15,ERM,257.27014702343996,1550.7929525907025,256.08926548612385,150.54669748873633,1.180881537316111,1400.2462551019662
van_havre,4,15,ERM-NN,264.32252108719024,1575.3569894836128,256.08926548612385,150.54669748873633,8.23325560106639,1424.8102919948765
van_havre,4,15,LightGBM,291.25334532429633,1304.6923157440156,256.08926548612385,150.54669748873633,35.16407983817248,1154.1456182552793
van_havre,4,15,M=128,306.39996337890625,168.57797241210938,256.08926548612385,150.54669748873633,50.3106978927824,18.031274923373047
van_havre,4,15,M=2048,305.83447265625,167.39254760742188,256.08926548612385,150.54669748873633,49.74520717012615,16.845850118685547
van_havre,4,15,M=32,297.5433349609375,180.7589569091797,256.08926548612385,150.54669748873633,41.45406947481365,30.21225942044336
van_havre,4,15,M=512,305.0848693847656,171.40553283691406,256.08926548612385,150.54669748873633,48.995603898641775,20.858835348177735
van_havre,4,15,M=8,291.8236999511719,1313.9376220703125,256.08926548612385,150.54669748873633,35.734434465048025,1163.3909245815762
van_havre,4,15,R=1,305.3258056640625,167.09376525878906,256.08926548612385,150.54669748873633,49.23654017793865,16.547067770052735
van_havre,4,15,R=16,306.39996337890625,168.57797241210938,256.08926548612385,150.54669748873633,50.3106978927824,18.031274923373047
van_havre,4,15,R=256,305.8952331542969,169.04229736328125,256.08926548612385,150.54669748873633,49.805967668173025,18.495599874544922
van_havre,4,15,R=4,305.86248779296875,169.35305786132812,256.08926548612385,150.54669748873633,49.7732223068449,18.806360372591797
van_havre,4,15,R=64,306.1499328613281,169.65866088867188,256.08926548612385,150.54669748873633,50.060667375204275,19.111963399935547
van_havre,4,15,Spline-ETO,415.6271362304687,159.61509704589844,256.08926548612385,150.54669748873633,159.53787074434484,9.06839955716211
van_havre,4,15,Spline-QFR,396.8363037109375,168.49859619140625,256.08926548612385,150.54669748873633,140.74703822481365,17.951898702669922
van_havre,4,15,lambda=0.1,297.5802917480469,314.442626953125,256.08926548612385,150.54669748873633,41.491026261923025,163.89592946438867
van_havre,4,15,lambda=0.3,301.7735595703125,191.791015625,256.08926548612385,150.54669748873633,45.68429408418865,41.24431813626367
van_havre,4,15,lambda=0.5,306.39996337890625,168.57797241210938,256.08926548612385,150.54669748873633,50.3106978927824,18.031274923373047
van_havre,4,15,lambda=0.7,309.84442138671875,163.64720153808594,256.08926548612385,150.54669748873633,53.7551559005949,13.10050404934961
van_havre,4,15,lambda=0.9,369.5702819824219,161.28167724609375,256.08926548612385,150.54669748873633,113.48101649629803,10.734979757357422
van_havre,4,18,ERM,251.77611204287717,1249.5903019779494,251.63559080245992,145.52633748336007,0.14052124041725733,1104.0639644945893
van_havre,4,18,ERM-NN,257.67728283686534,1248.2937100522436,251.63559080245992,145.52633748336007,6.041692034405429,1102.7673725688835
van_havre,4,18,LightGBM,289.358454492997,996.3654491509268,251.63559080245992,145.52633748336007,37.72286369053708,850.8391116675667
van_havre,4,18,M=128,303.5602722167969,154.38009643554688,251.63559080245992,145.52633748336007,51.92468141433696,8.853758952186809
van_havre,4,18,M=2048,304.1719970703125,153.47463989257812,251.63559080245992,145.52633748336007,52.536406267852584,7.9483024092180585
van_havre,4,18,M=32,301.934326171875,164.690185546875,251.63559080245992,145.52633748336007,50.298735369415084,19.163848063514934
van_havre,4,18,M=512,303.5609130859375,153.93910217285156,251.63559080245992,145.52633748336007,51.925322283477584,8.412764689491496
van_havre,4,18,M=8,301.796630859375,206.54342651367188,251.63559080245992,145.52633748336007,50.161040056915084,61.01708903031181
van_havre,4,18,R=1,303.5260009765625,154.05563354492188,251.63559080245992,145.52633748336007,51.890410174102584,8.529296061561809
van_havre,4,18,R=16,303.5602722167969,154.38009643554688,251.63559080245992,145.52633748336007,51.92468141433696,8.853758952186809
van_havre,4,18,R=256,303.4659729003906,154.07334899902344,251.63559080245992,145.52633748336007,51.83038209793071,8.547011515663371
van_havre,4,18,R=4,303.6781311035156,154.11422729492188,251.63559080245992,145.52633748336007,52.04254030105571,8.587889811561809
van_havre,4,18,R=64,303.5163269042969,154.2084197998047,251.63559080245992,145.52633748336007,51.88073610183696,8.682082316444621
van_havre,4,18,Spline-ETO,368.0376892089844,149.46209716796875,251.63559080245992,145.52633748336007,116.40209840652446,3.9357596846086835
van_havre,4,18,Spline-QFR,339.8951416015625,157.67372131347656,251.63559080245992,145.52633748336007,88.25955079910258,12.147383830116496
van_havre,4,18,lambda=0.1,288.0437316894531,190.05628967285156,251.63559080245992,145.52633748336007,36.40814088699321,44.529952189491496
van_havre,4,18,lambda=0.3,295.62017822265625,159.74037170410156,251.63559080245992,145.52633748336007,43.984587420196334,14.214034220741496
van_havre,4,18,lambda=0.5,303.5602722167969,154.38009643554688,251.63559080245992,145.52633748336007,51.92468141433696,8.853758952186809
van_havre,4,18,lambda=0.7,317.8514099121094,151.1494903564453,251.63559080245992,145.52633748336007,66.21581910964946,5.623152873085246
van_havre,4,18,lambda=0.9,332.9515380859375,150.00355529785156,251.63559080245992,145.52633748336007,81.31594728347758,4.477217814491496
van_havre,4,29,ERM,262.2395507235858,1283.9809058684466,261.13228059102516,148.47050040557917,1.107270132560643,1135.5104054628673
van_havre,4,29,ERM-NN,265.1848168889787,1307.1844806271538,261.13228059102516,148.47050040557917,4.052536297953509,1158.7139802215747
van_havre,4,29,LightGBM,310.5269913043558,1088.643181954831,261.13228059102516,148.47050040557917,49.39471071333065,940.1726815492519
van_havre,4,29,M=128,313.12945556640625,159.0460662841797,261.13228059102516,148.47050040557917,51.997174975381085,10.575565878600514
van_havre,4,29,M=2048,322.6885986328125,156.76931762695312,261.13228059102516,148.47050040557917,61.556318041787335,8.298817221373952
van_havre,4,29,M=32,315.54473876953125,171.89999389648438,261.13228059102516,148.47050040557917,54.412458178506085,23.4294934909052
van_havre,4,29,M=512,322.1845703125,157.10227966308594,261.13228059102516,148.47050040557917,61.052289721474835,8.631779257506764
van_havre,4,29,M=8,313.5804138183594,219.3638458251953,261.13228059102516,148.47050040557917,52.44813322733421,70.89334541961614
van_havre,4,29,R=1,312.8349304199219,158.97120666503906,261.13228059102516,148.47050040557917,51.70264982889671,10.50070625945989
van_havre,4,29,R=16,313.12945556640625,159.0460662841797,261.13228059102516,148.47050040557917,51.997174975381085,10.575565878600514
van_havre,4,29,R=256,315.3663330078125,158.608154296875,261.13228059102516,148.47050040557917,54.234052416787335,10.137653891295827
van_havre,4,29,R=4,318.550048828125,158.48049926757812,261.13228059102516,148.47050040557917,57.417768237099835,10.009998861998952
van_havre,4,29,R=64,314.90283203125,158.81195068359375,261.13228059102516,148.47050040557917,53.770551440224835,10.341450278014577
van_havre,4,29,Spline-ETO,388.0951843261719,154.75543212890625,261.13228059102516,148.47050040557917,126.96290373514671,6.284931723327077
van_havre,4,29,Spline-QFR,386.6671447753906,159.26634216308594,261.13228059102516,148.47050040557917,125.53486418436546,10.795841757506764
van_havre,4,29,lambda=0.1,297.34649658203125,247.12628173828125,261.13228059102516,148.47050040557917,36.214215991006085,98.65578133270208
van_havre,4,29,lambda=0.3,300.4221496582031,168.35580444335938,261.13228059102516,148.47050040557917,39.28986906717796,19.8853040377802
van_havre,4,29,lambda=0.5,313.12945556640625,159.0460662841797,261.13228059102516,148.47050040557917,51.997174975381085,10.575565878600514
van_havre,4,29,lambda=0.7,336.5215759277344,156.57203674316406,261.13228059102516,148.47050040557917,75.38929533670921,8.10153633758489
van_havre,4,29,lambda=0.9,360.80615234375,155.49095153808594,261.13228059102516,148.47050040557917,99.67387175272484,7.020451132506764
van_havre,4,32,ERM,253.79134210561125,1198.6359308876472,253.3485810602789,153.00314934956037,0.44276104533236094,1045.6327815380869
van_havre,4,32,ERM-NN,262.05436881317286,1161.2331720329005,253.3485810602789,153.00314934956037,8.705787752893968,1008.2300226833402
van_havre,4,32,LightGBM,272.75306461547837,963.3362679332268,253.3485810602789,153.00314934956037,19.404483555199477,810.3331185836664
van_havre,4,32,M=128,278.1894836425781,166.82810974121094,253.3485810602789,153.00314934956037,24.840902582299236,13.824960391650563
van_havre,4,32,M=2048,277.9132995605469,167.59344482421875,253.3485810602789,153.00314934956037,24.564718500267986,14.590295474658376
van_havre,4,32,M=32,277.35955810546875,180.5554351806641,253.3485810602789,153.00314934956037,24.01097704518986,27.552285831103717
van_havre,4,32,M=512,278.14202880859375,166.58734130859375,253.3485810602789,153.00314934956037,24.79344774831486,13.584191959033376
van_havre,4,32,M=8,277.3045959472656,231.31703186035156,253.3485810602789,153.00314934956037,23.956014886986736,78.31388251079119
van_havre,4,32,R=1,278.1440734863281,168.62158203125,253.3485810602789,153.00314934956037,24.795492426049236,15.618432681689626
van_havre,4,32,R=16,278.1894836425781,166.82810974121094,253.3485810602789,153.00314934956037,24.840902582299236,13.824960391650563
van_havre,4,32,R=256,278.1542663574219,168.00709533691406,253.3485810602789,153.00314934956037,24.805685297142986,15.003945987353688
van_havre,4,32,R=4,278.1806640625,167.70216369628906,253.3485810602789,153.00314934956037,24.83208300222111,14.699014346728688
van_havre,4,32,R=64,278.0745849609375,168.308837890625,253.3485810602789,153.00314934956037,24.72600390065861,15.305688541064626
van_havre,4,32,Spline-ETO,333.1998291015625,159.04598999023438,253.3485810602789,153.00314934956037,79.85124804128361,6.042840640674001
van_havre,4,32,Spline-QFR,305.39080810546875,170.72280883789062,253.3485810602789,153.00314934956037,52.04222704518986,17.71965948833025
van_havre,4,32,lambda=0.1,275.30206298828125,222.7888336181641,253.3485810602789,153.00314934956037,21.95348192800236,69.78568426860372
van_havre,4,32,lambda=0.3,276.8108215332031,180.7785491943359,253.3485810602789,153.00314934956037,23.462240472924236,27.775399844775535
van_havre,4,32,lambda=0.5,278.1894836425781,166.82810974121094,253.3485810602789,153.00314934956037,24.840902582299236,13.824960391650563
van_havre,4,32,lambda=0.7,281.3559265136719,162.9836883544922,253.3485810602789,153.00314934956037,28.007345453392986,9.980539004931813
van_havre,4,32,lambda=0.9,303.2218322753906,160.2794189453125,253.3485810602789,153.00314934956037,49.873251215111736,7.276269595752126
van_havre,4,36,ERM,256.53139648521795,1202.724848876973,256.9137847456412,141.11713276875398,-0.3823882604232267,1061.6077161082192
van_havre,4,36,ERM-NN,261.05032019826814,1181.696527031485,256.9137847456412,141.11713276875398,4.136535452626958,1040.579394262731
van_havre,4,36,LightGBM,301.9655918595056,902.8578563747116,256.9137847456412,141.11713276875398,45.05180711386441,761.7407236059576
van_havre,4,36,M=128,284.4351501464844,156.03811645507812,256.9137847456412,141.11713276875398,27.521365400843194,14.92098368632415
van_havre,4,36,M=2048,283.69744873046875,157.09808349609375,256.9137847456412,141.11713276875398,26.78366398482757,15.980950727339774
van_havre,4,36,M=32,283.6925354003906,181.15667724609375,256.9137847456412,141.11713276875398,26.778750654749444,40.039544477339774
van_havre,4,36,M=512,283.8077697753906,153.06634521484375,256.9137847456412,141.11713276875398,26.893985029749444,11.949212446089774
van_havre,4,36,M=8,283.8779602050781,220.2997131347656,256.9137847456412,141.11713276875398,26.964175459436944,79.18258036601162
van_havre,4,36,R=1,284.2349853515625,152.20106506347656,256.9137847456412,141.11713276875398,27.32120060592132,11.083932294722587
van_havre,4,36,R=16,284.4351501464844,156.03811645507812,256.9137847456412,141.11713276875398,27.521365400843194,14.92098368632415
van_havre,4,36,R=256,284.819580078125,154.56564331054688,256.9137847456412,141.11713276875398,27.90579533248382,13.4485105417929
van_havre,4,36,R=4,284.837158203125,153.41537475585938,256.9137847456412,141.11713276875398,27.92337345748382,12.2982419871054
van_havre,4,36,R=64,284.8516845703125,153.90769958496094,256.9137847456412,141.11713276875398,27.93789982467132,12.790566816206962
van_havre,4,36,Spline-ETO,326.9949951171875,149.0746307373047,256.9137847456412,141.11713276875398,70.08121037154632,7.957497968550712
van_havre,4,36,Spline-QFR,335.46856689453125,167.0348663330078,256.9137847456412,141.11713276875398,78.55478214889007,25.917733564253837
van_havre,4,36,lambda=0.1,282.30474853515625,328.8788146972656,256.9137847456412,141.11713276875398,25.39096378951507,187.76168192851165
van_havre,4,36,lambda=0.3,283.4288024902344,178.7045135498047,256.9137847456412,141.11713276875398,26.515017744593194,37.58738078105071
van_havre,4,36,lambda=0.5,284.4351501464844,156.03811645507812,256.9137847456412,141.11713276875398,27.521365400843194,14.92098368632415
van_havre,4,36,lambda=0.7,286.3324890136719,151.46275329589844,256.9137847456412,141.11713276875398,29.418704268030694,10.345620527144462
van_havre,4,36,lambda=0.9,296.66436767578125,148.30062866210938,256.9137847456412,141.11713276875398,39.75058293014007,7.183495893355399
van_havre,4,82,ERM,251.51983298968435,1156.771353338217,251.93292326899237,175.9376449631793,-0.41309027930802245,980.8337083750378
van_havre,4,82,ERM-NN,253.42434263119637,1160.122905939164,251.93292326899237,175.9376449631793,1.4914193622039988,984.1852609759846
van_havre,4,82,LightGBM,258.8621159411444,939.216922774281,251.93292326899237,175.9376449631793,6.929192672152027,763.2792778111017
van_havre,4,82,M=128,256.6460876464844,188.3716735839844,251.93292326899237,175.9376449631793,4.7131643774920065,12.434028620805094
van_havre,4,82,M=2048,256.7017822265625,189.33401489257812,251.93292326899237,175.9376449631793,4.7688589575701315,13.396369929398816
van_havre,4,82,M=32,256.6287841796875,190.3079376220703,251.93292326899237,175.9376449631793,4.6958609106951315,14.370292658891003
van_havre,4,82,M=512,256.6621398925781,190.2022247314453,251.93292326899237,175.9376449631793,4.7292166235857565,14.264579768266003
van_havre,4,82,M=8,256.5572509765625,234.40530395507812,251.93292326899237,175.9376449631793,4.6243277075701315,58.467658991898816
van_havre,4,82,R=1,256.6493225097656,188.0511932373047,251.93292326899237,175.9376449631793,4.7163992407732565,12.113548274125378
van_havre,4,82,R=16,256.6460876464844,188.3716735839844,251.93292326899237,175.9376449631793,4.7131643774920065,12.434028620805094
van_havre,4,82,R=256,256.6413269042969,188.6280212402344,251.93292326899237,175.9376449631793,4.7084036353045065,12.690376277055094
van_havre,4,82,R=4,256.6332702636719,189.98898315429688,251.93292326899237,175.9376449631793,4.7003469946795065,14.051338191117566
van_havre,4,82,R=64,256.6585693359375,188.546142578125,251.93292326899237,175.9376449631793,4.7256460669451315,12.60849761494569
van_havre,4,82,Spline-ETO,307.95343017578125,182.92864990234375,251.93292326899237,175.9376449631793,56.02050690678888,6.991004939164441
van_havre,4,82,Spline-QFR,353.88848876953125,188.13540649414065,251.93292326899237,175.9376449631793,101.95556550053888,12.197761530961344
van_havre,4,82,lambda=0.1,256.4398498535156,242.2341156005859,251.93292326899237,175.9376449631793,4.5069265845232565,66.2964706374066
van_havre,4,82,lambda=0.3,256.5242919921875,196.19406127929688,251.93292326899237,175.9376449631793,4.5913687231951315,20.256416316117566
van_havre,4,82,lambda=0.5,256.6460876464844,188.3716735839844,251.93292326899237,175.9376449631793,4.7131643774920065,12.434028620805094
van_havre,4,82,lambda=0.7,256.95220947265625,184.38232421875,251.93292326899237,175.9376449631793,5.0192862036638815,8.44467925557069
van_havre,4,82,lambda=0.9,258.4111633300781,182.67459106445312,251.93292326899237,175.9376449631793,6.4782400610857565,6.736946101273816
van_havre,4,87,ERM,257.91911683111215,1276.4365991661562,255.6375488501887,155.49458783786284,2.2815679809234553,1120.9420113282933
van_havre,4,87,ERM-NN,256.7707569212664,1266.2691310084604,255.6375488501887,155.49458783786284,1.1332080710777177,1110.7745431705976
van_havre,4,87,LightGBM,274.8779219646262,1052.6694914009724,255.6375488501887,155.49458783786284,19.24037311443749,897.1749035631096
van_havre,4,87,M=128,272.09393310546875,167.53176879882812,255.6375488501887,155.49458783786284,16.456384255280057,12.037180960965287
van_havre,4,87,M=2048,271.9932556152344,166.60191345214844,255.6375488501887,155.49458783786284,16.35570676504568,11.1073256142856
van_havre,4,87,M=32,271.5750732421875,173.7098388671875,255.6375488501887,155.49458783786284,15.937524391998807,18.215251029324662
van_havre,4,87,M=512,272.00634765625,166.7562255859375,255.6375488501887,155.49458783786284,16.368798806061307,11.261637748074662
van_havre,4,87,M=8,271.0946350097656,215.9920959472656,255.6375488501887,155.49458783786284,15.457086159576932,60.49750810940276
van_havre,4,87,R=1,272.1728210449219,167.10037231445312,255.6375488501887,155.49458783786284,16.53527219473318,11.605784476590287
van_havre,4,87,R=16,272.09393310546875,167.53176879882812,255.6375488501887,155.49458783786284,16.456384255280057,12.037180960965287
van_havre,4,87,R=256,272.0490417480469,167.45741271972656,255.6375488501887,155.49458783786284,16.41149289785818,11.962824881863725
van_havre,4,87,R=4,272.0473937988281,167.29705810546875,255.6375488501887,155.49458783786284,16.40984494863943,11.802470267605912
van_havre,4,87,R=64,272.04400634765625,167.72509765625,255.6375488501887,155.49458783786284,16.406457497467557,12.230509818387162
van_havre,4,87,Spline-ETO,321.2038879394531,163.2576446533203,255.6375488501887,155.49458783786284,65.56633908926443,7.763056815457475
van_havre,4,87,Spline-QFR,296.5360107421875,169.43629455566406,255.6375488501887,155.49458783786284,40.89846189199881,13.941706717801225
van_havre,4,87,lambda=0.1,270.62847900390625,221.5455017089844,255.6375488501887,155.49458783786284,14.990930153717557,66.05091387112157
van_havre,4,87,lambda=0.3,271.2673645019531,177.4963836669922,255.6375488501887,155.49458783786284,15.629815651764432,22.00179582912935
van_havre,4,87,lambda=0.5,272.09393310546875,167.53176879882812,255.6375488501887,155.49458783786284,16.456384255280057,12.037180960965287
van_havre,4,87,lambda=0.7,274.6401062011719,164.61737060546875,255.6375488501887,155.49458783786284,19.00255735098318,9.122782767605912
van_havre,4,87,lambda=0.9,288.7565002441406,163.7169647216797,255.6375488501887,155.49458783786284,33.11895139395193,8.22237688381685
van_havre,4,95,ERM,264.2456257628898,1189.0508317881447,261.80663588230686,179.5969757675092,2.4389898805829375,1009.4538560206355
van_havre,4,95,ERM-NN,273.21608017000534,1186.115318038131,261.80663588230686,179.5969757675092,11.409444287698477,1006.5183422706217
van_havre,4,95,LightGBM,330.99632993367356,880.9512092464297,261.80663588230686,179.5969757675092,69.1896940513667,701.3542334789205
van_havre,4,95,M=128,314.11248779296875,187.6838836669922,261.80663588230686,179.5969757675092,52.305851910661886,8.08690789948298
van_havre,4,95,M=2048,314.9314880371094,187.66131591796875,261.80663588230686,179.5969757675092,53.12485215480251,8.064340150459543
van_havre,4,95,M=32,307.337158203125,510.0412902832031,261.80663588230686,179.5969757675092,45.530522320818136,330.4443145156939
van_havre,4,95,M=512,316.0329284667969,186.99525451660156,261.80663588230686,179.5969757675092,54.22629258449001,7.398278749092356
van_havre,4,95,M=8,305.08770751953125,541.8150024414062,261.80663588230686,179.5969757675092,43.281071637224386,362.21802667389704
van_havre,4,95,R=1,312.283447265625,189.0105743408203,261.80663588230686,179.5969757675092,50.476811383318136,9.413598573311106
van_havre,4,95,R=16,314.11248779296875,187.6838836669922,261.80663588230686,179.5969757675092,52.305851910661886,8.08690789948298
van_havre,4,95,R=256,317.0357360839844,189.1551055908203,261.80663588230686,179.5969757675092,55.22910020167751,9.558129823311106
van_havre,4,95,R=4,315.3334655761719,186.4306640625,261.80663588230686,179.5969757675092,53.52682969386501,6.833688294990793
van_havre,4,95,R=64,317.2219543457031,188.7886199951172,261.80663588230686,179.5969757675092,55.41531846339626,9.19164422760798
van_havre,4,95,Spline-ETO,412.936279296875,188.9705810546875,261.80663588230686,179.5969757675092,151.12964341456814,9.373605287178293
van_havre,4,95,Spline-QFR,401.7076110839844,200.28582763671875,261.80663588230686,179.5969757675092,139.9009752016775,20.688851869209543
van_havre,4,95,lambda=0.1,307.2810363769531,286.75872802734375,261.80663588230686,179.5969757675092,45.47440049464626,107.16175225983454
van_havre,4,95,lambda=0.3,309.44140625,194.1643524169922,261.80663588230686,179.5969757675092,47.634770367693136,14.56737664948298
van_havre,4,95,lambda=0.5,314.11248779296875,187.6838836669922,261.80663588230686,179.5969757675092,52.305851910661886,8.08690789948298
van_havre,4,95,lambda=0.7,339.03509521484375,188.33937072753903,261.80663588230686,179.5969757675092,77.22845933253689,8.742394960029827
van_havre,4,95,lambda=0.9,380.38629150390625,189.0979461669922,261.80663588230686,179.5969757675092,118.57965562159939,9.50097039948298
van_havre,9,4,ERM,267.67576817395025,1344.607531304718,257.4938364172987,141.4799559788517,10.181931756651522,1203.1275753258662
van_havre,9,4,ERM-NN,268.77924256747247,1333.8723475948,257.4938364172987,141.4799559788517,11.285406150173742,1192.3923916159483
van_havre,9,4,LightGBM,333.05126407451326,921.2631397094794,257.4938364172987,141.4799559788517,75.55742765721453,779.7831837306278
van_havre,9,4,M=128,300.30303955078125,157.7053985595703,257.4938364172987,141.4799559788517,42.80920313348253,16.225442580718607
van_havre,9,4,M=2048,299.63336181640625,156.80274963378906,257.4938364172987,141.4799559788517,42.13952539910753,15.322793654937357
van_havre,9,4,M=32,296.8862609863281,169.2796630859375,257.4938364172987,141.4799559788517,39.3924245690294,27.799707107085794
van_havre,9,4,M=512,299.6139831542969,157.42373657226562,257.4938364172987,141.4799559788517,42.12014673699815,15.94378059341392
van_havre,9,4,M=8,296.6578674316406,243.6652679443359,257.4938364172987,141.4799559788517,39.1640310143419,102.1853119654842
van_havre,9,4,R=1,300.5333251953125,157.98080444335938,257.4938364172987,141.4799559788517,43.03948877801378,16.50084846450767
van_havre,9,4,R=16,300.30303955078125,157.7053985595703,257.4938364172987,141.4799559788517,42.80920313348253,16.225442580718607
van_havre,9,4,R=256,299.9319763183594,157.98976135253906,257.4938364172987,141.4799559788517,42.43813990106065,16.509805373687357
van_havre,9,4,R=4,299.58074951171875,157.85250854492188,257.4938364172987,141.4799559788517,42.08691309442003,16.37255256607017
van_havre,9,4,R=64,299.80865478515625,157.91159057617188,257.4938364172987,141.4799559788517,42.31481836785753,16.43163459732017
van_havre,9,4,Spline-ETO,390.4844665527344,152.72581481933594,257.4938364172987,141.4799559788517,132.99063013543565,11.245858840484232
van_havre,9,4,Spline-QFR,359.6138916015625,164.2340850830078,257.4938364172987,141.4799559788517,102.12005518426378,22.754129104156107
van_havre,9,4,lambda=0.1,296.5687561035156,211.20944213867188,257.4938364172987,141.4799559788517,39.0749196862169,69.72948615982017
van_havre,9,4,lambda=0.3,297.33642578125,162.27455139160156,257.4938364172987,141.4799559788517,39.84258936395128,20.794595412749857
van_havre,9,4,lambda=0.5,300.30303955078125,157.7053985595703,257.4938364172987,141.4799559788517,42.80920313348253,16.225442580718607
van_havre,9,4,lambda=0.7,312.87188720703125,155.09066772460938,257.4938364172987,141.4799559788517,55.37805078973253,13.61071174575767
van_havre,9,4,lambda=0.9,354.8492126464844,153.85093688964844,257.4938364172987,141.4799559788517,97.35537622918565,12.370980910796732
van_havre,9,14,ERM,262.61811017463776,1259.377316048883,257.9956088185214,160.78456233673492,4.622501356116345,1098.592753712148
van_havre,9,14,ERM-NN,265.49488747112497,1246.966038544036,257.9956088185214,160.78456233673492,7.49927865260355,1086.181476207301
van_havre,9,14,LightGBM,304.22614059686896,987.0158451992546,257.9956088185214,160.78456233673492,46.23053177834754,826.2312828625197
van_havre,9,14,M=128,296.5436096191406,178.61985778808594,257.9956088185214,160.78456233673492,38.54800080061921,17.835295451351016
van_havre,9,14,M=2048,297.301513671875,177.2006378173828,257.9956088185214,160.78456233673492,39.30590485335358,16.41607548064789
van_havre,9,14,M=32,298.7601623535156,187.4513397216797,257.9956088185214,160.78456233673492,40.76455353499421,26.666777384944766
van_havre,9,14,M=512,297.0577087402344,177.74339294433594,257.9956088185214,160.78456233673492,39.06209992171296,16.958830607601016
van_havre,9,14,M=8,295.1904296875,229.6483612060547,257.9956088185214,160.78456233673492,37.19482086897858,68.86379886931977
van_havre,9,14,R=1,298.6544494628906,184.74110412597656,257.9956088185214,160.78456233673492,40.65884064436921,23.95654178924164
van_havre,9,14,R=16,296.5436096191406,178.61985778808594,257.9956088185214,160.78456233673492,38.54800080061921,17.835295451351016
van_havre,9,14,R=256,296.267333984375,178.60675048828125,257.9956088185214,160.78456233673492,38.27172516585358,17.822188151546328
van_havre,9,14,R=4,296.5032043457031,178.6543426513672,257.9956088185214,160.78456233673492,38.50759552718171,17.869780314632266
van_havre,9,14,R=64,296.17376708984375,178.5098419189453,257.9956088185214,160.78456233673492,38.17815827132233,17.72527958221039
van_havre,9,14,Spline-ETO,386.9739990234375,171.19891357421875,257.9956088185214,160.78456233673492,128.97839020491608,10.414351237483828
van_havre,9,14,Spline-QFR,637.527099609375,183.51971435546875,257.9956088185214,160.78456233673492,379.5314907908536,22.735152018733828
van_havre,9,14,lambda=0.1,293.81610107421875,297.48699951171875,257.9956088185214,160.78456233673492,35.82049225569733,136.70243717498383
van_havre,9,14,lambda=0.3,294.7450256347656,206.9915008544922,257.9956088185214,160.78456233673492,36.74941681624421,46.206938517757266
van_havre,9,14,lambda=0.5,296.5436096191406,178.61985778808594,257.9956088185214,160.78456233673492,38.54800080061921,17.835295451351016
van_havre,9,14,lambda=0.7,298.3204650878906,172.7683868408203,257.9956088185214,160.78456233673492,40.32485626936921,11.98382450408539
van_havre,9,14,lambda=0.9,332.8027648925781,170.5261993408203,257.9956088185214,160.78456233673492,74.8071560740567,9.74163700408539
van_havre,9,15,ERM,254.15929754026948,1523.7501522141574,255.1478031039423,149.8213731193931,-0.9885055636728168,1373.9287790947644
van_havre,9,15,ERM-NN,255.05922310770436,1514.5295617056358,255.1478031039423,149.8213731193931,-0.08857999623793944,1364.7081885862428
van_havre,9,15,LightGBM,258.5150581405278,1219.8405896777194,255.1478031039423,149.8213731193931,3.3672550365855045,1070.0192165583264
van_havre,9,15,M=128,259.2777404785156,163.1215362548828,255.1478031039423,149.8213731193931,4.1299373745733305,13.300163135489726
van_havre,9,15,M=2048,259.40606689453125,161.71408081054688,255.1478031039423,149.8213731193931,4.2582637905889555,11.892707691153788
van_havre,9,15,M=32,258.9903869628906,166.70864868164062,255.1478031039423,149.8213731193931,3.8425838589483305,16.887275562247538
van_havre,9,15,M=512,259.3460998535156,161.93301391601562,255.1478031039423,149.8213731193931,4.1982967495733305,12.111640796622538
van_havre,9,15,M=8,258.8521728515625,196.3130645751953,255.1478031039423,149.8213731193931,3.7043697476202055,46.491691455802226
van_havre,9,15,R=1,259.2853698730469,163.1715545654297,255.1478031039423,149.8213731193931,4.1375667691045805,13.3501814460366
van_havre,9,15,R=16,259.2777404785156,163.1215362548828,255.1478031039423,149.8213731193931,4.1299373745733305,13.300163135489726
van_havre,9,15,R=256,259.295166015625,163.08148193359375,255.1478031039423,149.8213731193931,4.1473629116827055,13.260108814200663
van_havre,9,15,R=4,259.274169921875,163.01100158691406,255.1478031039423,149.8213731193931,4.1263668179327055,13.189628467520976
van_havre,9,15,R=64,259.2802734375,163.1082305908203,255.1478031039423,149.8213731193931,4.1324703335577055,13.286857471427226
van_havre,9,15,Spline-ETO,274.5350036621094,156.9605712890625,255.1478031039423,149.8213731193931,19.38720055816708,7.139198169669413
van_havre,9,15,Spline-QFR,266.5820617675781,160.98300170898438,255.1478031039423,149.8213731193931,11.43425866363583,11.161628589591288
van_havre,9,15,lambda=0.1,258.7857666015625,205.10989379882812,255.1478031039423,149.8213731193931,3.6379634976202055,55.28852067943504
van_havre,9,15,lambda=0.3,259.01708984375,169.88180541992188,255.1478031039423,149.8213731193931,3.8692867398077055,20.060432300528788
van_havre,9,15,lambda=0.5,259.2777404785156,163.1215362548828,255.1478031039423,149.8213731193931,4.1299373745733305,13.300163135489726
van_havre,9,15,lambda=0.7,259.83721923828125,160.2064208984375,255.1478031039423,149.8213731193931,4.6894161343389555,10.385047779044413
van_havre,9,15,lambda=0.9,265.8888854980469,157.42205810546875,255.1478031039423,149.8213731193931,10.74108239410458,7.600684986075663
van_havre,9,18,ERM,263.45411381912055,1242.1447104380152,259.52996425941916,144.4326142853257,3.924149559701391,1097.7120961526894
van_havre,9,18,ERM-NN,262.98409747253845,1254.550122946388,259.52996425941916,144.4326142853257,3.4541332131192917,1110.1175086610624
van_havre,9,18,LightGBM,297.09912845621255,1031.9015726785003,259.52996425941916,144.4326142853257,37.569164196793395,887.4689583931746
van_havre,9,18,M=128,297.9102783203125,153.93150329589844,259.52996425941916,144.4326142853257,38.38031406089334,9.498889010572725
van_havre,9,18,M=2048,303.7815246582031,153.46192932128906,259.52996425941916,144.4326142853257,44.251560398783965,9.02931503596335
van_havre,9,18,M=32,303.612060546875,165.87167358398438,259.52996425941916,144.4326142853257,44.08209628745584,21.439059298658663
van_havre,9,18,M=512,305.2642517089844,154.21974182128906,259.52996425941916,144.4326142853257,45.734287449565215,9.78712753596335
van_havre,9,18,M=8,303.2624206542969,218.8382110595703,259.52996425941916,144.4326142853257,43.732456394877715,74.4055967742446
van_havre,9,18,R=1,297.9058837890625,154.847412109375,259.52996425941916,144.4326142853257,38.37591952964334,10.414797824049288
van_havre,9,18,R=16,297.9102783203125,153.93150329589844,259.52996425941916,144.4326142853257,38.38031406089334,9.498889010572725
van_havre,9,18,R=256,296.6553649902344,153.7270965576172,259.52996425941916,144.4326142853257,37.125400730815215,9.294482272291475
van_havre,9,18,R=4,301.05279541015625,154.44125366210938,259.52996425941916,144.4326142853257,41.52283115073709,10.008639376783663
van_havre,9,18,R=64,300.6246032714844,154.5878448486328,259.52996425941916,144.4326142853257,41.094639012065215,10.1552305633071
van_havre,9,18,Spline-ETO,400.2126159667969,151.26239013671875,259.52996425941916,144.4326142853257,140.68265170737772,6.8297758513930376
van_havre,9,18,Spline-QFR,364.8362426757813,156.5696563720703,259.52996425941916,144.4326142853257,105.30627841636215,12.1370420867446
van_havre,9,18,lambda=0.1,287.8048400878906,239.3678741455078,259.52996425941916,144.4326142853257,28.274875828471465,94.9352598601821
van_havre,9,18,lambda=0.3,291.0248107910156,158.44313049316406,259.52996425941916,144.4326142853257,31.494846531596465,14.01051620783835
van_havre,9,18,lambda=0.5,297.9102783203125,153.93150329589844,259.52996425941916,144.4326142853257,38.38031406089334,9.498889010572725
van_havre,9,18,lambda=0.7,311.53375244140625,152.45584106445312,259.52996425941916,144.4326142853257,52.00378818198709,8.023226779127413
van_havre,9,18,lambda=0.9,330.2818908691406,151.37530517578125,259.52996425941916,144.4326142853257,70.75192660972147,6.9426908904555376
van_havre,9,29,ERM,263.4984618716611,1255.818192844684,260.21123625802267,146.99315783984727,3.287225613638441,1108.8250350048368
van_havre,9,29,ERM-NN,270.2651191028968,1238.398993191723,260.21123625802267,146.99315783984727,10.053882844874124,1091.4058353518758
van_havre,9,29,LightGBM,300.18329663422935,1012.5439173640584,260.21123625802267,146.99315783984727,39.972060376206684,865.5507595242111
van_havre,9,29,M=128,303.759765625,166.49562072753906,260.21123625802267,146.99315783984727,43.548529366977334,19.50246288769179
van_havre,9,29,M=2048,303.8615417480469,165.32980346679688,260.21123625802267,146.99315783984727,43.65030549002421,18.336645626949604
van_havre,9,29,M=32,303.1332092285156,175.2489013671875,260.21123625802267,146.99315783984727,42.92197297049296,28.25574352734023
van_havre,9,29,M=512,303.7214660644531,165.30780029296875,260.21123625802267,146.99315783984727,43.51022980643046,18.31464245312148
van_havre,9,29,M=8,302.8835144042969,216.7015686035156,260.21123625802267,146.99315783984727,42.67227814627421,69.70841076366833
van_havre,9,29,R=1,303.7861633300781,167.69821166992188,260.21123625802267,146.99315783984727,43.57492707205546,20.705053830074604
van_havre,9,29,R=16,303.759765625,166.49562072753906,260.21123625802267,146.99315783984727,43.548529366977334,19.50246288769179
van_havre,9,29,R=256,303.7171630859375,166.85540771484375,260.21123625802267,146.99315783984727,43.505926827914834,19.86224987499648
van_havre,9,29,R=4,303.5990905761719,167.25267028808594,260.21123625802267,146.99315783984727,43.38785431814921,20.259512448238667
van_havre,9,29,R=64,303.7727966308594,167.12399291992188,260.21123625802267,146.99315783984727,43.56156037283671,20.130835080074604
van_havre,9,29,Spline-ETO,345.7099914550781,161.9287109375,260.21123625802267,146.99315783984727,85.49875519705546,14.935553097652729
van_havre,9,29,Spline-QFR,331.0865783691406,166.55728149414062,260.21123625802267,146.99315783984727,70.87534211111796,19.564123654293354
van_havre,9,29,lambda=0.1,299.1593322753906,218.0043487548828,260.21123625802267,146.99315783984727,38.94809601736796,71.01119091503554
van_havre,9,29,lambda=0.3,301.0361633300781,171.568603515625,260.21123625802267,146.99315783984727,40.82492707205546,24.57544567577773
van_havre,9,29,lambda=0.5,303.759765625,166.49562072753906,260.21123625802267,146.99315783984727,43.548529366977334,19.50246288769179
van_havre,9,29,lambda=0.7,308.9552001953125,164.51565551757812,260.21123625802267,146.99315783984727,48.743963937289834,17.522497677730854
van_havre,9,29,lambda=0.9,323.57080078125,162.3982696533203,260.21123625802267,146.99315783984727,63.359564523227334,15.405111813473042
van_havre,9,32,ERM,252.91545044970184,1203.8713767199313,252.64578992453644,150.4385588803735,0.2696605251653921,1053.4328178395579
van_havre,9,32,ERM-NN,259.5621318015195,1218.3602724071095,252.64578992453644,150.4385588803735,6.9163418769830685,1067.921713526736
van_havre,9,32,LightGBM,274.647808008899,970.7612149444562,252.64578992453644,150.4385588803735,22.00201808436256,820.3226560640827
van_havre,9,32,M=128,273.8505554199219,165.78102111816406,252.64578992453644,150.4385588803735,21.20476549538543,15.342462237790556
van_havre,9,32,M=2048,273.73626708984375,165.33544921875,252.64578992453644,150.4385588803735,21.090477165307306,14.896890338376494
van_havre,9,32,M=32,272.90118408203125,182.83370971679688,252.64578992453644,150.4385588803735,20.255394157494806,32.39515083642337
van_havre,9,32,M=512,273.71856689453125,165.38946533203125,252.64578992453644,150.4385588803735,21.072776969994806,14.950906451657744
van_havre,9,32,M=8,268.2757263183594,235.8069610595703,252.64578992453644,150.4385588803735,15.62993639382293,85.3684021791968
van_havre,9,32,R=1,273.81121826171875,165.5885467529297,252.64578992453644,150.4385588803735,21.165428337182306,15.149987872556181
van_havre,9,32,R=16,273.8505554199219,165.78102111816406,252.64578992453644,150.4385588803735,21.20476549538543,15.342462237790556
van_havre,9,32,R=256,273.88555908203125,165.5211944580078,252.64578992453644,150.4385588803735,21.239769157494806,15.082635577634306
van_havre,9,32,R=4,273.9354248046875,165.69180297851562,252.64578992453644,150.4385588803735,21.289634880151056,15.253244098142119
van_havre,9,32,R=64,273.8794860839844,165.57659912109375,252.64578992453644,150.4385588803735,21.23369615944793,15.138040240720244
van_havre,9,32,Spline-ETO,305.60736083984375,163.01962280273438,252.64578992453644,150.4385588803735,52.961570915307306,12.581063922360869
van_havre,9,32,Spline-QFR,307.07794189453125,169.18251037597656,252.64578992453644,150.4385588803735,54.432151969994806,18.743951495603056
van_havre,9,32,lambda=0.1,265.637451171875,247.5342254638672,252.64578992453644,150.4385588803735,12.991661247338556,97.09566658349368
van_havre,9,32,lambda=0.3,271.1746826171875,179.76300048828125,252.64578992453644,150.4385588803735,18.528892692651056,29.324441607907744
van_havre,9,32,lambda=0.5,273.8505554199219,165.78102111816406,252.64578992453644,150.4385588803735,21.20476549538543,15.342462237790556
van_havre,9,32,lambda=0.7,278.1709899902344,164.36363220214844,252.64578992453644,150.4385588803735,25.52520006569793,13.925073321774931
van_havre,9,32,lambda=0.9,299.8357849121094,163.22633361816406,252.64578992453644,150.4385588803735,47.18999498757293,12.787774737790556
van_havre,9,36,ERM,263.98548192248404,1208.4859555718087,259.3380328735099,142.2786193671164,4.647449048974124,1066.2073362046924
van_havre,9,36,ERM-NN,273.4003485444364,1191.8959510188745,259.3380328735099,142.2786193671164,14.062315670926466,1049.6173316517581
van_havre,9,36,LightGBM,293.6349524841074,897.1333918471888,259.3380328735099,142.2786193671164,34.296919610597456,754.8547724800724
van_havre,9,36,M=128,287.8806457519531,188.59608459472656,259.3380328735099,142.2786193671164,28.542612878443208,46.31746522761017
van_havre,9,36,M=2048,293.2103576660156,152.29869079589844,259.3380328735099,142.2786193671164,33.87232479250571,10.020071428782046
van_havre,9,36,M=32,288.57879638671875,190.63575744628903,259.3380328735099,142.2786193671164,29.240763513208833,48.35713807917264
van_havre,9,36,M=512,292.47918701171875,153.11488342285156,259.3380328735099,142.2786193671164,33.14115413820883,10.836264055735171
van_havre,9,36,M=8,287.0610046386719,451.7668151855469,259.3380328735099,142.2786193671164,27.722971765161958,309.4881958184305
van_havre,9,36,R=1,291.55267333984375,153.07049560546875,259.3380328735099,142.2786193671164,32.21464046633383,10.791876238352359
van_havre,9,36,R=16,287.8806457519531,188.59608459472656,259.3380328735099,142.2786193671164,28.542612878443208,46.31746522761017
van_havre,9,36,R=256,288.0694885253906,186.2941436767578,259.3380328735099,142.2786193671164,28.731455651880708,44.01552430964142
van_havre,9,36,R=4,287.8251037597656,186.78990173339844,259.3380328735099,142.2786193671164,28.487070886255708,44.511282366282046
van_havre,9,36,R=64,288.7880859375,173.23178100585938,259.3380328735099,142.2786193671164,29.450053063990083,30.953161638742984
van_havre,9,36,Spline-ETO,312.95977783203125,151.07337951660156,259.3380328735099,142.2786193671164,53.62174495852133,8.794760149485171
van_havre,9,36,Spline-QFR,310.0234069824219,159.475341796875,259.3380328735099,142.2786193671164,50.68537410891196,17.19672242975861
van_havre,9,36,lambda=0.1,286.0197448730469,976.2633666992188,259.3380328735099,142.2786193671164,26.681711999536958,833.9847473321024
van_havre,9,36,lambda=0.3,286.95263671875,322.7469177246094,259.3380328735099,142.2786193671164,27.614603845240083,180.46829835749298
van_havre,9,36,lambda=0.5,287.8806457519531,188.59608459472656,259.3380328735099,142.2786193671164,28.542612878443208,46.31746522761017
van_havre,9,36,lambda=0.7,298.4513854980469,153.0709228515625,259.3380328735099,142.2786193671164,39.11335262453696,10.792303484446109
van_havre,9,36,lambda=0.9,307.278564453125,151.216796875,259.3380328735099,142.2786193671164,47.94053157961508,8.938177507883609
van_havre,9,82,ERM,260.55219767766124,1144.1510010130062,259.0315932313426,176.12975495773654,1.5206044463186572,968.0212460552697
van_havre,9,82,ERM-NN,264.411012855859,1140.5816374069666,259.0315932313426,176.12975495773654,5.379419624516402,964.4518824492301
van_havre,9,82,LightGBM,288.560074209741,949.597759433787,259.0315932313426,176.12975495773654,29.52848097839842,773.4680044760505
van_havre,9,82,M=128,281.8492431640625,189.07171630859375,259.0315932313426,176.12975495773654,22.817649932719917,12.941961350857213
van_havre,9,82,M=2048,281.1105041503906,219.47308349609375,259.0315932313426,176.12975495773654,22.07891091904804,43.34332853835721
van_havre,9,82,M=32,282.17578125,205.04440307617188,259.0315932313426,176.12975495773654,23.144188018657417,28.914648118435338
van_havre,9,82,M=512,282.42547607421875,189.79409790039065,259.0315932313426,176.12975495773654,23.393882842876167,13.664342942654116
van_havre,9,82,M=8,281.5854187011719,260.02960205078125,259.0315932313426,176.12975495773654,22.55382546982929,83.89984709304471
van_havre,9,82,R=1,281.8588562011719,193.79673767089844,259.0315932313426,176.12975495773654,22.82726296982929,17.6669827131619
van_havre,9,82,R=16,281.8492431640625,189.07171630859375,259.0315932313426,176.12975495773654,22.817649932719917,12.941961350857213
van_havre,9,82,R=256,281.8096618652344,191.2200927734375,259.0315932313426,176.12975495773654,22.77806863389179,15.090337815700963
van_havre,9,82,R=4,281.9407653808594,191.7129364013672,259.0315932313426,176.12975495773654,22.90917214951679,15.58318144363065
van_havre,9,82,R=64,281.81640625,191.2646484375,259.0315932313426,176.12975495773654,22.784813018657417,15.134893479763463
van_havre,9,82,Spline-ETO,316.6046447753906,184.99237060546875,259.0315932313426,176.12975495773654,57.57305154404804,8.862615647732213
van_havre,9,82,Spline-QFR,470.4386901855469,191.97140502929688,259.0315932313426,176.12975495773654,211.4070969542043,15.841650071560338
van_havre,9,82,lambda=0.1,279.7327880859375,973.75537109375,259.0315932313426,176.12975495773654,20.701194854594917,797.6256161360135
van_havre,9,82,lambda=0.3,280.8935546875,259.9065856933594,259.0315932313426,176.12975495773654,21.861961456157417,83.77683073562284
van_havre,9,82,lambda=0.5,281.8492431640625,189.07171630859375,259.0315932313426,176.12975495773654,22.817649932719917,12.941961350857213
van_havre,9,82,lambda=0.7,282.9178771972656,186.2579803466797,259.0315932313426,176.12975495773654,23.88628396592304,10.12822538894315
van_havre,9,82,lambda=0.9,288.64862060546875,184.40443420410156,259.0315932313426,176.12975495773654,29.617027374126167,8.274679246365025
van_havre,9,87,ERM,258.316209646386,1297.2870160504042,256.99865932500177,156.0568535022041,1.3175503213842603,1141.2301625482
van_havre,9,87,ERM-NN,260.86077228454167,1287.9753568388028,256.99865932500177,156.0568535022041,3.8621129595398997,1131.9185033365986
van_havre,9,87,LightGBM,290.45347585100535,1050.4975818476498,256.99865932500177,156.0568535022041,33.45481652600358,894.4407283454457
van_havre,9,87,M=128,305.4552307128906,172.16766357421875,256.99865932500177,156.0568535022041,48.45657138788886,16.110810072014658
van_havre,9,87,M=2048,306.1763916015625,172.61502075195312,256.99865932500177,156.0568535022041,49.17773227656073,16.558167249749033
van_havre,9,87,M=32,299.9610290527344,194.92025756835935,256.99865932500177,156.0568535022041,42.96236972773261,38.863404066155255
van_havre,9,87,M=512,306.4577941894531,171.10789489746094,256.99865932500177,156.0568535022041,49.45913486445136,15.051041395256846
van_havre,9,87,M=8,294.37109375,226.86021423339844,256.99865932500177,156.0568535022041,37.37243442499823,70.80336073119435
van_havre,9,87,R=1,302.6636657714844,172.5343017578125,256.99865932500177,156.0568535022041,45.66500644648261,16.477448255608408
van_havre,9,87,R=16,305.4552307128906,172.16766357421875,256.99865932500177,156.0568535022041,48.45657138788886,16.110810072014658
van_havre,9,87,R=256,304.851806640625,173.85592651367188,256.99865932500177,156.0568535022041,47.85314731562323,17.799073011467783
van_havre,9,87,R=4,305.0189208984375,172.79168701171875,256.99865932500177,156.0568535022041,48.02026157343573,16.734833509514658
van_havre,9,87,R=64,305.1991271972656,172.729736328125,256.99865932500177,156.0568535022041,48.20046787226386,16.672882825920908
van_havre,9,87,Spline-ETO,394.89886474609375,165.26463317871094,256.99865932500177,156.0568535022041,137.90020542109198,9.207779676506846
van_havre,9,87,Spline-QFR,361.5040893554687,172.35232543945312,256.99865932500177,156.0568535022041,104.50543003046693,16.295471937249033
van_havre,9,87,lambda=0.1,285.3534240722656,282.0399169921875,256.99865932500177,156.0568535022041,28.354764747263857,125.98306348998341
van_havre,9,87,lambda=0.3,287.3007507324219,211.0293426513672,256.99865932500177,156.0568535022041,30.302091407420107,54.972489149163096
van_havre,9,87,lambda=0.5,305.4552307128906,172.16766357421875,256.99865932500177,156.0568535022041,48.45657138788886,16.110810072014658
van_havre,9,87,lambda=0.7,324.64471435546875,167.8072509765625,256.99865932500177,156.0568535022041,67.64605503046698,11.750397474358408
van_havre,9,87,lambda=0.9,354.5082092285156,165.04916381835938,256.99865932500177,156.0568535022041,97.50954990351386,8.992310316155283
van_havre,9,95,ERM,258.743930521559,1208.4922493435745,254.59396463667443,174.8534814076531,4.149965884884551,1033.6387679359214
van_havre,9,95,ERM-NN,257.3591330119735,1204.5861699331842,254.59396463667443,174.8534814076531,2.765168375299055,1029.732688525531
van_havre,9,95,LightGBM,283.17285675982777,978.9392387861036,254.59396463667443,174.8534814076531,28.578892123153338,804.0857573784505
van_havre,9,95,M=128,277.2599182128906,192.02574157714844,254.59396463667443,174.8534814076531,22.665953576216197,17.17226016949533
van_havre,9,95,M=2048,277.7166748046875,191.6995849609375,254.59396463667443,174.8534814076531,23.12271016801307,16.846103553284394
van_havre,9,95,M=32,276.77166748046875,201.5904998779297,254.59396463667443,174.8534814076531,22.17770284379432,26.73701847027658
van_havre,9,95,M=512,277.45416259765625,192.2144470214844,254.59396463667443,174.8534814076531,22.86019796098182,17.360965613831297
van_havre,9,95,M=8,276.5733337402344,255.29364013671875,254.59396463667443,174.8534814076531,21.979369103559947,80.44015872906564
van_havre,9,95,R=1,277.19378662109375,191.90147399902344,254.59396463667443,174.8534814076531,22.59982198441932,17.04799259137033
van_havre,9,95,R=16,277.2599182128906,192.02574157714844,254.59396463667443,174.8534814076531,22.665953576216197,17.17226016949533
van_havre,9,95,R=256,277.19647216796875,192.73959350585935,254.59396463667443,174.8534814076531,22.60250753129432,17.88611209820624
van_havre,9,95,R=4,277.1387023925781,194.26919555664065,254.59396463667443,174.8534814076531,22.544737755903697,19.415714148987547
van_havre,9,95,R=64,277.2333068847656,194.09909057617188,254.59396463667443,174.8534814076531,22.639342248091197,19.24560916851877
van_havre,9,95,Spline-ETO,341.58514404296875,187.8099822998047,254.59396463667443,174.8534814076531,86.99117940629432,12.956500892151581
van_havre,9,95,Spline-QFR,327.17437744140625,189.66986083984375,254.59396463667443,174.8534814076531,72.58041280473182,14.816379432190644
van_havre,9,95,lambda=0.1,276.197998046875,253.5645294189453,254.59396463667443,174.8534814076531,21.60403341020057,78.7110480112922
van_havre,9,95,lambda=0.3,276.71295166015625,203.768310546875,254.59396463667443,174.8534814076531,22.11898702348182,28.914829139221894
van_havre,9,95,lambda=0.5,277.2599182128906,192.02574157714844,254.59396463667443,174.8534814076531,22.665953576216197,17.17226016949533
van_havre,9,95,lambda=0.7,278.6730651855469,190.764892578125,254.59396463667443,174.8534814076531,24.079100548872447,15.911411170471894
van_havre,9,95,lambda=0.9,309.4373474121094,189.38961791992188,254.59396463667443,174.8534814076531,54.84338277543495,14.536136512268769
van_havre,14,4,ERM,256.18333274980995,1363.799592072078,254.48046045146336,140.99805365393672,1.7028722983465912,1222.8015384181413
van_havre,14,4,ERM-NN,255.06204088361193,1388.1414396193898,254.48046045146336,140.99805365393672,0.58158043214857,1247.143385965453
van_havre,14,4,LightGBM,286.2205609927241,1056.891654133906,254.48046045146336,140.99805365393672,31.740100541260716,915.8936004799693
van_havre,14,4,M=128,278.0367126464844,161.63192749023438,254.48046045146336,140.99805365393672,23.556252195021017,20.633873836297653
van_havre,14,4,M=2048,276.7405090332031,160.1448211669922,254.48046045146336,140.99805365393672,22.260048581739767,19.146767513055465
van_havre,14,4,M=32,283.14532470703125,168.68898010253906,254.48046045146336,140.99805365393672,28.664864255567892,27.69092644860234
van_havre,14,4,M=512,278.52789306640625,160.69532775878906,254.48046045146336,140.99805365393672,24.047432614942892,19.69727410485234
van_havre,14,4,M=8,284.1746826171875,225.1150360107422,254.48046045146336,140.99805365393672,29.694222165724142,84.11698235680547
van_havre,14,4,R=1,279.0757751464844,160.85430908203125,254.48046045146336,140.99805365393672,24.595314695021017,19.856255428094528
van_havre,14,4,R=16,278.0367126464844,161.63192749023438,254.48046045146336,140.99805365393672,23.556252195021017,20.633873836297653
van_havre,14,4,R=256,278.3228759765625,159.4024200439453,254.48046045146336,140.99805365393672,23.842415525099142,18.40436639000859
van_havre,14,4,R=4,279.0750732421875,160.70899963378906,254.48046045146336,140.99805365393672,24.594612790724142,19.71094597985234
van_havre,14,4,R=64,278.9805603027344,160.556640625,254.48046045146336,140.99805365393672,24.500099851271017,19.558586971063278
van_havre,14,4,Spline-ETO,359.7347106933594,155.1446075439453,254.48046045146336,140.99805365393672,105.25425024189602,14.14655389000859
van_havre,14,4,Spline-QFR,362.8534851074219,161.5542755126953,254.48046045146336,140.99805365393672,108.37302465595852,20.55622185875859
van_havre,14,4,lambda=0.1,271.77642822265625,318.7117614746094,254.48046045146336,140.99805365393672,17.295967771192892,177.71370782067265
van_havre,14,4,lambda=0.3,275.3466491699219,165.20957946777344,254.48046045146336,140.99805365393672,20.866188718458517,24.211525813836715
van_havre,14,4,lambda=0.5,278.0367126464844,161.63192749023438,254.48046045146336,140.99805365393672,23.556252195021017,20.633873836297653
van_havre,14,4,lambda=0.7,286.774169921875,158.19178771972656,254.48046045146336,140.99805365393672,32.29370947041164,17.19373406578984
van_havre,14,4,lambda=0.9,305.30712890625,157.29014587402344,254.48046045146336,140.99805365393672,50.82666845478664,16.292092220086715
van_havre,14,14,ERM,253.966987570674,1279.7813291882949,253.49446421542112,158.66449547048674,0.47252335525288913,1121.116833717808
van_havre,14,14,ERM-NN,261.9912286103976,1293.6345420738214,253.49446421542112,158.66449547048674,8.496764394976509,1134.9700466033346
van_havre,14,14,LightGBM,324.50956131212433,1025.0001335206543,253.49446421542112,158.66449547048674,71.01509709670322,866.3356380501676
van_havre,14,14,M=128,292.890380859375,169.22625732421875,253.49446421542112,158.66449547048674,39.39591664395388,10.561761853732008
van_havre,14,14,M=2048,292.4627990722656,171.43978881835938,253.49446421542112,158.66449547048674,38.96833485684451,12.775293347872633
van_havre,14,14,M=32,292.2077331542969,175.41392517089844,253.49446421542112,158.66449547048674,38.71326893887576,16.749429700411696
van_havre,14,14,M=512,292.70941162109375,169.64097595214844,253.49446421542112,158.66449547048674,39.21494740567263,10.976480481661696
van_havre,14,14,M=8,291.8435974121094,217.4660797119141,253.49446421542112,158.66449547048674,38.34913319668826,58.80158424142735
van_havre,14,14,R=1,292.9244079589844,168.49256896972656,253.49446421542112,158.66449547048674,39.42994374356326,9.82807349923982
van_havre,14,14,R=16,292.890380859375,169.22625732421875,253.49446421542112,158.66449547048674,39.39591664395388,10.561761853732008
van_havre,14,14,R=256,292.7889099121094,170.07000732421875,253.49446421542112,158.66449547048674,39.29444569668826,11.405511853732008
van_havre,14,14,R=4,292.64422607421875,169.6717529296875,253.49446421542112,158.66449547048674,39.14976185879763,11.007257459200758
van_havre,14,14,R=64,292.7499694824219,169.49061584472656,253.49446421542112,158.66449547048674,39.25550526700076,10.82612037423982
van_havre,14,14,Spline-ETO,376.028564453125,166.31092834472656,253.49446421542112,158.66449547048674,122.53410023770388,7.646432874239821
van_havre,14,14,Spline-QFR,362.427978515625,169.1943359375,253.49446421542112,158.66449547048674,108.93351430020388,10.529840467013258
van_havre,14,14,lambda=0.1,290.12872314453125,224.29148864746097,253.49446421542112,158.66449547048674,36.63425892911013,65.62699317697422
van_havre,14,14,lambda=0.3,291.0968322753906,172.19667053222656,253.49446421542112,158.66449547048674,37.60236805996951,13.53217506173982
van_havre,14,14,lambda=0.5,292.890380859375,169.22625732421875,253.49446421542112,158.66449547048674,39.39591664395388,10.561761853732008
van_havre,14,14,lambda=0.7,298.5132751464844,167.30038452148438,253.49446421542112,158.66449547048674,45.01881093106326,8.635889050997633
van_havre,14,14,lambda=0.9,317.8872375488281,167.18336486816406,253.49446421542112,158.66449547048674,64.392773333407,8.51886939767732
van_havre,14,15,ERM,257.51100172863215,1515.801133305346,254.33698543432237,151.08549557564717,3.17401629430978,1364.7156377296988
van_havre,14,15,ERM-NN,258.56733984607524,1520.983475589229,254.33698543432237,151.08549557564717,4.23035441175287,1369.897980013582
van_havre,14,15,LightGBM,294.8518054483589,1247.3251130402598,254.33698543432237,151.08549557564717,40.51482001403653,1096.2396174646126
van_havre,14,15,M=128,281.3605041503906,165.72348022460938,254.33698543432237,151.08549557564717,27.023518716068253,14.637984648962203
van_havre,14,15,M=2048,281.6453857421875,165.60589599609375,254.33698543432237,151.08549557564717,27.308400307865128,14.520400420446578
van_havre,14,15,M=32,280.4189758300781,197.78244018554688,254.33698543432237,151.08549557564717,26.081990395755753,46.6969446098997
van_havre,14,15,M=512,281.3888854980469,165.61767578125,254.33698543432237,151.08549557564717,27.051900063724503,14.532180205602828
van_havre,14,15,M=8,279.6553649902344,219.5216064453125,254.33698543432237,151.08549557564717,25.318379555912003,68.43611086966533
van_havre,14,15,R=1,281.4351501464844,165.83016967773438,254.33698543432237,151.08549557564717,27.098164712162003,14.744674102087203
van_havre,14,15,R=16,281.3605041503906,165.72348022460938,254.33698543432237,151.08549557564717,27.023518716068253,14.637984648962203
van_havre,14,15,R=256,281.2987060546875,165.7290802001953,254.33698543432237,151.08549557564717,26.961720620365128,14.64358462454814
van_havre,14,15,R=4,281.3384094238281,165.81956481933594,254.33698543432237,151.08549557564717,27.001423989505753,14.734069243688765
van_havre,14,15,R=64,281.3564147949219,165.9876251220703,254.33698543432237,151.08549557564717,27.019429360599503,14.90212954642314
van_havre,14,15,Spline-ETO,345.12579345703125,165.14161682128906,254.33698543432237,151.08549557564717,90.78880802270888,14.05612124564189
van_havre,14,15,Spline-QFR,325.1872863769531,170.5834197998047,254.33698543432237,151.08549557564717,70.85030094263075,19.497924224157515
van_havre,14,15,lambda=0.1,279.7248229980469,174.15341186523438,254.33698543432237,151.08549557564717,25.387837563724503,23.067916289587203
van_havre,14,15,lambda=0.3,280.32708740234375,167.1614532470703,254.33698543432237,151.08549557564717,25.990101968021378,16.07595767142314
van_havre,14,15,lambda=0.5,281.3605041503906,165.72348022460938,254.33698543432237,151.08549557564717,27.023518716068253,14.637984648962203
van_havre,14,15,lambda=0.7,283.85052490234375,164.93527221679688,254.33698543432237,151.08549557564717,29.513539468021378,13.849776641149703
van_havre,14,15,lambda=0.9,313.5704040527344,165.35166931152344,254.33698543432237,151.08549557564717,59.233418618412,14.266173735876265
van_havre,14,18,ERM,258.8783002586037,1246.719739489659,256.52506465919873,147.9420170858062,2.353235599404968,1098.777722403853
van_havre,14,18,ERM-NN,263.61669764004193,1259.7405032580434,256.52506465919873,147.9420170858062,7.091632980843201,1111.7984861722373
van_havre,14,18,LightGBM,299.74355735656604,1028.6225384025715,256.52506465919873,147.9420170858062,43.21849269736731,880.6805213167653
van_havre,14,18,M=128,318.4162902832031,165.80438232421875,256.52506465919873,147.9420170858062,61.89122562400439,17.862365238412536
van_havre,14,18,M=2048,327.8050231933594,162.28257751464844,256.52506465919873,147.9420170858062,71.27995853416064,14.340560428842224
van_havre,14,18,M=32,316.1107177734375,181.3328399658203,256.52506465919873,147.9420170858062,59.58565311423877,33.3908228800141
van_havre,14,18,M=512,327.086181640625,162.86190795898438,256.52506465919873,147.9420170858062,70.56111698142627,14.919890873178161
van_havre,14,18,M=8,324.484375,225.942138671875,256.52506465919873,147.9420170858062,67.95931034080127,78.00012158606879
van_havre,14,18,R=1,308.6278991699219,164.62689208984375,256.52506465919873,147.9420170858062,52.10283451072314,16.684875004037536
van_havre,14,18,R=16,318.4162902832031,165.80438232421875,256.52506465919873,147.9420170858062,61.89122562400439,17.862365238412536
van_havre,14,18,R=256,316.9772644042969,166.00318908691406,256.52506465919873,147.9420170858062,60.45219974509814,18.06117200110785
van_havre,14,18,R=4,323.3320617675781,164.79443359375,256.52506465919873,147.9420170858062,66.80699710837939,16.852416507943786
van_havre,14,18,R=64,318.6295166015625,166.07643127441406,256.52506465919873,147.9420170858062,62.10445194236377,18.13441418860785
van_havre,14,18,Spline-ETO,418.4909057617187,157.55560302734375,256.52506465919873,147.9420170858062,161.96584110251996,9.613585941537536
van_havre,14,18,Spline-QFR,456.9188537597656,169.8658447265625,256.52506465919873,147.9420170858062,200.3937891005669,21.923827640756286
van_havre,14,18,lambda=0.1,300.2832336425781,295.04205322265625,256.52506465919873,147.9420170858062,43.75816898337939,147.10003613685004
van_havre,14,18,lambda=0.3,302.48956298828125,184.54588317871097,256.52506465919873,147.9420170858062,45.96449832908252,36.60386609290475
van_havre,14,18,lambda=0.5,318.4162902832031,165.80438232421875,256.52506465919873,147.9420170858062,61.89122562400439,17.862365238412536
van_havre,14,18,lambda=0.7,348.2991638183594,160.4899444580078,256.52506465919873,147.9420170858062,91.77409915916064,12.547927372201599
van_havre,14,18,lambda=0.9,392.9284362792969,157.88450622558594,256.52506465919873,147.9420170858062,136.40337162009814,9.942489139779724
van_havre,14,29,ERM,304.5005489130904,1134.7174486884542,258.19101858477313,147.5959775888996,46.309530328317294,987.1214710995546
van_havre,14,29,ERM-NN,262.9334375851584,1263.097600358377,258.19101858477313,147.5959775888996,4.742419000385269,1115.5016227694773
van_havre,14,29,LightGBM,336.17537862639654,948.415886944206,258.19101858477313,147.5959775888996,77.9843600416234,800.8199093553064
van_havre,14,29,M=128,314.5768737792969,168.8663330078125,258.19101858477313,147.5959775888996,56.38585519452374,21.270355418912914
van_havre,14,29,M=2048,315.7869567871094,163.73477172851562,258.19101858477313,147.5959775888996,57.59593820233624,16.13879413961604
van_havre,14,29,M=32,332.0792541503906,172.14410400390625,258.19101858477313,147.5959775888996,73.88823556561749,24.548126415006664
van_havre,14,29,M=512,314.85235595703125,164.76637268066406,258.19101858477313,147.5959775888996,56.66133737225812,17.170395091764476
van_havre,14,29,M=8,331.6916198730469,210.2575836181641,258.19101858477313,147.5959775888996,73.50060128827374,62.661606029264505
van_havre,14,29,R=1,317.2772216796875,167.31289672851562,258.19101858477313,147.5959775888996,59.08620309491437,19.71691913961604
van_havre,14,29,R=16,314.5768737792969,168.8663330078125,258.19101858477313,147.5959775888996,56.38585519452374,21.270355418912914
van_havre,14,29,R=256,315.4103088378906,167.81919860839844,258.19101858477313,147.5959775888996,57.21929025311749,20.22322101949885
van_havre,14,29,R=4,314.14385986328125,168.3951873779297,258.19101858477313,147.5959775888996,55.95284127850812,20.7992097890301
van_havre,14,29,R=64,315.1464538574219,168.0084991455078,258.19101858477313,147.5959775888996,56.95543527264874,20.412521556608226
van_havre,14,29,Spline-ETO,442.5230407714844,159.32984924316406,258.19101858477313,147.5959775888996,184.33202218671124,11.733871654264476
van_havre,14,29,Spline-QFR,417.6566162109375,163.63983154296875,258.19101858477313,147.5959775888996,159.46559762616437,16.043853954069164
van_havre,14,29,lambda=0.1,308.1092224121094,263.3078918457031,258.19101858477313,147.5959775888996,49.91820382733624,115.71191425680354
van_havre,14,29,lambda=0.3,309.919189453125,174.88027954101562,258.19101858477313,147.5959775888996,51.72817086835187,27.28430195211604
van_havre,14,29,lambda=0.5,314.5768737792969,168.8663330078125,258.19101858477313,147.5959775888996,56.38585519452374,21.270355418912914
van_havre,14,29,lambda=0.7,338.9872131347656,162.42405700683594,258.19101858477313,147.5959775888996,80.79619454999249,14.828079417936351
van_havre,14,29,lambda=0.9,398.5372009277344,159.7134246826172,258.19101858477313,147.5959775888996,140.34618234296124,12.117447093717601
van_havre,14,32,ERM,258.4721475841133,1219.217462106663,257.0869114638977,151.47583263494298,1.385236120215609,1067.7416294717202
van_havre,14,32,ERM-NN,264.0657362629853,1230.2171029576562,257.0869114638977,151.47583263494298,6.97882479908759,1078.7412703227133
van_havre,14,32,LightGBM,277.5564126170709,1052.9604367125776,257.0869114638977,151.47583263494298,20.469501153173212,901.4846040776346
van_havre,14,32,M=128,285.29266357421875,169.3229522705078,257.0869114638977,151.47583263494298,28.205752110321043,17.847119635564837
van_havre,14,32,M=2048,297.4401550292969,165.89749145507812,257.0869114638977,151.47583263494298,40.35324356539917,14.42165882013515
van_havre,14,32,M=32,286.76611328125,185.6440887451172,257.0869114638977,151.47583263494298,29.679201817352293,34.16825611017421
van_havre,14,32,M=512,297.2258605957031,166.08035278320312,257.0869114638977,151.47583263494298,40.13894913180542,14.60452014826015
van_havre,14,32,M=8,296.11737060546875,228.6741180419922,257.0869114638977,151.47583263494298,39.03045914157104,77.19828540704921
van_havre,14,32,R=1,285.712646484375,170.07696533203125,257.0869114638977,151.47583263494298,28.625735020477293,18.601132697088275
van_havre,14,32,R=16,285.29266357421875,169.3229522705078,257.0869114638977,151.47583263494298,28.205752110321043,17.847119635564837
van_havre,14,32,R=256,285.2772216796875,169.28131103515625,257.0869114638977,151.47583263494298,28.190310215789793,17.805478400213275
van_havre,14,32,R=4,285.44366455078125,170.60711669921875,257.0869114638977,151.47583263494298,28.356753086883543,19.131284064275775
van_havre,14,32,R=64,285.3155517578125,169.26295471191406,257.0869114638977,151.47583263494298,28.228640293914793,17.787122076971087
van_havre,14,32,Spline-ETO,363.427734375,163.1309051513672,257.0869114638977,151.47583263494298,106.3408229111023,11.655072516424212
van_havre,14,32,Spline-QFR,373.9308471679687,165.4952850341797,257.0869114638977,151.47583263494298,116.84393570407099,14.019452399236712
van_havre,14,32,lambda=0.1,282.0035095214844,352.41650390625,257.0869114638977,151.47583263494298,24.91659805758667,200.94067127130702
van_havre,14,32,lambda=0.3,282.9788513183594,174.5254364013672,257.0869114638977,151.47583263494298,25.89193985446167,23.049603766424212
van_havre,14,32,lambda=0.5,285.29266357421875,169.3229522705078,257.0869114638977,151.47583263494298,28.205752110321043,17.847119635564837
van_havre,14,32,lambda=0.7,306.4767761230469,164.97137451171875,257.0869114638977,151.47583263494298,49.38986465914917,13.495541876775775
van_havre,14,32,lambda=0.9,331.3713073730469,163.62966918945312,257.0869114638977,151.47583263494298,74.28439590914917,12.15383655451015
van_havre,14,36,ERM,261.18708040941686,1170.3538463977095,256.02268426432556,143.42666314316992,5.1643961450913025,1026.9271832545396
van_havre,14,36,ERM-NN,263.29357969674595,1166.0260152612043,256.02268426432556,143.42666314316992,7.270895432420389,1022.5993521180344
van_havre,14,36,LightGBM,302.4714330702402,850.4217257572201,256.02268426432556,143.42666314316992,46.44874880591465,706.9950626140502
van_havre,14,36,M=128,288.6224365234375,162.36529541015625,256.02268426432556,143.42666314316992,32.59975225911194,18.938632266986332
van_havre,14,36,M=2048,289.826416015625,156.56045532226562,256.02268426432556,143.42666314316992,33.80373175129944,13.133792179095707
van_havre,14,36,M=32,287.7562561035156,176.435302734375,256.02268426432556,143.42666314316992,31.733571839190063,33.00863959120508
van_havre,14,36,M=512,289.435546875,157.7831573486328,256.02268426432556,143.42666314316992,33.41286261067444,14.356494205462894
van_havre,14,36,M=8,287.3466491699219,210.6345367431641,256.02268426432556,143.42666314316992,31.323964905596313,67.20787359999417
van_havre,14,36,R=1,288.7690734863281,161.82485961914062,256.02268426432556,143.42666314316992,32.74638922200256,18.398196475970707
van_havre,14,36,R=16,288.6224365234375,162.36529541015625,256.02268426432556,143.42666314316992,32.59975225911194,18.938632266986332
van_havre,14,36,R=256,288.9858703613281,158.4434814453125,256.02268426432556,143.42666314316992,32.96318609700256,15.016818302142582
van_havre,14,36,R=4,288.6756286621094,161.6604766845703,256.02268426432556,143.42666314316992,32.65294439778381,18.233813541400394
van_havre,14,36,R=64,288.7401123046875,160.9150390625,256.02268426432556,143.42666314316992,32.71742804036194,17.488375919330082
van_havre,14,36,Spline-ETO,318.7908935546875,153.08770751953125,256.02268426432556,143.42666314316992,62.76820929036194,9.661044376361332
van_havre,14,36,Spline-QFR,297.2032165527344,163.79428100585938,256.02268426432556,143.42666314316992,41.18053228840881,20.367617862689457
van_havre,14,36,lambda=0.1,287.1455383300781,247.0371856689453,256.02268426432556,143.42666314316992,31.122854065752563,103.6105225257754
van_havre,14,36,lambda=0.3,287.7961730957031,178.2080841064453,256.02268426432556,143.42666314316992,31.773488831377563,34.781420963275394
van_havre,14,36,lambda=0.5,288.6224365234375,162.36529541015625,256.02268426432556,143.42666314316992,32.59975225911194,18.938632266986332
van_havre,14,36,lambda=0.7,290.1796875,156.47314453125,256.02268426432556,143.42666314316992,34.15700323567444,13.046481388080082
van_havre,14,36,lambda=0.9,298.907470703125,154.23362731933594,256.02268426432556,143.42666314316992,42.88478643879944,10.80696417616602
van_havre,14,82,ERM,258.77970630725775,1168.8765801281615,257.94926075725715,177.55873878371813,0.8304455500006043,991.3178413444434
van_havre,14,82,ERM-NN,263.42446755402096,1167.1029664651282,257.94926075725715,177.55873878371813,5.475206796763814,989.5442276814101
van_havre,14,82,LightGBM,298.0222279487848,979.855888623368,257.94926075725715,177.55873878371813,40.07296719152765,802.2971498396498
van_havre,14,82,M=128,286.4666442871094,189.38853454589844,257.94926075725715,177.55873878371813,28.517383529852225,11.82979576218031
van_havre,14,82,M=2048,286.63934326171875,185.0078582763672,257.94926075725715,177.55873878371813,28.6900825044616,7.449119492649061
van_havre,14,82,M=32,285.802001953125,205.4413299560547,257.94926075725715,177.55873878371813,27.85274119586785,27.88259117233656
van_havre,14,82,M=512,286.62371826171875,185.2184295654297,257.94926075725715,177.55873878371813,28.6744575044616,7.659690781711561
van_havre,14,82,M=8,286.45947265625,244.6974639892578,257.94926075725715,177.55873878371813,28.51021189899285,67.13872520553969
van_havre,14,82,R=1,287.0704650878906,189.35089111328125,257.94926075725715,177.55873878371813,29.121204330633475,11.792152329563123
van_havre,14,82,R=16,286.4666442871094,189.38853454589844,257.94926075725715,177.55873878371813,28.517383529852225,11.82979576218031
van_havre,14,82,R=256,286.4718933105469,189.6526336669922,257.94926075725715,177.55873878371813,28.522632553289725,12.09389488327406
van_havre,14,82,R=4,286.4425048828125,189.51271057128903,257.94926075725715,177.55873878371813,28.49324412555535,11.953971787570907
van_havre,14,82,R=64,286.45208740234375,189.7833709716797,257.94926075725715,177.55873878371813,28.5028266450866,12.22463218796156
van_havre,14,82,Spline-ETO,327.17236328125,183.7331390380859,257.94926075725715,177.55873878371813,69.22310252399285,6.174400254367782
van_havre,14,82,Spline-QFR,328.33349609375,189.70123291015625,257.94926075725715,177.55873878371813,70.38423533649285,12.142494126438123
van_havre,14,82,lambda=0.1,285.48272705078125,229.3722991943359,257.94926075725715,177.55873878371813,27.5334662935241,51.81356041061778
van_havre,14,82,lambda=0.3,285.82403564453125,197.47152709960935,257.94926075725715,177.55873878371813,27.8747748872741,19.91278831589122
van_havre,14,82,lambda=0.5,286.4666442871094,189.38853454589844,257.94926075725715,177.55873878371813,28.517383529852225,11.82979576218031
van_havre,14,82,lambda=0.7,287.76544189453125,185.89474487304688,257.94926075725715,177.55873878371813,29.8161811372741,8.336006089328748
van_havre,14,82,lambda=0.9,308.9007873535156,184.23374938964844,257.94926075725715,177.55873878371813,50.951526596258475,6.675010605930311
van_havre,14,87,ERM,261.78326788826416,1303.502835858322,258.2018947378731,157.10881470098906,3.581373150391073,1146.3940211573329
van_havre,14,87,ERM-NN,264.32133729930615,1324.0670065038548,258.2018947378731,157.10881470098906,6.119442561433061,1166.9581918028657
van_havre,14,87,LightGBM,288.5028434670893,1121.450505375936,258.2018947378731,157.10881470098906,30.300948729216202,964.3416906749469
van_havre,14,87,M=128,287.86981201171875,207.5891571044922,258.2018947378731,157.10881470098906,29.66791727384566,50.48034240350313
van_havre,14,87,M=2048,286.35198974609375,597.7489013671875,258.2018947378731,157.10881470098906,28.15009500822066,440.64008666619844
van_havre,14,87,M=32,286.9454650878906,207.87872314453125,258.2018947378731,157.10881470098906,28.743570350017535,50.76990844354219
van_havre,14,87,M=512,287.1831359863281,256.607421875,258.2018947378731,157.10881470098906,28.981241248455035,99.49860717401094
van_havre,14,87,M=8,286.1490783691406,237.3592071533203,258.2018947378731,157.10881470098906,27.947183631267535,80.25039245233125
van_havre,14,87,R=1,288.317626953125,177.13406372070312,258.2018947378731,157.10881470098906,30.11573221525191,20.025249019714067
van_havre,14,87,R=16,287.86981201171875,207.5891571044922,258.2018947378731,157.10881470098906,29.66791727384566,50.48034240350313
van_havre,14,87,R=256,288.3219299316406,183.10154724121097,258.2018947378731,157.10881470098906,30.120035193767535,25.99273254022191
van_havre,14,87,R=4,288.2932434082031,184.95523071289065,258.2018947378731,157.10881470098906,30.091348670330035,27.846416011901596
van_havre,14,87,R=64,288.2950134277344,183.4779510498047,258.2018947378731,157.10881470098906,30.093118689861285,26.36913634881563
van_havre,14,87,Spline-ETO,359.6585693359375,165.58157348632812,258.2018947378731,157.10881470098906,101.45667459806441,8.472758785339067
van_havre,14,87,Spline-QFR,364.3022766113281,186.62750244140625,258.2018947378731,157.10881470098906,106.10038187345504,29.518687740417192
van_havre,14,87,lambda=0.1,284.4710998535156,1114.1724853515625,258.2018947378731,157.10881470098906,26.269205115642535,957.0636706505734
van_havre,14,87,lambda=0.3,285.7137756347656,860.28173828125,258.2018947378731,157.10881470098906,27.511880896892535,703.1729235802609
van_havre,14,87,lambda=0.5,287.86981201171875,207.5891571044922,258.2018947378731,157.10881470098906,29.66791727384566,50.48034240350313
van_havre,14,87,lambda=0.7,290.02886962890625,169.67100524902344,258.2018947378731,157.10881470098906,31.82697489103316,12.56219054803438
van_havre,14,87,lambda=0.9,303.1185607910156,167.29539489746094,258.2018947378731,157.10881470098906,44.916666053142535,10.18658019647188
van_havre,14,95,ERM,259.5090412679652,1194.403024550443,255.7840964147201,176.97504800076086,3.7249448532450913,1017.4279765496822
van_havre,14,95,ERM-NN,265.91941832485963,1193.8749055138176,255.7840964147201,176.97504800076086,10.135321910139538,1016.8998575130568
van_havre,14,95,LightGBM,294.0385669740218,966.5236209263952,255.7840964147201,176.97504800076086,38.25447055930172,789.5485729256343
van_havre,14,95,M=128,307.598388671875,184.5626983642578,255.7840964147201,176.97504800076086,51.814292257154904,7.587650363496948
van_havre,14,95,M=2048,308.4657897949219,184.63851928710935,255.7840964147201,176.97504800076086,52.68169338020178,7.663471286348482
van_havre,14,95,M=32,307.6611633300781,188.9440460205078,255.7840964147201,176.97504800076086,51.87706691535803,11.968998019746948
van_havre,14,95,M=512,307.73077392578125,184.77145385742188,255.7840964147201,176.97504800076086,51.946677511061154,7.796405856661011
van_havre,14,95,M=8,305.945068359375,244.03842163085935,255.7840964147201,176.97504800076086,50.160971944654904,67.06337363009848
van_havre,14,95,R=1,307.181884765625,184.7632293701172,255.7840964147201,176.97504800076086,51.397788350904904,7.788181369356323
van_havre,14,95,R=16,307.598388671875,184.5626983642578,255.7840964147201,176.97504800076086,51.814292257154904,7.587650363496948
van_havre,14,95,R=256,307.55609130859375,184.6284942626953,255.7840964147201,176.97504800076086,51.771994893873654,7.653446261934448
van_havre,14,95,R=4,307.5556335449219,184.60316467285156,255.7840964147201,176.97504800076086,51.77153713020178,7.628116672090698
van_havre,14,95,R=64,307.5566711425781,184.6148376464844,255.7840964147201,176.97504800076086,51.77257472785803,7.639789645723539
van_havre,14,95,Spline-ETO,364.97857666015625,183.23130798339844,255.7840964147201,176.97504800076086,109.19448024543615,6.256259982637573
van_havre,14,95,Spline-QFR,353.4122009277344,188.3361358642578,255.7840964147201,176.97504800076086,97.62810451301428,11.361087863496948
van_havre,14,95,lambda=0.1,300.468994140625,252.02940368652344,255.7840964147201,176.97504800076086,44.684897725904904,75.05435568576257
van_havre,14,95,lambda=0.3,303.8700256347656,185.7810211181641,255.7840964147201,176.97504800076086,48.08592922004553,8.805973117403227
van_havre,14,95,lambda=0.5,307.598388671875,184.5626983642578,255.7840964147201,176.97504800076086,51.814292257154904,7.587650363496948
van_havre,14,95,lambda=0.7,323.16595458984375,183.875732421875,255.7840964147201,176.97504800076086,67.38185817512365,6.900684421114136
van_havre,14,95,lambda=0.9,340.9830627441406,183.43695068359375,255.7840964147201,176.97504800076086,85.19896632942053,6.461902682832886
van_havre,19,4,ERM,263.2462810226405,1349.4700946373855,257.5103691934735,142.49110179936977,5.735911829167037,1206.9789928380158
van_havre,19,4,ERM-NN,263.4155567620564,1386.9692985961874,257.5103691934735,142.49110179936977,5.905187568582903,1244.4781967968177
van_havre,19,4,LightGBM,307.39615789442837,1083.5782473411564,257.5103691934735,142.49110179936977,49.88578870095489,941.0871455417866
van_havre,19,4,M=128,294.0142822265625,156.74969482421875,257.5103691934735,142.49110179936977,36.50391303308902,14.258593024848977
van_havre,19,4,M=2048,294.5558166503906,153.11199951171875,257.5103691934735,142.49110179936977,37.045447456917145,10.620897712348977
van_havre,19,4,M=32,291.9317626953125,169.51878356933594,257.5103691934735,142.49110179936977,34.42139350183902,27.027681769966165
van_havre,19,4,M=512,294.2901611328125,153.4639434814453,257.5103691934735,142.49110179936977,36.77979193933902,10.97284168207554
van_havre,19,4,M=8,291.42822265625,213.16839599609375,257.5103691934735,142.49110179936977,33.91785346277652,70.67729419672398
van_havre,19,4,R=1,294.20269775390625,155.79965209960938,257.5103691934735,142.49110179936977,36.69232856043277,13.308550300239602
van_havre,19,4,R=16,294.0142822265625,156.74969482421875,257.5103691934735,142.49110179936977,36.50391303308902,14.258593024848977
van_havre,19,4,R=256,293.9962463378906,157.45677185058594,257.5103691934735,142.49110179936977,36.485877144417145,14.965670051216165
van_havre,19,4,R=4,293.7684020996094,155.3126983642578,257.5103691934735,142.49110179936977,36.258032906135895,12.82159656488804
van_havre,19,4,R=64,293.97479248046875,156.44796752929688,257.5103691934735,142.49110179936977,36.46442328699527,13.956865729927102
van_havre,19,4,Spline-ETO,354.24395751953125,151.05484008789062,257.5103691934735,142.49110179936977,96.73358832605777,8.563738288520852
van_havre,19,4,Spline-QFR,350.39990234375,159.06491088867188,257.5103691934735,142.49110179936977,92.88953315027652,16.573809089302102
van_havre,19,4,lambda=0.1,290.13714599609375,240.0440673828125,257.5103691934735,142.49110179936977,32.62677680262027,97.55296558344273
van_havre,19,4,lambda=0.3,291.1411437988281,174.22410583496094,257.5103691934735,142.49110179936977,33.630774605354645,31.733004035591165
van_havre,19,4,lambda=0.5,294.0142822265625,156.74969482421875,257.5103691934735,142.49110179936977,36.50391303308902,14.258593024848977
van_havre,19,4,lambda=0.7,301.6152038574219,152.98214721679688,257.5103691934735,142.49110179936977,44.104834663948395,10.491045417427102
van_havre,19,4,lambda=0.9,334.1439514160156,151.6446533203125,257.5103691934735,142.49110179936977,76.63358222254215,9.153551520942727
van_havre,19,14,ERM,254.82197104258057,1263.895493856062,255.1491715427858,159.64778289092544,-0.3272005002052367,1104.2477109651368
van_havre,19,14,ERM-NN,262.0146829302513,1288.9339781573124,255.1491715427858,159.64778289092544,6.865511387465489,1129.286195266387
van_havre,19,14,LightGBM,290.07447827904923,1055.1960313515608,255.1491715427858,159.64778289092544,34.92530673626342,895.5482484606354
van_havre,19,14,M=128,282.3260803222656,173.89390563964844,255.1491715427858,159.64778289092544,27.176908779479817,14.246122748722996
van_havre,19,14,M=2048,283.49530029296875,174.8827667236328,255.1491715427858,159.64778289092544,28.34612875018294,15.234983832707371
van_havre,19,14,M=32,298.90728759765625,191.6358642578125,255.1491715427858,159.64778289092544,43.75811605487044,31.98808136688706
van_havre,19,14,M=512,283.8016357421875,173.46810913085938,255.1491715427858,159.64778289092544,28.65246419940169,13.820326239933934
van_havre,19,14,M=8,300.80499267578125,228.68655395507812,255.1491715427858,159.64778289092544,45.65582113299544,69.03877106415268
van_havre,19,14,R=1,282.8498840332031,173.734619140625,255.1491715427858,159.64778289092544,27.700712490417317,14.086836249699559
van_havre,19,14,R=16,282.3260803222656,173.89390563964844,255.1491715427858,159.64778289092544,27.176908779479817,14.246122748722996
van_havre,19,14,R=256,283.5266418457031,174.1775665283203,255.1491715427858,159.64778289092544,28.377470302917317,14.529783637394871
van_havre,19,14,R=4,283.1247863769531,173.3290557861328,255.1491715427858,159.64778289092544,27.975614834167317,13.681272895207371
van_havre,19,14,R=64,283.6474304199219,174.49627685546875,255.1491715427858,159.64778289092544,28.498258877136067,14.848493964543309
van_havre,19,14,Spline-ETO,388.43505859375,170.84449768066406,255.1491715427858,159.64778289092544,133.2858870509642,11.196714789738621
van_havre,19,14,Spline-QFR,914.02587890625,187.17529296875,255.1491715427858,159.64778289092544,658.8767073634642,27.52751007782456
van_havre,19,14,lambda=0.1,280.6712646484375,519.2201538085938,255.1491715427858,159.64778289092544,25.52209310565169,359.5723709176683
van_havre,19,14,lambda=0.3,281.7914733886719,191.23049926757812,255.1491715427858,159.64778289092544,26.642301845886067,31.582716376652684
van_havre,19,14,lambda=0.5,282.3260803222656,173.89390563964844,255.1491715427858,159.64778289092544,27.176908779479817,14.246122748722996
van_havre,19,14,lambda=0.7,288.7165222167969,172.35183715820312,255.1491715427858,159.64778289092544,33.56735067401107,12.704054267277684
van_havre,19,14,lambda=0.9,331.6250305175781,171.35568237304688,255.1491715427858,159.64778289092544,76.47585897479232,11.707899482121434
van_havre,19,15,ERM,258.67691894684316,1540.076071954397,253.6143911144587,148.49479127564624,5.062527832384461,1391.5812806787508
van_havre,19,15,ERM-NN,257.526739935288,1566.422543491507,253.6143911144587,148.49479127564624,3.912348820829294,1417.9277522158607
van_havre,19,15,LightGBM,273.1105829613866,1289.094274789658,253.6143911144587,148.49479127564624,19.49619184692793,1140.5994835140116
van_havre,19,15,M=128,265.8544006347656,169.6731414794922,253.6143911144587,148.49479127564624,12.240009520306927,21.17835020384595
van_havre,19,15,M=2048,265.9000549316406,169.6389923095703,253.6143911144587,148.49479127564624,12.285663817181927,21.144201033924077
van_havre,19,15,M=32,260.9933166503906,187.65496826171875,253.6143911144587,148.49479127564624,7.378925535931927,39.160176986072514
van_havre,19,15,M=512,266.10174560546875,168.96920776367188,253.6143911144587,148.49479127564624,12.487354491010052,20.47441648802564
van_havre,19,15,M=8,259.7478942871094,212.6403656005859,253.6143911144587,148.49479127564624,6.133503172650677,64.14557432493967
van_havre,19,15,R=1,265.909423828125,175.24903869628906,253.6143911144587,148.49479127564624,12.295032713666302,26.754247420642827
van_havre,19,15,R=16,265.8544006347656,169.6731414794922,253.6143911144587,148.49479127564624,12.240009520306927,21.17835020384595
van_havre,19,15,R=256,265.9474792480469,170.25579833984375,253.6143911144587,148.49479127564624,12.333088133588177,21.761007064197514
van_havre,19,15,R=4,265.81005859375,169.12521362304688,253.6143911144587,148.49479127564624,12.195667479291302,20.63042234740064
van_havre,19,15,R=64,266.0060119628906,174.85330200195312,253.6143911144587,148.49479127564624,12.391620848431927,26.35851072630689
van_havre,19,15,Spline-ETO,310.6451416015625,165.29771423339844,253.6143911144587,148.49479127564624,57.0307504871038,16.8029229577522
van_havre,19,15,Spline-QFR,303.9411926269531,184.81549072265625,253.6143911144587,148.49479127564624,50.32680151249443,36.320699447010014
van_havre,19,15,lambda=0.1,260.8419189453125,979.5791625976562,253.6143911144587,148.49479127564624,7.227527830853802,831.08437132201
van_havre,19,15,lambda=0.3,263.94439697265625,219.29861450195312,253.6143911144587,148.49479127564624,10.330005858197552,70.80382322630689
van_havre,19,15,lambda=0.5,265.8544006347656,169.6731414794922,253.6143911144587,148.49479127564624,12.240009520306927,21.17835020384595
van_havre,19,15,lambda=0.7,268.9002380371094,167.04771423339844,253.6143911144587,148.49479127564624,15.285846922650677,18.5529229577522
van_havre,19,15,lambda=0.9,283.3804016113281,165.6162872314453,253.6143911144587,148.49479127564624,29.766010496869427,17.121495955799077
van_havre,19,18,ERM,263.0238863594181,1225.645053407554,259.8265362222313,144.89866877468134,3.1973501371867883,1080.7463846328728
van_havre,19,18,ERM-NN,262.0061180929095,1228.3768571444125,259.8265362222313,144.89866877468134,2.1795818706781915,1083.4781883697312
van_havre,19,18,LightGBM,312.7151200784315,924.8938183317867,259.8265362222313,144.89866877468134,52.88858385620017,779.9951495571054
van_havre,19,18,M=128,291.2957458496094,157.85183715820312,259.8265362222313,144.89866877468134,31.469209627378063,12.953168383521785
van_havre,19,18,M=2048,291.70220947265625,157.61561584472656,259.8265362222313,144.89866877468134,31.87567325042494,12.716947070045222
van_havre,19,18,M=32,290.4647216796875,218.6996154785156,259.8265362222313,144.89866877468134,30.63818545745619,73.80094670383426
van_havre,19,18,M=512,291.49127197265625,157.63426208496094,259.8265362222313,144.89866877468134,31.66473575042494,12.735593310279597
van_havre,19,18,M=8,288.8390197753906,243.0534515380859,259.8265362222313,144.89866877468134,29.012483553159313,98.15478276340457
van_havre,19,18,R=1,291.4490661621094,158.00726318359375,259.8265362222313,144.89866877468134,31.622529939878063,13.10859440891241
van_havre,19,18,R=16,291.2957458496094,157.85183715820312,259.8265362222313,144.89866877468134,31.469209627378063,12.953168383521785
van_havre,19,18,R=256,291.49566650390625,158.13351440429688,259.8265362222313,144.89866877468134,31.66913028167494,13.234845629615535
van_havre,19,18,R=4,291.376220703125,157.82244873046875,259.8265362222313,144.89866877468134,31.54968448089369,12.92377995578741
van_havre,19,18,R=64,291.3786926269531,158.71282958984375,259.8265362222313,144.89866877468134,31.552156404721813,13.81416081516241
van_havre,19,18,Spline-ETO,359.2117919921875,155.3712615966797,259.8265362222313,144.89866877468134,99.38525576995619,10.472592821998347
van_havre,19,18,Spline-QFR,365.0079345703125,163.7027587890625,259.8265362222313,144.89866877468134,105.18139834808119,18.80409001438116
van_havre,19,18,lambda=0.1,289.9388122558594,187.7470703125,259.8265362222313,144.89866877468134,30.112276033628063,42.84840153781866
van_havre,19,18,lambda=0.3,290.4673767089844,162.4583282470703,259.8265362222313,144.89866877468134,30.640840486753063,17.559659472388972
van_havre,19,18,lambda=0.5,291.2957458496094,157.85183715820312,259.8265362222313,144.89866877468134,31.469209627378063,12.953168383521785
van_havre,19,18,lambda=0.7,294.0568542480469,156.8770294189453,259.8265362222313,144.89866877468134,34.23031802581556,11.978360644263972
van_havre,19,18,lambda=0.9,331.5072021484375,155.45484924316406,259.8265362222313,144.89866877468134,71.68066592620619,10.556180468482722
van_havre,19,29,ERM,269.26548456123317,1140.197908091484,256.9105440810733,145.3557382978706,12.354940480159883,994.8421697936133
van_havre,19,29,ERM-NN,259.41423127758105,1229.0134862281348,256.9105440810733,145.3557382978706,2.5036871965077694,1083.6577479302641
van_havre,19,29,LightGBM,320.18658903675373,829.0238449181494,256.9105440810733,145.3557382978706,63.27604495568045,683.6681066202788
van_havre,19,29,M=128,288.7604675292969,172.3188018798828,256.9105440810733,145.3557382978706,31.849923448223592,26.96306358201221
van_havre,19,29,M=2048,303.8780517578125,170.21685791015625,256.9105440810733,145.3557382978706,46.96750767673922,24.86111961228565
van_havre,19,29,M=32,290.1933898925781,180.99668884277344,256.9105440810733,145.3557382978706,33.28284581150484,35.640950544902836
van_havre,19,29,M=512,289.7527160644531,173.12583923339844,256.9105440810733,145.3557382978706,32.84217198337984,27.770100935527836
van_havre,19,29,M=8,283.4186096191406,234.57745361328125,256.9105440810733,145.3557382978706,26.508065538067342,89.22171531541065
van_havre,19,29,R=1,288.7942199707031,173.28665161132812,256.9105440810733,145.3557382978706,31.883675889629842,27.930913313457523
van_havre,19,29,R=16,288.7604675292969,172.3188018798828,256.9105440810733,145.3557382978706,31.849923448223592,26.96306358201221
van_havre,19,29,R=256,288.984130859375,175.18603515625,256.9105440810733,145.3557382978706,32.07358677830172,29.8302968583794
van_havre,19,29,R=4,288.7070617675781,174.9411163330078,256.9105440810733,145.3557382978706,31.796517686504842,29.58537803513721
van_havre,19,29,R=64,288.9371337890625,173.11343383789062,256.9105440810733,145.3557382978706,32.02658970798922,27.757695540020023
van_havre,19,29,Spline-ETO,359.4861755371094,158.06790161132812,256.9105440810733,145.3557382978706,102.57563145603609,12.712163313457523
van_havre,19,29,Spline-QFR,1428.7542724609375,168.16473388671875,256.9105440810733,145.3557382978706,1171.8437283798642,22.80899558884815
van_havre,19,29,lambda=0.1,281.8813171386719,973.93701171875,256.9105440810733,145.3557382978706,24.970773057598592,828.5812734208794
van_havre,19,29,lambda=0.3,283.91412353515625,231.7908477783203,256.9105440810733,145.3557382978706,27.003579454082967,86.43510948044971
van_havre,19,29,lambda=0.5,288.7604675292969,172.3188018798828,256.9105440810733,145.3557382978706,31.849923448223592,26.96306358201221
van_havre,19,29,lambda=0.7,321.3601989746094,158.9884490966797,256.9105440810733,145.3557382978706,64.44965489353609,13.632710798809086
van_havre,19,29,lambda=0.9,353.2664489746094,157.56158447265625,256.9105440810733,145.3557382978706,96.35590489353609,12.205846174785648
van_havre,19,32,ERM,260.4494627079648,1209.351078716875,257.04108042697374,152.1397643782951,3.408382280991077,1057.21131433858
van_havre,19,32,ERM-NN,263.7655016909078,1230.6794305036806,257.04108042697374,152.1397643782951,6.724421263934062,1078.5396661253856
van_havre,19,32,LightGBM,291.0220077326221,1010.5845036592412,257.04108042697374,152.1397643782951,33.98092730564838,858.4447392809461
van_havre,19,32,M=128,290.1590270996094,164.78880310058594,257.04108042697374,152.1397643782951,33.11794667263564,12.64903872229084
van_havre,19,32,M=2048,290.4244079589844,165.7852325439453,257.04108042697374,152.1397643782951,33.38332753201064,13.645468165650215
van_havre,19,32,M=32,290.5345153808594,174.40676879882812,257.04108042697374,152.1397643782951,33.49343495388564,22.267004420533027
van_havre,19,32,M=512,290.06103515625,165.0114288330078,257.04108042697374,152.1397643782951,33.019954729276265,12.871664454712715
van_havre,19,32,M=8,290.06646728515625,226.01014709472656,257.04108042697374,152.1397643782951,33.025386858182515,73.87038271643146
van_havre,19,32,R=1,290.4045715332031,165.5683135986328,257.04108042697374,152.1397643782951,33.36349110622939,13.428549220337715
van_havre,19,32,R=16,290.1590270996094,164.78880310058594,257.04108042697374,152.1397643782951,33.11794667263564,12.64903872229084
van_havre,19,32,R=256,290.57684326171875,165.9130096435547,257.04108042697374,152.1397643782951,33.535762834745015,13.77324526525959
van_havre,19,32,R=4,290.48431396484375,165.65399169921875,257.04108042697374,152.1397643782951,33.443233537870015,13.514227320923652
van_havre,19,32,R=64,290.41400146484375,165.7230224609375,257.04108042697374,152.1397643782951,33.372921037870015,13.583258082642402
van_havre,19,32,Spline-ETO,333.55517578125,161.51132202148438,257.04108042697374,152.1397643782951,76.51409535427626,9.371557643189277
van_havre,19,32,Spline-QFR,321.585693359375,171.15562438964844,257.04108042697374,152.1397643782951,64.54461293240126,19.01586001135334
van_havre,19,32,lambda=0.1,284.7645263671875,204.1599273681641,257.04108042697374,152.1397643782951,27.723445940213765,52.02016298986899
van_havre,19,32,lambda=0.3,287.1897277832031,168.01039123535156,257.04108042697374,152.1397643782951,30.14864735622939,15.870626857056465
van_havre,19,32,lambda=0.5,290.1590270996094,164.78880310058594,257.04108042697374,152.1397643782951,33.11794667263564,12.64903872229084
van_havre,19,32,lambda=0.7,296.0359191894531,163.79043579101562,257.04108042697374,152.1397643782951,38.99483876247939,11.650671412720527
van_havre,19,32,lambda=0.9,310.7772521972656,162.6286163330078,257.04108042697374,152.1397643782951,53.73617177029189,10.488851954712715
van_havre,19,36,ERM,261.40395968964225,1183.7479514278218,255.81678226263875,142.3718291853386,5.587177427003496,1041.3761222424832
van_havre,19,36,ERM-NN,259.1874678149408,1212.7617600893911,255.81678226263875,142.3718291853386,3.3706855523020636,1070.3899309040526
van_havre,19,36,LightGBM,278.95707084403153,964.1408568872858,255.81678226263875,142.3718291853386,23.14028858139278,821.7690277019473
van_havre,19,36,M=128,273.135009765625,155.51266479492188,255.81678226263875,142.3718291853386,17.318227502986247,13.140835609583263
van_havre,19,36,M=2048,273.03863525390625,154.6741485595703,255.81678226263875,142.3718291853386,17.221852991267497,12.3023193742317
van_havre,19,36,M=32,271.86431884765625,216.9715118408203,255.81678226263875,142.3718291853386,16.047536585017497,74.5996826554817
van_havre,19,36,M=512,273.099365234375,154.62469482421875,255.81678226263875,142.3718291853386,17.282582971736247,12.252865638880138
van_havre,19,36,M=8,270.6116943359375,295.4545593261719,255.81678226263875,142.3718291853386,14.794912073298747,153.08273014083326
van_havre,19,36,R=1,273.01104736328125,155.74217224121094,255.81678226263875,142.3718291853386,17.194265100642497,13.370343055872326
van_havre,19,36,R=16,273.135009765625,155.51266479492188,255.81678226263875,142.3718291853386,17.318227502986247,13.140835609583263
van_havre,19,36,R=256,273.0374450683594,155.93382263183594,255.81678226263875,142.3718291853386,17.22066280572062,13.561993446497326
van_havre,19,36,R=4,273.0832214355469,155.34994506835938,255.81678226263875,142.3718291853386,17.26643917290812,12.978115883020763
van_havre,19,36,R=64,273.2282409667969,154.80714416503906,255.81678226263875,142.3718291853386,17.41145870415812,12.43531497970045
van_havre,19,36,Spline-ETO,371.1170349121094,153.5117950439453,255.81678226263875,142.3718291853386,115.30025264947062,11.1399658586067
van_havre,19,36,Spline-QFR,543.0177001953125,161.9420928955078,255.81678226263875,142.3718291853386,287.20091793267375,19.5702637101692
van_havre,19,36,lambda=0.1,271.5369873046875,586.1710205078125,255.81678226263875,142.3718291853386,15.720205042048747,443.7991913224739
van_havre,19,36,lambda=0.3,272.1831970214844,193.47035217285156,255.81678226263875,142.3718291853386,16.36641475884562,51.09852298751295
van_havre,19,36,lambda=0.5,273.135009765625,155.51266479492188,255.81678226263875,142.3718291853386,17.318227502986247,13.140835609583263
van_havre,19,36,lambda=0.7,274.39068603515625,153.3801727294922,255.81678226263875,142.3718291853386,18.573903772517497,11.008343544153576
van_havre,19,36,lambda=0.9,297.327392578125,153.0513153076172,255.81678226263875,142.3718291853386,41.51061031548625,10.679486122278576
van_havre,19,82,ERM,266.3702094276043,1145.1021090291013,256.20789603506427,177.65735476917803,10.162313392540057,967.4447542599232
van_havre,19,82,ERM-NN,264.3721341333357,1176.8028537987743,256.20789603506427,177.65735476917803,8.164238098271426,999.1454990295963
van_havre,19,82,LightGBM,289.37085228650676,970.0867839693888,256.20789603506427,177.65735476917803,33.162956251442495,792.4294292002107
van_havre,19,82,M=128,283.10400390625,191.50799560546875,256.20789603506427,177.65735476917803,26.896107871185734,13.850640836290722
van_havre,19,82,M=2048,283.07489013671875,191.7061462402344,256.20789603506427,177.65735476917803,26.866994101654484,14.048791471056376
van_havre,19,82,M=32,283.6071472167969,216.69854736328125,256.20789603506427,177.65735476917803,27.39925118173261,39.04119259410322
van_havre,19,82,M=512,283.0877685546875,188.93353271484375,256.20789603506427,177.65735476917803,26.879872519623234,11.276177945665722
van_havre,19,82,M=8,283.27947998046875,252.9923858642578,256.20789603506427,177.65735476917803,27.071583945404484,75.33503109507978
van_havre,19,82,R=1,283.6607666015625,211.28598022460935,256.20789603506427,177.65735476917803,27.452870566498234,33.62862545543132
van_havre,19,82,R=16,283.10400390625,191.50799560546875,256.20789603506427,177.65735476917803,26.896107871185734,13.850640836290722
van_havre,19,82,R=256,283.1883239746094,190.54539489746097,256.20789603506427,177.65735476917803,26.98042793954511,12.888040128282938
van_havre,19,82,R=4,283.0498962402344,191.31854248046875,256.20789603506427,177.65735476917803,26.84200020517011,13.661187711290722
van_havre,19,82,R=64,282.81561279296875,190.44078063964844,256.20789603506427,177.65735476917803,26.607716757904484,12.78342587047041
van_havre,19,82,Spline-ETO,359.3736572265625,187.1766815185547,256.20789603506427,177.65735476917803,103.16576119149823,9.51932674937666
van_havre,19,82,Spline-QFR,360.9779968261719,190.7990875244141,256.20789603506427,177.65735476917803,104.77010079110761,13.141732755236063
van_havre,19,82,lambda=0.1,281.3816833496094,534.8645629882812,256.20789603506427,177.65735476917803,25.17378731454511,357.2072082191032
van_havre,19,82,lambda=0.3,282.3793029785156,214.6593780517578,256.20789603506427,177.65735476917803,26.17140694345136,37.002023282579785
van_havre,19,82,lambda=0.5,283.10400390625,191.50799560546875,256.20789603506427,177.65735476917803,26.896107871185734,13.850640836290722
van_havre,19,82,lambda=0.7,286.0431213378906,193.41111755371097,256.20789603506427,177.65735476917803,29.83522530282636,15.753762784532938
van_havre,19,82,lambda=0.9,310.7212219238281,187.4457550048828,256.20789603506427,177.65735476917803,54.51332588876386,9.788400235704785
van_havre,19,87,ERM,261.5156026019516,1263.3813908331786,257.0879784327883,155.15675617834677,4.427624169163323,1108.2246346548318
van_havre,19,87,ERM-NN,261.7248005450572,1305.0648385991046,257.0879784327883,155.15675617834677,4.636822112268874,1149.9080824207579
van_havre,19,87,LightGBM,276.48858070653824,1025.263256718728,257.0879784327883,155.15675617834677,19.40060227374994,870.1065005403811
van_havre,19,87,M=128,275.34515380859375,179.11459350585938,257.0879784327883,155.15675617834677,18.257175375805446,23.957837327512607
van_havre,19,87,M=2048,275.8183898925781,169.67074584960938,257.0879784327883,155.15675617834677,18.73041145978982,14.513989671262607
van_havre,19,87,M=32,275.1929626464844,196.4475250244141,257.0879784327883,155.15675617834677,18.10498421369607,41.29076884606732
van_havre,19,87,M=512,275.6293029785156,171.99530029296875,257.0879784327883,155.15675617834677,18.54132454572732,16.838544114621982
van_havre,19,87,M=8,275.06842041015625,221.3909454345703,257.0879784327883,155.15675617834677,17.980441977367946,66.23418925622354
van_havre,19,87,R=1,275.4684753417969,175.20562744140625,257.0879784327883,155.15675617834677,18.38049690900857,20.048871263059482
van_havre,19,87,R=16,275.34515380859375,179.11459350585938,257.0879784327883,155.15675617834677,18.257175375805446,23.957837327512607
van_havre,19,87,R=256,275.26104736328125,182.9483184814453,257.0879784327883,155.15675617834677,18.173068930492946,27.791562303098544
van_havre,19,87,R=4,275.4653015136719,175.4898681640625,257.0879784327883,155.15675617834677,18.37732308088357,20.333111985715732
van_havre,19,87,R=64,275.4300537109375,177.0376434326172,257.0879784327883,155.15675617834677,18.342075278149196,21.88088725427042
van_havre,19,87,Spline-ETO,344.9438171386719,164.30657958984375,257.0879784327883,155.15675617834677,87.85583870588357,9.149823411496982
van_havre,19,87,Spline-QFR,324.60601806640625,172.59957885742188,257.0879784327883,155.15675617834677,67.51803963361795,17.442822679075107
van_havre,19,87,lambda=0.1,274.4111022949219,207.04249572753903,257.0879784327883,155.15675617834677,17.32312386213357,51.885739549192266
van_havre,19,87,lambda=0.3,274.6928405761719,193.09271240234375,257.0879784327883,155.15675617834677,17.60486214338357,37.93595622399698
van_havre,19,87,lambda=0.5,275.34515380859375,179.11459350585938,257.0879784327883,155.15675617834677,18.257175375805446,23.957837327512607
van_havre,19,87,lambda=0.7,276.39453125,172.0772247314453,257.0879784327883,155.15675617834677,19.306552817211696,16.920468553098544
van_havre,19,87,lambda=0.9,288.3671569824219,164.92030334472656,257.0879784327883,155.15675617834677,31.27917854963357,9.763547166379794
van_havre,19,95,ERM,263.3681950587842,1156.689459312301,258.2477038714899,177.1724004787455,5.120491187294306,979.5170588335557
van_havre,19,95,ERM-NN,265.8632456313142,1177.530874401436,258.2477038714899,177.1724004787455,7.615541759824339,1000.3584739226906
van_havre,19,95,LightGBM,337.63659816671355,861.4967734262641,258.2477038714899,177.1724004787455,79.38889429522368,684.3243729475187
van_havre,19,95,M=128,301.64892578125,187.49972534179688,258.2477038714899,177.1724004787455,43.401221909760125,10.327324863051388
van_havre,19,95,M=2048,302.20306396484375,186.65090942382812,258.2477038714899,177.1724004787455,43.955360093353875,9.478508945082638
van_havre,19,95,M=32,300.8793029785156,190.8265380859375,258.2477038714899,177.1724004787455,42.63159910702575,13.654137607192013
van_havre,19,95,M=512,301.74713134765625,187.4741668701172,258.2477038714899,177.1724004787455,43.499427476166375,10.3017663913717
van_havre,19,95,M=8,300.466064453125,231.81985473632812,258.2477038714899,177.1724004787455,42.218360581635125,54.64745425758264
van_havre,19,95,R=1,301.36029052734375,188.39537048339844,258.2477038714899,177.1724004787455,43.112586655853875,11.22297000465295
van_havre,19,95,R=16,301.64892578125,187.49972534179688,258.2477038714899,177.1724004787455,43.401221909760125,10.327324863051388
van_havre,19,95,R=256,301.5331115722656,187.846923828125,258.2477038714899,177.1724004787455,43.28540770077575,10.674523349379513
van_havre,19,95,R=4,301.5485534667969,187.8859100341797,258.2477038714899,177.1724004787455,43.300849595307,10.7135095554342
van_havre,19,95,R=64,301.5569152832031,187.5791015625,258.2477038714899,177.1724004787455,43.30921141171325,10.406701083754513
van_havre,19,95,Spline-ETO,389.6396179199219,185.0660858154297,258.2477038714899,177.1724004787455,131.391914048432,7.8936853366842
van_havre,19,95,Spline-QFR,368.50091552734375,186.66261291503903,258.2477038714899,177.1724004787455,110.25321165585387,9.490212436293547
van_havre,19,95,lambda=0.1,300.63140869140625,240.33892822265625,258.2477038714899,177.1724004787455,42.383704819916375,63.16652774391076
van_havre,19,95,lambda=0.3,300.9249572753906,194.9627990722656,258.2477038714899,177.1724004787455,42.67725340390075,17.79039859352011
van_havre,19,95,lambda=0.5,301.64892578125,187.49972534179688,258.2477038714899,177.1724004787455,43.401221909760125,10.327324863051388
van_havre,19,95,lambda=0.7,302.5957336425781,186.87779235839844,258.2477038714899,177.1724004787455,44.34802977108825,9.70539187965295
van_havre,19,95,lambda=0.9,314.51568603515625,184.97732543945312,258.2477038714899,177.1724004787455,56.267982163666375,7.804924960707638
van_havre,24,4,ERM,261.0987497300629,1391.587337166222,252.99589564334784,142.7318558381397,8.102854086715041,1248.8554813280823
van_havre,24,4,ERM-NN,259.3651823333246,1395.9334222007467,252.99589564334784,142.7318558381397,6.369286689976747,1253.201566362607
van_havre,24,4,LightGBM,270.2190494526925,1193.3591116347295,252.99589564334784,142.7318558381397,17.223153809344666,1050.62725579659
van_havre,24,4,M=128,273.95526123046875,157.57833862304688,252.99589564334784,142.7318558381397,20.959365587120914,14.846482784907181
van_havre,24,4,M=2048,274.1244201660156,156.66932678222656,252.99589564334784,142.7318558381397,21.12852452266779,13.937470944086868
van_havre,24,4,M=32,273.4518737792969,209.4618377685547,252.99589564334784,142.7318558381397,20.45597813594904,66.729981930415
van_havre,24,4,M=512,274.0375061035156,156.9290008544922,252.99589564334784,142.7318558381397,21.04161046016779,14.197145016352493
van_havre,24,4,M=8,273.4944763183594,253.39520263671875,252.99589564334784,142.7318558381397,20.49858067501154,110.66334679857906
van_havre,24,4,R=1,273.9786682128906,157.3851776123047,252.99589564334784,142.7318558381397,20.98277256954279,14.653321774164993
van_havre,24,4,R=16,273.95526123046875,157.57833862304688,252.99589564334784,142.7318558381397,20.959365587120914,14.846482784907181
van_havre,24,4,R=256,273.9516906738281,157.5309600830078,252.99589564334784,142.7318558381397,20.95579503048029,14.799104244868118
van_havre,24,4,R=4,273.95550537109375,157.38739013671875,252.99589564334784,142.7318558381397,20.959609727745914,14.655534298579056
van_havre,24,4,R=64,273.950927734375,157.31198120117188,252.99589564334784,142.7318558381397,20.955032091027164,14.580125363032181
van_havre,24,4,Spline-ETO,295.0353088378906,152.60198974609375,252.99589564334784,142.7318558381397,42.03941319454279,9.870133907954056
van_havre,24,4,Spline-QFR,288.5341491699219,173.25778198242188,252.99589564334784,142.7318558381397,35.53825352657404,30.52592614428218
van_havre,24,4,lambda=0.1,273.2720642089844,190.77377319335935,252.99589564334784,142.7318558381397,20.27616856563654,48.04191735521965
van_havre,24,4,lambda=0.3,273.5869140625,163.62088012695312,252.99589564334784,142.7318558381397,20.591018419152164,20.88902428881343
van_havre,24,4,lambda=0.5,273.95526123046875,157.57833862304688,252.99589564334784,142.7318558381397,20.959365587120914,14.846482784907181
van_havre,24,4,lambda=0.7,274.6515808105469,154.7968292236328,252.99589564334784,142.7318558381397,21.65568516719904,12.064973385493118
van_havre,24,4,lambda=0.9,284.542724609375,153.23516845703125,252.99589564334784,142.7318558381397,31.546828966027164,10.503312618891556
van_havre,24,14,ERM,265.2684517259506,1258.4195931298343,259.6952108505742,159.48486559967176,5.5732408753764275,1098.9347275301625
van_havre,24,14,ERM-NN,270.07334074655205,1267.251199332202,259.6952108505742,159.48486559967176,10.37812989597785,1107.7663337325303
van_havre,24,14,LightGBM,331.53551273533384,957.4764920617648,259.6952108505742,159.48486559967176,71.84030188475964,797.9916264620931
van_havre,24,14,M=128,325.15704345703125,171.64183044433594,259.6952108505742,159.48486559967176,65.46183260645705,12.156964844664174
van_havre,24,14,M=2048,325.7400207519531,169.88233947753906,259.6952108505742,159.48486559967176,66.04480990137893,10.397473877867299
van_havre,24,14,M=32,325.75164794921875,187.41165161132812,259.6952108505742,159.48486559967176,66.05643709864455,27.92678601165636
van_havre,24,14,M=512,325.5093994140625,170.47657775878906,259.6952108505742,159.48486559967176,65.8141885634883,10.991712159117299
van_havre,24,14,M=8,325.3687744140625,228.72071838378903,259.6952108505742,159.48486559967176,65.6735635634883,69.23585278411727
van_havre,24,14,R=1,323.7627868652344,173.49301147460938,259.6952108505742,159.48486559967176,64.06757601466018,14.008145874937611
van_havre,24,14,R=16,325.15704345703125,171.64183044433594,259.6952108505742,159.48486559967176,65.46183260645705,12.156964844664174
van_havre,24,14,R=256,325.21771240234375,173.13975524902344,259.6952108505742,159.48486559967176,65.52250155176955,13.654889649351674
van_havre,24,14,R=4,325.0473327636719,172.9214324951172,259.6952108505742,159.48486559967176,65.35212191309768,13.436566895445424
van_havre,24,14,R=64,325.1083679199219,173.00172424316406,259.6952108505742,159.48486559967176,65.41315706934768,13.516858643492299
van_havre,24,14,Spline-ETO,389.7554931640625,168.36952209472656,259.6952108505742,159.48486559967176,130.0602823134883,8.884656495054799
van_havre,24,14,Spline-QFR,385.21533203125,169.65036010742188,259.6952108505742,159.48486559967176,125.5201211806758,10.165494507750111
van_havre,24,14,lambda=0.1,310.2829895019531,203.21717834472656,259.6952108505742,159.48486559967176,50.587778651378926,43.7323127450548
van_havre,24,14,lambda=0.3,318.6878662109375,179.7293701171875,259.6952108505742,159.48486559967176,58.9926553603633,20.244504517515736
van_havre,24,14,lambda=0.5,325.15704345703125,171.64183044433594,259.6952108505742,159.48486559967176,65.46183260645705,12.156964844664174
van_havre,24,14,lambda=0.7,341.0641174316406,170.01559448242188,259.6952108505742,159.48486559967176,81.36890658106643,10.530728882750111
van_havre,24,14,lambda=0.9,374.576416015625,168.61228942871094,259.6952108505742,159.48486559967176,114.8812051650508,9.127423829039174
van_havre,24,15,ERM,262.9287662806223,1502.8187628630667,259.8237613509973,154.17173190790854,3.105004929625011,1348.6470309551582
van_havre,24,15,ERM-NN,267.42572770434396,1542.329168965392,259.8237613509973,154.17173190790854,7.601966353346654,1388.1574370574835
van_havre,24,15,LightGBM,337.61285220292444,1137.3704169510738,259.8237613509973,154.17173190790854,77.78909085192714,983.1986850431653
van_havre,24,15,M=128,314.5096130371094,167.7898406982422,259.8237613509973,154.17173190790854,54.68585168611207,13.61810879033365
van_havre,24,15,M=2048,313.8777770996094,166.67308044433594,259.8237613509973,154.17173190790854,54.05401574861207,12.5013485364274
van_havre,24,15,M=32,311.8226318359375,174.6086883544922,259.8237613509973,154.17173190790854,51.9988704849402,20.43695644658365
van_havre,24,15,M=512,314.8336181640625,166.86256408691406,259.8237613509973,154.17173190790854,55.0098568130652,12.690832179005525
van_havre,24,15,M=8,307.4986877441406,216.9000701904297,259.8237613509973,154.17173190790854,47.67492639314332,62.72833828252115
van_havre,24,15,R=1,317.1802673339844,167.0242156982422,259.8237613509973,154.17173190790854,57.35650598298707,12.85248379033365
van_havre,24,15,R=16,314.5096130371094,167.7898406982422,259.8237613509973,154.17173190790854,54.68585168611207,13.61810879033365
van_havre,24,15,R=256,317.39703369140625,166.8550262451172,259.8237613509973,154.17173190790854,57.57327234040895,12.68329433720865
van_havre,24,15,R=4,313.9024353027344,168.7451629638672,259.8237613509973,154.17173190790854,54.07867395173707,14.57343105595865
van_havre,24,15,R=64,314.42474365234375,167.98712158203125,259.8237613509973,154.17173190790854,54.60098230134645,13.815389674122713
van_havre,24,15,Spline-ETO,440.07080078125,166.1602020263672,259.8237613509973,154.17173190790854,180.2470394302527,11.98847011845865
van_havre,24,15,Spline-QFR,434.5617370605469,170.3028564453125,259.8237613509973,154.17173190790854,174.73797570954957,16.131124537403963
van_havre,24,15,lambda=0.1,304.0721435546875,207.7507476806641,259.8237613509973,154.17173190790854,44.2483822036902,53.579015772755554
van_havre,24,15,lambda=0.3,306.6618347167969,174.41500854492188,259.8237613509973,154.17173190790854,46.83807336579957,20.243276637013338
van_havre,24,15,lambda=0.5,314.5096130371094,167.7898406982422,259.8237613509973,154.17173190790854,54.68585168611207,13.61810879033365
van_havre,24,15,lambda=0.7,335.7119140625,166.58261108398438,259.8237613509973,154.17173190790854,75.8881527115027,12.410879176075838
van_havre,24,15,lambda=0.9,383.3762817382813,166.16993713378906,259.8237613509973,154.17173190790854,123.552520387284,11.998205225880525
van_havre,24,18,ERM,262.8911015459504,1196.3062315650543,258.38408246744143,146.27357309073363,4.507019078508961,1050.0326584743207
van_havre,24,18,ERM-NN,267.04026698085215,1246.626725194042,258.38408246744143,146.27357309073363,8.656184513410722,1100.3531521033083
van_havre,24,18,LightGBM,312.0691348423407,971.5371669459862,258.38408246744143,146.27357309073363,53.68505237489927,825.2635938552526
van_havre,24,18,M=128,292.1644287109375,155.74758911132812,258.38408246744143,146.27357309073363,33.78034624349607,9.47401602059449
van_havre,24,18,M=2048,292.1282958984375,155.44619750976562,258.38408246744143,146.27357309073363,33.74421343099607,9.17262441903199
van_havre,24,18,M=32,291.7290344238281,163.0998992919922,258.38408246744143,146.27357309073363,33.344951956386694,16.826326201258553
van_havre,24,18,M=512,292.15093994140625,155.4720458984375,258.38408246744143,146.27357309073363,33.76685747396482,9.198472807703865
van_havre,24,18,M=8,291.5296630859375,222.6466064453125,258.38408246744143,146.27357309073363,33.14558061849607,76.37303335457887
van_havre,24,18,R=1,292.16546630859375,155.71556091308594,258.38408246744143,146.27357309073363,33.78138384115232,9.441987822352303
van_havre,24,18,R=16,292.1644287109375,155.74758911132812,258.38408246744143,146.27357309073363,33.78034624349607,9.47401602059449
van_havre,24,18,R=256,292.1626281738281,155.8111572265625,258.38408246744143,146.27357309073363,33.778545706386694,9.537584135828865
van_havre,24,18,R=4,292.2099304199219,155.72250366210938,258.38408246744143,146.27357309073363,33.825847952480444,9.44893057137574
van_havre,24,18,R=64,292.197998046875,155.7559356689453,258.38408246744143,146.27357309073363,33.81391557943357,9.482362578211678
van_havre,24,18,Spline-ETO,296.3145751953125,154.02334594726562,258.38408246744143,146.27357309073363,37.93049272787107,7.74977285653199
van_havre,24,18,Spline-QFR,295.9248352050781,156.3246612548828,258.38408246744143,146.27357309073363,37.540752737636694,10.051088164149178
van_havre,24,18,lambda=0.1,291.1172790527344,161.2217559814453,258.38408246744143,146.27357309073363,32.733196585292944,14.948182890711678
van_havre,24,18,lambda=0.3,291.6061096191406,156.6827850341797,258.38408246744143,146.27357309073363,33.222027151699194,10.409211943446053
van_havre,24,18,lambda=0.5,292.1644287109375,155.74758911132812,258.38408246744143,146.27357309073363,33.78034624349607,9.47401602059449
van_havre,24,18,lambda=0.7,293.0474548339844,154.9870147705078,258.38408246744143,146.27357309073363,34.663372366542944,8.713441679774178
van_havre,24,18,lambda=0.9,294.5948181152344,154.57203674316406,258.38408246744143,146.27357309073363,36.210735647792944,8.298463652430428
van_havre,24,29,ERM,284.3081638409761,1215.0885821417476,258.98734898622314,147.4988438210497,25.32081485475294,1067.589738320698
van_havre,24,29,ERM-NN,268.9976113150844,1235.3035260519937,258.98734898622314,147.4988438210497,10.010262328861245,1087.804682230944
van_havre,24,29,LightGBM,321.17931016729983,1011.645448879133,258.98734898622314,147.4988438210497,62.19196118107669,864.1466050580833
van_havre,24,29,M=128,304.2437438964844,167.078125,258.98734898622314,147.4988438210497,45.256394910261236,19.57928117895031
van_havre,24,29,M=2048,304.2439880371094,165.88763427734375,258.98734898622314,147.4988438210497,45.256639050886236,18.38879045629406
van_havre,24,29,M=32,303.9302062988281,175.06663513183594,258.98734898622314,147.4988438210497,44.942857312604986,27.567791310786248
van_havre,24,29,M=512,304.34393310546875,165.9398651123047,258.98734898622314,147.4988438210497,45.35658411924561,18.441021291254998
van_havre,24,29,M=8,302.56072998046875,247.45477294921875,258.98734898622314,147.4988438210497,43.57338099424561,99.95592912816906
van_havre,24,29,R=1,304.2948303222656,167.3448486328125,258.98734898622314,147.4988438210497,45.307481336042486,19.84600481176281
van_havre,24,29,R=16,304.2437438964844,167.078125,258.98734898622314,147.4988438210497,45.256394910261236,19.57928117895031
van_havre,24,29,R=256,304.2611083984375,166.9984588623047,258.98734898622314,147.4988438210497,45.27375941221436,19.499615041254998
van_havre,24,29,R=4,304.3154602050781,166.68116760253906,258.98734898622314,147.4988438210497,45.328111218854986,19.182323781489373
van_havre,24,29,R=64,304.2673034667969,166.90472412109375,258.98734898622314,147.4988438210497,45.279954480573736,19.40588030004406
van_havre,24,29,Spline-ETO,407.945556640625,158.34317016601562,258.98734898622314,147.4988438210497,148.95820765440186,10.844326344965936
van_havre,24,29,Spline-QFR,370.2711181640625,170.3758087158203,258.98734898622314,147.4988438210497,111.28376917783936,22.876964894770623
van_havre,24,29,lambda=0.1,302.0845642089844,188.829833984375,258.98734898622314,147.4988438210497,43.097215222761236,41.33099016332531
van_havre,24,29,lambda=0.3,302.9257507324219,174.80099487304688,258.98734898622314,147.4988438210497,43.938401746198736,27.302151051997186
van_havre,24,29,lambda=0.5,304.2437438964844,167.078125,258.98734898622314,147.4988438210497,45.256394910261236,19.57928117895031
van_havre,24,29,lambda=0.7,306.768798828125,164.39662170410156,258.98734898622314,147.4988438210497,47.78144984190186,16.897777883051873
van_havre,24,29,lambda=0.9,314.4352111816406,160.9263153076172,258.98734898622314,147.4988438210497,55.447862195417486,13.427471486567498
van_havre,24,32,ERM,273.85131332961475,1137.308524538311,253.76196255831735,150.87516920882604,20.089350771297404,986.433355329485
van_havre,24,32,ERM-NN,261.8489300134783,1174.3224837452751,253.76196255831735,150.87516920882604,8.08696745516096,1023.4473145364491
van_havre,24,32,LightGBM,294.14357561906127,894.1863125226321,253.76196255831735,150.87516920882604,40.381613060743916,743.311143313806
van_havre,24,32,M=128,293.9270935058594,166.75360107421875,253.76196255831735,150.87516920882604,40.165130947542025,15.878431865392713
van_havre,24,32,M=2048,294.0740661621094,167.93576049804688,253.76196255831735,150.87516920882604,40.312103603792025,17.060591289220838
van_havre,24,32,M=32,281.6783447265625,346.02081298828125,253.76196255831735,150.87516920882604,27.91638216824515,195.1456437794552
van_havre,24,32,M=512,294.0027160644531,167.8009490966797,253.76196255831735,150.87516920882604,40.240753506135775,16.92577988785365
van_havre,24,32,M=8,280.654296875,320.802001953125,253.76196255831735,150.87516920882604,26.89233431668265,169.92683274429896
van_havre,24,32,R=1,293.7807922363281,167.1687774658203,253.76196255831735,150.87516920882604,40.018829678010775,16.293608256994276
van_havre,24,32,R=16,293.9270935058594,166.75360107421875,253.76196255831735,150.87516920882604,40.165130947542025,15.878431865392713
van_havre,24,32,R=256,293.6547546386719,167.07177734375,253.76196255831735,150.87516920882604,39.892792080354525,16.196608134923963
van_havre,24,32,R=4,293.84234619140625,166.84275817871094,253.76196255831735,150.87516920882604,40.0803836330889,15.9675889698849
van_havre,24,32,R=64,293.83355712890625,167.2432861328125,253.76196255831735,150.87516920882604,40.0715945705889,16.368116923986463
van_havre,24,32,Spline-ETO,362.00152587890625,163.88223266601562,253.76196255831735,150.87516920882604,108.2395633205889,13.007063457189588
van_havre,24,32,Spline-QFR,330.57464599609375,170.76185607910156,253.76196255831735,150.87516920882604,76.8126834377764,19.886686870275526
van_havre,24,32,lambda=0.1,287.4114685058594,196.0328063964844,253.76196255831735,150.87516920882604,33.649505947542025,45.157637187658366
van_havre,24,32,lambda=0.3,290.7375793457031,177.43984985351562,253.76196255831735,150.87516920882604,36.975616787385775,26.564680644689588
van_havre,24,32,lambda=0.5,293.9270935058594,166.75360107421875,253.76196255831735,150.87516920882604,40.165130947542025,15.878431865392713
van_havre,24,32,lambda=0.7,297.5864562988281,164.6085662841797,253.76196255831735,150.87516920882604,43.824493740510775,13.73339707535365
van_havre,24,32,lambda=0.9,315.3803405761719,163.92552185058594,253.76196255831735,150.87516920882604,61.618378017854525,13.0503526417599
van_havre,24,36,ERM,263.0161151192561,1204.3435200683823,256.69731057137506,143.70306768648376,6.3188045478810295,1060.6404523818985
van_havre,24,36,ERM-NN,262.54118426449156,1210.4468194806789,256.69731057137506,143.70306768648376,5.843873693116507,1066.743751794195
van_havre,24,36,LightGBM,275.8123844707851,996.6965360105046,256.69731057137506,143.70306768648376,19.11507389941005,852.9934683240208
van_havre,24,36,M=128,295.3609619140625,156.33396911621094,256.69731057137506,143.70306768648376,38.663651342687444,12.630901429727174
van_havre,24,36,M=2048,294.6599426269531,155.70762634277344,256.69731057137506,143.70306768648376,37.96263205557807,12.004558656289674
van_havre,24,36,M=32,291.4179382324219,187.582275390625,256.69731057137506,143.70306768648376,34.72062766104682,43.87920770414124
van_havre,24,36,M=512,294.5596618652344,156.1031036376953,256.69731057137506,143.70306768648376,37.86235129385932,12.40003595121155
van_havre,24,36,M=8,285.7837219238281,241.5379943847656,256.69731057137506,143.70306768648376,29.08641135245307,97.83492669828183
van_havre,24,36,R=1,294.9388427734375,157.2416534423828,256.69731057137506,143.70306768648376,38.241532202062444,13.53858575589905
van_havre,24,36,R=16,295.3609619140625,156.33396911621094,256.69731057137506,143.70306768648376,38.663651342687444,12.630901429727174
van_havre,24,36,R=256,295.51678466796875,158.24380493164062,256.69731057137506,143.70306768648376,38.819474096593694,14.540737245156862
van_havre,24,36,R=4,295.3883361816406,157.06842041015625,256.69731057137506,143.70306768648376,38.69102561026557,13.365352723672487
van_havre,24,36,R=64,295.13018798828125,155.99659729003906,256.69731057137506,143.70306768648376,38.432877416906194,12.2935296035553
van_havre,24,36,Spline-ETO,416.9625854492187,154.02560424804688,256.69731057137506,143.70306768648376,160.26527487784364,10.322536561563112
van_havre,24,36,Spline-QFR,430.7866516113281,155.1084442138672,256.69731057137506,143.70306768648376,174.08934103995307,11.405376527383424
van_havre,24,36,lambda=0.1,285.22125244140625,274.8568420410156,256.69731057137506,143.70306768648376,28.523941870031194,131.15377435453186
van_havre,24,36,lambda=0.3,289.7851257324219,195.8955841064453,256.69731057137506,143.70306768648376,33.08781516104682,52.19251641996155
van_havre,24,36,lambda=0.5,295.3609619140625,156.33396911621094,256.69731057137506,143.70306768648376,38.663651342687444,12.630901429727174
van_havre,24,36,lambda=0.7,303.077880859375,156.4031219482422,256.69731057137506,143.70306768648376,46.380570287999944,12.700054261758424
van_havre,24,36,lambda=0.9,317.20172119140625,154.47091674804688,256.69731057137506,143.70306768648376,60.504410620031194,10.767849061563112
van_havre,24,82,ERM,265.36458596345784,1146.630559293565,260.9542808323712,182.337536668123,4.410305131086659,964.2930226254421
van_havre,24,82,ERM-NN,270.889702678683,1182.0981105867538,260.9542808323712,182.337536668123,9.93542184631184,999.7605739186308
van_havre,24,82,LightGBM,307.32061937444115,975.1484866883384,260.9542808323712,182.337536668123,46.36633854206997,792.8109500202154
van_havre,24,82,M=128,296.24652099609375,194.09266662597656,260.9542808323712,182.337536668123,35.29224016372257,11.755129957853569
van_havre,24,82,M=2048,296.6613464355469,193.21080017089844,260.9542808323712,182.337536668123,35.70706560317569,10.873263502775444
van_havre,24,82,M=32,296.8369140625,206.01931762695312,260.9542808323712,182.337536668123,35.88263323012882,23.68178095883013
van_havre,24,82,M=512,296.436767578125,193.4646453857422,260.9542808323712,182.337536668123,35.48248674575382,11.127108717619194
van_havre,24,82,M=8,295.4744567871094,252.20260620117188,260.9542808323712,182.337536668123,34.52017595473819,69.86506953304888
van_havre,24,82,R=1,296.8445129394531,194.9517059326172,260.9542808323712,182.337536668123,35.89023210708194,12.614169264494194
van_havre,24,82,R=16,296.24652099609375,194.09266662597656,260.9542808323712,182.337536668123,35.29224016372257,11.755129957853569
van_havre,24,82,R=256,296.09466552734375,194.18421936035156,260.9542808323712,182.337536668123,35.14038469497257,11.846682692228569
van_havre,24,82,R=4,296.1184997558594,195.1986541748047,260.9542808323712,182.337536668123,35.16421892348819,12.861117506681694
van_havre,24,82,R=64,296.1556396484375,194.22555541992188,260.9542808323712,182.337536668123,35.20135881606632,11.888018751798882
van_havre,24,82,Spline-ETO,410.9181518554687,191.8894805908203,260.9542808323712,182.337536668123,149.9638710230975,9.551943922697319
van_havre,24,82,Spline-QFR,436.3941955566406,195.7959747314453,260.9542808323712,182.337536668123,175.43991472426944,13.458438063322319
van_havre,24,82,lambda=0.1,294.926513671875,240.8151397705078,260.9542808323712,182.337536668123,33.97223283950382,58.47760310238482
van_havre,24,82,lambda=0.3,296.0772399902344,200.65135192871097,260.9542808323712,182.337536668123,35.12295915786319,18.313815260587972
van_havre,24,82,lambda=0.5,296.24652099609375,194.09266662597656,260.9542808323712,182.337536668123,35.29224016372257,11.755129957853569
van_havre,24,82,lambda=0.7,297.3684997558594,193.7944793701172,260.9542808323712,182.337536668123,36.41421892348819,11.456942701994194
van_havre,24,82,lambda=0.9,301.0364685058594,192.74966430664065,260.9542808323712,182.337536668123,40.08218767348819,10.41212763851766
van_havre,24,87,ERM,262.7246238970282,1247.376412836062,255.20073970259597,156.84984572964444,7.523884194432242,1090.5265671064176
van_havre,24,87,ERM-NN,264.46651242536456,1275.6589328814914,255.20073970259597,156.84984572964444,9.265772722768588,1118.809087151847
van_havre,24,87,LightGBM,333.8310729968397,972.9178323138816,255.20073970259597,156.84984572964444,78.63033329424371,816.0679865842371
van_havre,24,87,M=128,304.3518371582031,176.25794982910156,255.20073970259597,156.84984572964444,49.15109745560716,19.40810409945712
van_havre,24,87,M=2048,304.19171142578125,176.7873077392578,255.20073970259597,156.84984572964444,48.99097172318528,19.93746200961337
van_havre,24,87,M=32,304.446044921875,186.47802734375,255.20073970259597,156.84984572964444,49.24530521927903,29.628181614105557
van_havre,24,87,M=512,304.2395935058594,175.6274871826172,255.20073970259597,156.84984572964444,49.03885380326341,18.777641452972745
van_havre,24,87,M=8,306.818603515625,232.9678955078125,255.20073970259597,156.84984572964444,51.61786381302903,76.11804977816806
van_havre,24,87,R=1,304.20806884765625,176.01425170898438,255.20073970259597,156.84984572964444,49.00732914506028,19.164405979339932
van_havre,24,87,R=16,304.3518371582031,176.25794982910156,255.20073970259597,156.84984572964444,49.15109745560716,19.40810409945712
van_havre,24,87,R=256,304.4931640625,178.9154052734375,255.20073970259597,156.84984572964444,49.29242435990403,22.065559543793057
van_havre,24,87,R=4,303.9974670410156,176.64427185058594,255.20073970259597,156.84984572964444,48.79672733841966,19.794426120941495
van_havre,24,87,R=64,304.6934509277344,176.1116485595703,255.20073970259597,156.84984572964444,49.49271122513841,19.26180282992587
van_havre,24,87,Spline-ETO,419.6610107421875,171.5925750732422,255.20073970259597,156.84984572964444,164.46027103959153,14.742729343597745
van_havre,24,87,Spline-QFR,534.5726318359375,184.6631317138672,255.20073970259597,156.84984572964444,279.37189213334153,27.813285984222745
van_havre,24,87,lambda=0.1,297.0774841308594,272.01336669921875,255.20073970259597,156.84984572964444,41.87674442826341,115.16352096957431
van_havre,24,87,lambda=0.3,299.1148376464844,193.22129821777344,255.20073970259597,156.84984572964444,43.91409794388841,36.371452488128995
van_havre,24,87,lambda=0.5,304.3518371582031,176.25794982910156,255.20073970259597,156.84984572964444,49.15109745560716,19.40810409945712
van_havre,24,87,lambda=0.7,319.2198181152344,173.89768981933594,255.20073970259597,156.84984572964444,64.01907841263841,17.047844089691495
van_havre,24,87,lambda=0.9,346.7523193359375,172.70635986328125,255.20073970259597,156.84984572964444,91.55157963334153,15.856514133636807
van_havre,24,95,ERM,271.7606664707969,1132.4328843535986,258.3305684501031,177.28357028798473,13.430098020693777,955.1493140656139
van_havre,24,95,ERM-NN,268.22454030311405,1179.9107636448978,258.3305684501031,177.28357028798473,9.893971853010953,1002.627193356913
van_havre,24,95,LightGBM,323.0470601601597,883.9060023321647,258.3305684501031,177.28357028798473,64.71649171005657,706.62243204418
van_havre,24,95,M=128,301.2226867675781,191.1608734130859,258.3305684501031,177.28357028798473,42.892118317475024,13.877303125101179
van_havre,24,95,M=2048,301.5513000488281,190.75001525878903,258.3305684501031,177.28357028798473,43.220731598725024,13.466444970804304
van_havre,24,95,M=32,300.781005859375,196.74395751953125,258.3305684501031,177.28357028798473,42.4504374092719,19.46038723154652
van_havre,24,95,M=512,301.2244567871094,191.20399475097656,258.3305684501031,177.28357028798473,42.893888337006274,13.920424462991832
van_havre,24,95,M=8,300.2505798339844,233.74456787109375,258.3305684501031,177.28357028798473,41.920011383881274,56.46099758310902
van_havre,24,95,R=1,301.2046813964844,190.9679718017578,258.3305684501031,177.28357028798473,42.874112946381274,13.684401513773082
van_havre,24,95,R=16,301.2226867675781,191.1608734130859,258.3305684501031,177.28357028798473,42.892118317475024,13.877303125101179
van_havre,24,95,R=256,301.2481384277344,191.2532196044922,258.3305684501031,177.28357028798473,42.917569977631274,13.969649316507457
van_havre,24,95,R=4,301.2313232421875,191.02037048339844,258.3305684501031,177.28357028798473,42.9007547920844,13.736800195413707
van_havre,24,95,R=64,301.2254333496094,191.0667266845703,258.3305684501031,177.28357028798473,42.894864899506274,13.783156396585582
van_havre,24,95,Spline-ETO,350.6798400878906,190.53488159179688,258.3305684501031,177.28357028798473,92.34927163778752,13.251311303812145
van_havre,24,95,Spline-QFR,357.8604736328125,194.00152587890625,258.3305684501031,177.28357028798473,99.5299051827094,16.71795559092152
van_havre,24,95,lambda=0.1,297.3778381347656,254.9888916015625,258.3305684501031,177.28357028798473,39.047269684662524,77.70532131357777
van_havre,24,95,lambda=0.3,298.92889404296875,193.5207977294922,258.3305684501031,177.28357028798473,40.59832559286565,16.237227441507457
van_havre,24,95,lambda=0.5,301.2226867675781,191.1608734130859,258.3305684501031,177.28357028798473,42.892118317475024,13.877303125101179
van_havre,24,95,lambda=0.7,308.1734619140625,190.4457550048828,258.3305684501031,177.28357028798473,49.8428934639594,13.162184716898082
van_havre,24,95,lambda=0.9,326.551513671875,190.6306304931641,258.3305684501031,177.28357028798473,68.2209452217719,13.34706020517936
